z,H,dH_dz,S_rel,dlnS_dlna,Omega_m,Omega_r,Omega_geom,Delta_H,w_geom,H_p16,H_p50,H_p84,dH_dz_p16,dH_dz_p50,dH_dz_p84,S_rel_p16,S_rel_p50,S_rel_p84,dlnS_dlna_p16,dlnS_dlna_p50,dlnS_dlna_p84,Omega_m_p16,Omega_m_p50,Omega_m_p84,Omega_geom_p16,Omega_geom_p50,Omega_geom_p84,Delta_H_p16,Delta_H_p50,Delta_H_p84,w_geom_p16,w_geom_p50,w_geom_p84,reconstruction,H0_anchor_sigma
0.0,67.36,13.397001637105502,1.0,0.39777320775253866,0.3153,9.22e-05,0.6846078,-0.5484955922474614,-1.2670607376697829,66.84268169526672,67.33457478792057,67.88295027254823,-873.3351850152977,77.05650616711151,933.2931542147217,0.9846519356350832,1.0007553339326276,1.01553857934388,-25.955955487914775,2.283089717608762,27.853098794674246,0.3104607553057418,0.31553815678895747,0.32019931406712543,0.679707053275859,0.6843695735692539,0.6894484597857926,-26.895257683885443,1.3407967872118218,26.905801814805894,-14.106179083076377,-0.34843147314379624,12.077788980194104,spline_planck_anchor,0.54
0.008972602739726028,67.48168483725783,13.891461396732298,0.9963967964101101,0.41540468336323694,0.3226966184718045,9.520959954522365e-05,0.6772081719286502,-0.5530660104503573,-1.2722284586314903,59.59498968295213,67.95790294297444,75.48434602123668,-842.4153550160645,76.38698902625774,897.9366867236554,0.7963250737290992,0.9824811705548859,1.277569921562289,-28.521888382974257,2.270208110670226,23.986040453984174,0.2579006771424052,0.3181898542754738,0.4137583491183292,0.5861195740935266,0.6817162658172982,0.7420232308913713,-29.762277462227292,1.3135043525787422,23.214881092318787,-17.927889731378492,-0.35681196899688183,9.424471021323066,spline_planck_anchor,0.54
0.017945205479452057,67.61224285650353,15.374840675612692,0.9925524632468695,0.46295595855226024,0.3301038927706411,9.826118500139899e-05,0.6697978460443574,-0.5277487644996687,-1.2626408189756597,52.478427593033906,68.60765109154599,83.2300847286708,-752.5566079626615,76.32469107922842,795.2296069644202,0.6550034039848587,0.9639601253670189,1.6475688498156413,-29.409423207661444,2.256274086631861,19.503925677110523,0.21784155643130398,0.32059463015022827,0.5479497669600957,0.4518871262283765,0.6793099392627548,0.7820935992274257,-31.077766481819218,1.3014078510872786,18.841702964579934,-17.057934753127302,0.21378334267437538,7.245769017498761,spline_planck_anchor,0.54
0.026917808219178087,67.76054723972483,17.84713947374668,0.9882125102189602,0.5409503346105604,0.337428198973802,0.00010132672580172623,0.6624704743003963,-0.4717395692140525,-1.237363820987511,46.195096279807565,69.21956804694061,89.64231319381075,-597.4168161899241,65.4153736019048,626.777080277675,0.5646483290824744,0.9469922187626445,2.1262413921306798,-26.584521619993986,1.9380866427271937,14.427823222395814,0.19280090746235368,0.3233534037617904,0.726011658536115,0.2737703265366291,0.6765494960498446,0.8071411961177734,-28.772280072986575,0.9704582679525198,13.862109560399801,-12.675853451439231,0.42633702593981004,4.95705504954533,spline_planck_anchor,0.54
0.03589041095890411,67.9354711689096,21.308357791134263,0.983130055797171,0.6498261697261656,0.34456914307042164,0.00010437515802851137,0.6553264817715498,-0.38429876011721337,-1.195474454747266,41.506279376474225,69.64115971175048,94.22567441066744,-384.5946514440246,53.11750310056732,397.8795804123252,0.5110526610501464,0.9355611834084294,2.6337622273518693,-19.044823631027153,1.5030936768620542,8.925551102773163,0.17911463131815514,0.32789712139926597,0.9230855962327603,0.07663478730442437,0.6720035536479592,0.8208311121753497,-21.91660932762068,0.5903762536176119,8.406752697960764,-7.876510530782214,0.07906253544833142,2.677872363331691,spline_planck_anchor,0.54
0.04486301369863014,68.14588782604568,25.758495627775442,0.9770681327379923,0.7898965067028958,0.3514203348665636,0.00010737253205546907,0.6484722926013808,-0.2647939880250168,-1.1361116946430005,39.514483165737495,70.21830949291179,96.54891353471413,-148.01119572816333,21.21146794111928,182.55399538556105,0.48675458834414553,0.9202449054355927,2.905973150380322,-6.329310302754879,0.6213215574384838,4.591150627695226,0.1750701457782634,0.3309828270841223,1.0451861271518332,-0.04550547202123065,0.6689160448345322,0.8248763635071293,-9.010747412579816,-0.48821463349276584,3.8080689826650165,-3.6845590740564256,-0.7549644868541137,0.8588800358875921,spline_planck_anchor,0.54
0.053835616438356174,68.40067039312089,31.197552983670217,0.9698028152171498,0.9613090717081877,0.3578706055614877,0.00011028230909613946,0.6420191121294161,-0.11274387421265991,-1.0585360944778923,39.87344733433657,70.27519428258785,95.61909416474614,-296.1652756801277,0.927402619386444,362.552035365594,0.49626648502927245,0.9187561153183099,2.853893841101063,-7.2875720230868195,0.02559763937917429,16.576111603095896,0.1831291729933061,0.33903366972456406,1.0531261624502,-0.05345069646657276,0.6608618528040329,0.8168143934585156,-8.213405819608452,-1.3163620746900495,12.621388462015814,-4.917063461441139,-2.1754142862239867,2.981786720442211,spline_planck_anchor,0.54
0.0628082191780822,68.70869205212301,37.62552985881858,0.9611270369315099,1.1640076732808984,0.36380568235161126,0.00011306581895807116,0.6360812518294306,0.07213836295023243,-0.962196463243883,44.04965743891865,70.40667346051487,91.70828902202699,-687.2260393086349,-12.187114568632271,765.4814657708163,0.5394945653807535,0.9153294844498434,2.338402570629764,-16.744724144285897,-0.40689346034667206,34.028284088309405,0.20420941347144445,0.34647039867899754,0.8851318401537651,0.11459307300386895,0.6534219230705745,0.7957271210421898,-17.6159626194983,-1.7523343219266652,30.897664361440846,-9.482861236902817,-3.7870392021055896,9.60889252167205,spline_planck_anchor,0.54
0.07178082191780823,69.07807896563315,43.783985867982146,0.9508754920023531,1.358660723144025,0.3691182937895319,0.00011568538644308194,0.630766020824025,0.25084310022965695,-0.8674399635002751,51.620657919658214,69.7352016513491,85.6514629837872,-1145.3742987372536,-40.09736692173526,1247.5439906606978,0.6184933207348149,0.9330396315229366,1.702775150515557,-30.67438820018649,-1.4837844795384711,48.53067068069264,0.24009158001234046,0.3621946298148019,0.6609965905651509,0.3387962464540278,0.6376918547446937,0.7598331728712668,-31.50015441153623,-2.4276329581272638,46.734755294496445,-16.678161427300054,-4.465591338386174,21.007979644349376,spline_planck_anchor,0.54
0.08075342465753425,69.35546624475752,7.561708060750151,0.943284646637171,0.235665401024795,0.37544523569711286,0.00011865339478573774,0.6244361109081014,-0.8911449196456864,-1.475706483592969,57.37204100745687,68.87095788594397,80.61005713088711,-1220.2399896482768,-66.26243086947039,1227.8306874590278,0.6982737437931663,0.9566033932055202,1.3784898376355688,-36.899928216386044,-2.23898725759231,40.63645219297077,0.277926234943131,0.3807463502253422,0.5486651816524609,0.4511614215902652,0.6191333210483587,0.7219859309651279,-38.00551923431306,-3.2683234304225444,38.96906011976492,-22.41172451726533,-2.813446525303205,22.33112224285914,spline_planck_anchor,0.54
0.08972602739726028,69.02563528209758,-91.56542375112193,0.9523209363532944,-2.8911353025137894,0.3885610593852699,0.000123817932722124,0.6113151226820079,-4.057313752400487,-3.2123416668203975,56.027212211869525,68.68649804650424,80.78826276083886,-942.6746119612113,-83.40942074890074,773.5008787725955,0.6951965906472883,0.9617482991862112,1.445460195460295,-32.177508108185236,-2.77100532060426,23.49910492625075,0.2836505146860764,0.3924075631737874,0.5897691874737168,0.41004287809535556,0.6074673931758439,0.7162590979230731,-33.77232934103182,-3.9910845638303165,22.476667966602584,-21.984937785517968,-3.04857099935525,12.219562682945948,spline_planck_anchor,0.54
0.0986986301369863,67.83202392131471,-147.42272314090533,0.9861309878886333,-4.775713139677685,0.4123768966480234,0.00013248901135250036,0.587490614340624,-6.013373785667166,-4.411897789729705,53.62564868111147,67.3734426614827,80.96868656835362,-1194.5239716221122,-159.68825098226353,948.3148773819358,0.6921071648557976,0.999601008861557,1.5778407966733703,-40.689276691871484,-4.955773970179521,29.125541140709988,0.28942301610678905,0.4180097441244941,0.6598160884589208,0.33997192492896533,0.5818559571352395,0.7104839976721633,-42.07322496430707,-6.209294461632881,28.163893558420813,-26.413646540016725,-3.8886047431227366,15.202427062226342,spline_planck_anchor,0.54
0.10767123287671235,66.86770025689106,-40.35383973482327,1.014778793624071,-1.3369320984169637,0.43483849538388636,0.00014084641962764426,0.565020658196486,-2.6420109702471333,-2.55865154776245,49.42402473129724,66.04181320537393,84.96369265628772,-1227.9522393834604,37.220763806884406,1175.7824613546466,0.6285473139755491,1.0403214586597098,1.8574962392206478,-48.4099857449695,1.0524584018746188,33.371277648841094,0.2693361055670249,0.4457836728964414,0.7959477227143887,0.2037944657345522,0.5540719354847796,0.730576655086532,-50.13240640243986,-0.07901898308874973,32.386162883663125,-29.17540413386629,1.616236329330873,16.703770341905148,spline_planck_anchor,0.54
0.11664383561643837,67.5954716280529,229.74655196671011,0.9930450521373198,7.590599335393626,0.43595025989870134,0.00014235035809193468,0.5639073897432068,6.282179154265154,2.713481603853394,44.640478202691845,66.16443173874126,93.58893547024508,-734.4541960406368,220.83258521723718,1194.0040960308327,0.5180303232398795,1.0364658213465263,2.2769318396198073,-33.777365900768864,7.601778148375638,34.68024746131788,0.22741712832239644,0.4550121298320078,0.9995810614205859,9.254647663542795e-05,0.5448392955585108,0.7725086134132307,-36.49463973457252,5.840086414180533,33.418531316676585,-16.077679632525317,4.846258456660267,18.769556493336562,spline_planck_anchor,0.54
0.1256164383561644,71.33089060005203,584.2177153528685,0.8917617987558482,18.438156553160763,0.4009997625322424,0.00013199014093673327,0.5988682473268209,17.234629305000286,8.592888687359206,44.16190752339521,70.37569163635555,99.71672980050663,-608.3547904042881,567.157971911474,1738.8241618187942,0.4563217164554562,0.9161345078891147,2.3265355179851803,-22.23333243840081,16.701835500319138,55.884576929607555,0.2051948179348305,0.4119594723878819,1.0461764470472803,-0.04652079881402085,0.5879049300534629,0.7947376416437795,-24.346540914945233,15.600486927113993,54.54289342931914,-11.932821310771448,7.345794920555203,28.63399574953246,spline_planck_anchor,0.54
0.13458904109589043,77.3975257109261,728.2924611935832,0.7574430808733426,21.35243052262959,0.34881064220584707,0.00011572715095570967,0.6510736306431972,20.305535687408227,9.395923866730884,46.93442373459961,76.31102052477908,106.2512986319289,-684.1901660027002,699.6588707035366,2076.664014327834,0.4019163477490506,0.779166613631245,2.059784604613037,-21.57834292754052,19.83109009765622,60.67462010267439,0.18508677801866083,0.3588145614488968,0.9485528469180532,0.05113244560108958,0.6410663923354967,0.8148518145501775,-23.608829493789795,18.355534161357358,59.36431489774758,-10.814754149978215,8.444533086513458,28.775457122322056,spline_planck_anchor,0.54
0.14356164383561645,83.68697283380835,633.8826829150012,0.6478708496758425,17.323698021978558,0.30548588701156915,0.00010215454219987565,0.694411958446231,16.40683174277505,6.875647658049102,50.468246040877844,82.59794736381627,115.13244234057899,-635.6850406638531,604.6568288093447,1769.5962555905105,0.34230182721366365,0.6650673837968198,1.781427672499756,-19.643947771508273,16.67736008050572,49.49285214761388,0.16140312126153997,0.3135944451942686,0.8399837914498393,0.15973531780096667,0.6863006887600406,0.8385429055021727,-21.310932350158687,15.250720434747322,47.52864601570736,-9.766418512261401,6.656860942644369,23.037700362939866,spline_planck_anchor,0.54
0.15253424657534248,88.0594050742038,300.988380517122,0.5851304009912134,7.878759028065583,0.2824477701526463,9.519166862928133e-05,0.7174570381787244,7.031034950933127,2.2666462133080083,53.01605479878749,86.86470726937551,119.50588519153798,-612.7022420235004,307.19540212764105,1132.9428604895513,0.3177061543160531,0.6013363215286516,1.614320399882193,-14.81011311834406,8.354619288443747,38.44796142509934,0.1533596523071261,0.29027051549508004,0.7792471498425882,0.22049022518987152,0.7096316563836043,0.846588661814116,-15.836701291560829,7.326388842194276,36.43485151695446,-7.924092296348272,1.5313425308993454,17.504742299612655,spline_planck_anchor,0.54
0.1615068493150685,88.3749955376173,-270.3904460000547,0.5809588170145651,-7.107448280090451,0.2870348593333674,9.749074044068437e-05,0.712867649926192,-7.968942821052316,-4.726237645878771,61.82670150844973,86.88438872731206,111.23144158669987,-1845.591480495081,-224.47106894748828,1456.908954646086,0.3667321844695619,0.6010639238674617,1.1870035213963845,-39.86773258804903,-5.633659950370266,53.741999733599066,0.1811917091183422,0.29696820804654966,0.5864639262092155,0.41333688264535823,0.7029309273735974,0.818746749527675,-40.47423267257014,-6.544040838296678,52.229065131346196,-18.332183029209137,-5.5512695478042176,25.052344452108972,spline_planck_anchor,0.54
0.17047945205479453,82.49523103996722,-1072.033722906796,0.6667245863751802,-30.420993522990113,0.3371023835896827,0.00011538054012002677,0.6627822358701972,-31.432762195919643,-16.808491585299315,74.47295638740923,82.44075256242093,89.50555549692828,-4461.534307846288,-1024.8211872486072,2597.9468187114708,0.5663751279617897,0.667606082717517,0.8181010842723185,-124.54593603120652,-30.40345635025385,74.98894482455255,0.28636472922027884,0.33754807664525593,0.4136398014431599,0.586218621439534,0.6623363902665913,0.7135372562929148,-125.50626887814747,-31.518332980766054,73.91863230882214,-65.12474785917694,-16.818788505003674,35.63537219379255,spline_planck_anchor,0.54
0.17945205479452056,78.34085974166928,1056.3045622073976,0.7393115486579153,31.806150468416977,0.38246556074192406,0.00013191056383374413,0.6174025286942422,30.65822614393587,15.552262486288381,70.44367772576318,78.00221711192481,84.48547506811141,-7733.605406797225,830.8502479550052,9035.338566805138,0.6356825337622394,0.745744897885696,0.9143662238369317,-244.92507161728145,25.440891563215704,261.6948074495582,0.3288555104685892,0.38579370369372623,0.47302600799095956,0.5268108475750656,0.6140732378816693,0.6710310688204804,-246.13248009342038,24.177679645549194,260.74524140223343,-147.86189661011917,13.289755271735398,135.7000662751845,spline_planck_anchor,0.54
0.1884246575342466,96.65573322621061,1813.1366926561482,0.48567854359831275,44.586622668097206,0.2570323875155736,8.932364865015847e-05,0.7428782888357763,43.81516821095588,18.66009276325382,-23.334004347600455,93.83467698171161,206.9857971090098,-8499.055073762924,1726.5184819579658,11596.44560749473,0.10426472107180676,0.403551289721206,5.688522047796845,-299895683355148.5,43.42855156630277,132.65618872442158,0.05517931673937949,0.21356873357744702,3.0104982455010028,-2.011544450962278,0.7863570472212098,0.9448015073974197,-299895683355156.0,42.64190501852252,132.3475665506018,-166.50839737445716,33.386278814461626,49.10637061328158,spline_planck_anchor,0.54
0.1973972602739726,89.11118924529565,-4707.779330856148,0.5713992653850455,-126.51794057476751,0.3092989379785996,0.0001082987986894415,0.690592763222711,-127.44627058389807,-62.515400185177626,20.47912608687647,88.28742337898629,153.21847464050472,-30943.725399059505,-3914.126060669735,23984.22991300406,0.19327778819637714,0.5730334668328698,5.402673645966176,-494.8728211492258,-108.71570069242068,2869.1975615768215,0.1046214411628761,0.31018353269699594,2.9244721198867,-1.9254961027669992,0.689707858769836,0.8953419263919266,-495.10345053249137,-109.60658885645537,2849.7706412257858,-196.8471470220975,-133.41978745531304,71.17529010633363,spline_planck_anchor,0.54
0.20636986301369864,33.52048972687015,-5064.829131549646,4.038159298134854,-364.55656080212293,2.2353671053935393,0.0007885627995683017,-1.2361556681931076,-371.2658163695018,,-208.4413018735113,38.8785558022646,292.9993784845751,-32183.66655240897,-4074.671776064941,23970.680475328638,0.03555891918952927,0.13357733789022197,1.4757607525374736,-1152773319777558.5,-253.07102915782502,199.4851648422563,0.019684027397417037,0.07394319171206423,0.8169234540045921,0.18278836270579538,0.926030723601387,0.9803090287356387,-1152773319777558.8,-257.6742431825481,199.4006103435009,-479491441897972.7,16.586779765327243,68.99074882137242,spline_planck_anchor,0.54
0.2153424657534247,0.6963991906631102,-2349.527790580014,9355.944600355075,-8200.70136968633,5295.508035169573,1.8819724202459296,-5296.390007589819,-24094.753364876036,,-410.46810754324224,12.421606326638067,444.9566088563755,-14115.806011501338,-1956.3038685605347,10510.38586564708,0.01159107928721294,0.04838738299848935,0.5037247587176926,-509368719837145.25,-413.89830804666536,56.09802775806257,0.006560604634126866,0.027387483190056877,0.28511054962875265,0.7147881248350458,0.9726027835628814,0.9934370637903378,-509368719837145.3,-467.4730912557104,56.05616766831834,-180884075742272.03,-23.344843748120265,18.2648691874763,spline_planck_anchor,0.54
0.22431506849315072,-10.39806557555793,-221.27895991918973,41.9661426948214,-8043799434963.0625,24.28301498257546,0.008693662030379428,-23.291708644605837,-8043799435035.946,,-469.55662362729123,2.272764290940305,488.5725742300814,-1600.5164038424305,-164.7557314859959,1147.3457336211818,0.009579854487518302,0.03911763690134787,0.42572640326939704,-9474265848179.738,-2.033227692398992,29695857572222.188,0.005543224492729131,0.02263477417655527,0.24633954815066733,0.7535722588149061,0.9773571222548818,0.99445479095468,-9474265848179.805,-2.2760854599831557,29695857572221.91,-3174367690181.0674,-1.716848970419925,10744334337155.115,spline_planck_anchor,0.54
0.23328767123287675,-5.030293534152794,1319.9173604328298,179.3153632719141,48332476474704.58,106.05585297018267,0.03824775788381108,-105.09410072806648,48332476474386.26,,-423.3130679228747,7.06381175265664,454.30880585808967,-8170.702890412039,1196.3115265557494,10028.287977998916,0.011808924959636724,0.04763379222795283,0.5241492808480367,-49.949069691081064,170.21886929382032,367213893314695.3,0.006984374268901895,0.02817294833393262,0.310007453068876,0.6898807465007367,0.9718168914337315,0.9930131069011747,-50.696488043693805,150.59931968331114,367213893314695.3,-18.07262586166843,17.776335006583423,134652146977575.0,spline_planck_anchor,0.54
0.24226027397260277,11.532326352518593,2274.0611704760463,34.116958645579125,489.9229810729511,20.622061203860934,0.007491203914909926,-19.629552407775844,428.0268326457086,,-308.69619281212584,24.592796664340035,364.0498218727125,-12053.149843727177,2054.1450299819,15522.238153606051,0.020549108359672018,0.07958062000460911,1.0413887428760982,-90.66288911858956,210.5109527491665,572525529137964.4,0.012420948029986199,0.048102658663828596,0.6294694265013419,0.37030191139812846,0.9518798674851661,0.9875745399159767,-90.79513818309346,159.25147260807626,572525529137964.4,-32.712043772753304,-1.5451558762873536,221119879890672.4,spline_planck_anchor,0.54
0.2512328767123288,34.02240512209651,2641.152470210461,3.919892289801808,194.26591337547794,2.4210989864771695,0.0008858448065277616,-1.4219848312836973,186.99907303682033,,-160.61846400222402,39.254602263500495,252.80454359419187,-12319.328485479906,2182.3207284923365,16684.04640964509,0.05342841777966201,0.22012443646117102,2.925754236731324,-136.9371502587675,134.1190626383729,619822665805885.8,0.03299975575144152,0.1359585954444542,1.8070753208348083,-0.8077365033378398,0.8639916592884791,0.9669881701192427,-138.02098269142675,114.17850551842234,619822665805885.5,-52.2292731867536,-21.097105896835494,284371535052015.25,spline_planck_anchor,0.54
0.2602054794520548,57.17255381222102,2421.191259636073,1.3881262696552983,106.73647716406846,0.8759453968801222,0.00032279392201677834,0.12373180919786103,104.10734979774003,279.46506518858786,-26.87888610955728,58.10335813610645,145.25746404283822,-9911.67094409352,2062.6251471411047,13676.246172585734,0.21056645267742718,0.8658251460190656,7.606066836643547,-174.76284478223934,92.81416535593883,486168095279142.4,0.13287315353953355,0.5463591949360566,4.799634860000819,-3.8014035695188193,0.4534394666837299,0.8670778814832949,-175.32684256193454,86.83036184555299,486168095279122.56,-86.33056276237805,-49.751904604558305,216.18873287902113,spline_planck_anchor,0.54
0.26917808219178085,75.71538346053252,1614.1775387528794,0.7914726364873043,54.11525793881305,0.5101848593346701,0.00018934641195992216,0.48962579425337,52.58394597516121,34.798730780613404,60.07186801294765,75.7994432572311,92.0878634494408,-4309.497309582337,1488.4783964085204,6734.793333567877,0.535056177838956,0.7897186850178581,1.2573665027136067,-132.09439844214344,46.909054194102595,266.03111556496305,0.3448982924266804,0.5090542586765214,0.8105009860683381,0.18919821030961367,0.4907568145146764,0.6549737044525541,-133.14095667644597,45.875273181833784,263.21854192872496,-84.38882390507412,20.063321408814147,204.39003151411382,spline_planck_anchor,0.54
0.27815068493150685,86.73284795461448,1084.8274153551954,0.6031661251216256,31.973420374580208,0.39710658136819754,0.00014842125250465532,0.6027449973792978,30.781506945465598,16.022957236919925,58.06504660838166,86.49351303432385,114.88187910251501,-2885.290180174262,970.2957368206689,5134.355124007209,0.34379630240591136,0.6065089479312613,1.3457820094305084,-131.95305089689657,28.007999773969466,120.29254209235656,0.2263452283695626,0.39930739617321725,0.8860227237131554,0.11364611934165368,0.6005433600049599,0.773570173580772,-134.91972753778109,27.098662712624417,119.67790840749242,-44.289234206348475,23.264783445646508,62.90516923316777,spline_planck_anchor,0.54
0.2871232876712329,98.3318772667404,1482.2332812426926,0.46926211768050935,38.80363168240071,0.31550039757897935,0.00011874819286138562,0.6843808542281592,37.85665549689233,17.43839594236207,41.02495448555298,96.66931313987152,150.6367047736741,-1386.0710573867157,1516.0467673488454,4045.4530336972334,0.19995984173195017,0.48554265571732397,2.5550797222789057,-69.8594750839087,38.752317106523805,76.74485453861763,0.13443959610055775,0.32644634021931807,1.7178643616270441,-0.7185109322497442,0.6734307917486138,0.8655098034589722,-76.9430515568248,37.33935990479536,75.97295300376764,1.6567288000722626,21.30620647360986,34.009344029680776,spline_planck_anchor,0.54
0.29609589041095896,112.42791912233182,1608.0875350142387,0.3589680631990388,37.07683397191058,0.246428641750499,9.339750338214108e-05,0.7534779607461188,36.337174456645556,15.075309586433594,40.682746458247564,113.30246474720383,176.62157144679875,-451.3518275811363,1667.4223633419188,3586.3681934139645,0.145451025506964,0.35344796433191494,2.4923304452491575,-20.530714284215758,37.56909705079623,79.67467565175049,0.09985094032452718,0.24263913899075198,1.710964482307213,-0.7116129451234179,0.7572688997435302,0.9001112157443841,-27.969991225853924,35.44303893929866,77.5206939246349,2.3678093072593036,15.48184369879554,31.863492661295343,spline_planck_anchor,0.54
0.30506849315068496,126.26161313430963,1423.7557466356993,0.28461742798609024,29.432520633170515,0.19947357707829239,7.612470649203629e-05,0.8004502982152156,28.83379540310967,11.007322822916516,40.35439196448772,127.37236675106598,197.5537811406339,-594.8228229342185,1404.6169325144058,3428.352065270512,0.11626096103763574,0.27967531830064285,2.328522306105264,-13.977633307511104,30.60154619120966,85.3939725447858,0.08148127097076628,0.19600990900903542,1.6319403804327517,-0.6325631746107723,0.8039152881172638,0.9184876334930323,-16.252405631900967,29.502591402500705,83.43540083247994,-3.3255776394807843,10.704649844915878,28.354308706264803,spline_planck_anchor,0.54
0.314041095890411,137.04978317105326,929.2379161070725,0.24157247644851831,17.819171710767986,0.17282169704818595,6.64070462520068e-05,0.827111895905562,17.300440991438418,5.972229141377564,48.29656651236767,137.76190960233617,212.55426245084914,-1188.5174900883578,1003.9833083047783,2903.666468505345,0.10043024965792965,0.2390814325143234,1.5558718504200733,-24.437473227276303,18.989878692579964,77.11916799114486,0.07184811132469912,0.17103959651066505,1.113075535475588,-0.11350323674127853,0.8288946812184025,0.928124280909995,-26.281134365476973,17.339004353234163,71.43129771769632,-8.351570895138352,5.88738996770604,23.085365512282777,spline_planck_anchor,0.54
0.323013698630137,142.009253100942,124.53404342836336,0.22499396565380836,2.3204156321336527,0.164281199067652,6.355638033744524e-05,0.8356552445520106,1.8273178094093467,-0.2711037949671218,58.74850687390231,143.54299836678277,217.31215600445674,-1758.728979938437,215.03877042058176,1964.9133385236564,0.09608081954197233,0.22021216797454546,1.2101301775783688,-34.45537921469616,4.338988994260989,55.847583095713716,0.07015420256223541,0.16078973006684805,0.8835865265222951,0.11607163544840272,0.8391480643168278,0.9298186564915966,-35.80135657246201,3.0324051180835294,52.07934793311894,-13.563196821649482,-0.6947774701920132,15.398811442292246,spline_planck_anchor,0.54
0.33198630136986307,138.3568467923553,-990.3558714004369,0.23702974296167384,-19.068668949449965,0.1766143923939747,6.879118651843964e-05,0.8233168164195068,-19.598787291377963,-8.934890878989707,66.74826159204008,138.93735925001988,206.0522786178761,-2937.468815546539,-1029.545836029592,1231.488271160047,0.10686841877841148,0.2350532666969683,0.9827340340318198,-45.91127297560611,-19.05784802516436,45.12667008163508,0.0796292507970439,0.17514169048656672,0.73224976805326,0.2674650211567842,0.8247900919433129,0.9203397336635674,-46.686836708209974,-19.666467036504443,42.86692747905425,-20.229153901204818,-10.44010804389,3.776385307053036,spline_planck_anchor,0.54
0.34095890410958907,123.30938811367257,-2415.431828379316,0.2984089685882487,-52.534439868424066,0.22687270412582344,8.89620262691347e-05,0.7730383338479074,-53.21541382890661,-23.94643163167143,70.53905763560928,123.16960616613662,172.59675918631345,-5475.8932674345,-2452.1062386564845,971.0008227448523,0.15231369135874606,0.2990866659772492,0.911899667427054,-90.4483439753566,-53.15657810764593,34.747867631487004,0.11580020264613987,0.22738794011202365,0.6932939865023946,0.3064341569158401,0.772522895825779,0.8841543894203254,-91.19130285699654,-54.23055835598328,32.50034611282602,-38.12103143468541,-26.61785919682473,-6.037045705188447,spline_planck_anchor,0.54
0.3499315068493151,94.08370093327294,-4150.69382750829,0.5125961872259502,-119.1099482154161,0.39758916756307255,0.00015694707543212927,0.6022538853614954,-120.30334350640705,-67.58506566224224,74.6504092371087,93.82062876022493,112.98888870337906,-9232.395415804354,-4107.209961518515,1062.4553653346618,0.3554125345596306,0.5154781188783211,0.8142244523828371,-245.55879895564985,-118.31721341530303,33.26417721321763,0.2756715271757517,0.39982450375010253,0.6315435625542283,0.36820713760755314,0.6000176667825247,0.7242196523545275,-246.79180512229527,-119.3418287575764,31.81191487450846,-137.5402249990892,-71.1654119362392,8.976325842472246,spline_planck_anchor,0.54
0.3589041095890411,51.414794674554024,-4689.2327419559215,1.7164373069991101,-247.8748649760571,1.3580581064882982,0.0005396524021865469,-0.35859775889048473,-251.95119790513075,,5.487239701094213,51.2905314386887,97.03208850834865,-10656.696227873168,-4495.666090406629,1145.1343462000948,0.48006983815354953,1.6645133243979804,12.741925277164944,-5440.160320551358,-243.41943960172787,35.531654202963345,0.37983486651475545,1.3169754609380764,10.08150711031532,-9.085513205123599,-0.31749878830361444,0.620014198265927,-5699.4888013166865,-248.59503159976163,33.78712917291259,-152.85226429899274,-1.2413981227474769,53.8097598963396,spline_planck_anchor,0.54
0.3678767123287672,23.721253915777147,-711.0544353589348,8.06359807298228,-82.00534480840935,6.5071933435410525,0.00260284086734698,-5.509796184408399,-101.53733620250189,,-57.22843545270753,24.939594433896183,101.82042834170366,-2034.4289481059668,-697.0584854438945,645.3100892195973,0.3269786997837677,1.374190185250408,16.53614702924553,-76904099364851.2,-70.8924102698914,22.364333742165407,0.2638665270087944,1.1089492736725286,13.344403441567607,-12.349741128154491,-0.10939284716680556,0.7360279278592625,-76904099364961.33,-81.56771610893017,19.594613605085264,-51106750033224.43,-5.566803088888152,12.381353078892037,spline_planck_anchor,0.54
0.3768493150684932,52.51967671510372,7902.86905878164,1.644977904088474,414.3612653857135,1.3537649886170358,0.0005450503730886357,-0.3543100389901244,410.29779021837004,,7.5560868213135866,52.016090015293905,97.55967129602327,-2047.973926267066,7640.975672641666,17802.968173322388,0.4767201417933445,1.6163503685490979,14.34242069011751,-62.541613141133205,403.66650258385675,6163.271360971667,0.3923256572166504,1.3302054288033296,11.803360357631513,-10.808112604898009,-0.33074099366972093,0.6075163853478743,-66.66742429802194,398.4278621821487,5840.897753351761,-90.77504183316749,4.5576576577924826,233.29356153767722,spline_planck_anchor,0.54
0.38582191780821923,165.9898685657529,13994.004868856924,0.1646800517809157,233.66725731811408,0.13819338118266156,5.60017526320709e-05,0.8617506170647063,233.25245316755556,89.22426695481023,61.31320804573604,162.72382216393493,266.8151240546623,-3045.9045435755274,13563.476793756312,32027.284318890263,0.06373577526575339,0.1681304457061512,0.87688241576322,-139.88452343200106,231.3483532164419,334.3553427669601,0.053484694661077525,0.1410888235740373,0.7358471449544621,0.263854658927647,0.8588540013186651,0.9464936310979829,-142.36106777926682,230.9470923736512,334.12352974407,43.51360080808213,98.0817731284405,119.81733788450305,spline_planck_anchor,0.54
0.3947945205479452,211.27651307789546,-9205.092556272471,0.10164867354358521,-121.53942216844366,0.08696737951878052,3.5471011009993786e-05,0.9129971494702095,-121.80046619104405,-45.46909327216847,52.81400268454255,207.26672449233453,369.6148158226084,-20941.135556220353,-8771.9643046077,2373.456750723043,0.03262339835169117,0.10229948419905452,0.6640201734941394,-156.64976945378797,-120.93199212015176,125.47331767919398,0.027911544408175223,0.08752419246376003,0.568114589430721,0.4316536961153288,0.9124401094203292,0.9720770714302635,-156.72799913810854,-121.25127611141875,122.97747293257376,-55.680646826454684,-48.08091637017857,-25.066856747323044,spline_planck_anchor,0.54
0.4037671232876713,-17.32776134762969,-20831.03922674501,15.11190592248302,-868228266342651.0,13.180394602566743,0.0054104131478173905,-12.18580501571456,-868228266342690.5,,-145.34213937567554,-10.406903870712263,110.00880424556777,-46791.5384418829,-19736.758407134446,5205.623435280285,0.12142142790484799,0.6054990402083893,8.068507644077828,-1950250098360048.8,-822619138129658.1,127.3321047373428,0.10590208417139539,0.5281078589530217,7.037240381741228,-6.040129094790711,0.4716753583337362,0.8940544441385787,-1950250098360049.2,-822619138130635.6,126.35915085588957,-1073957100997109.6,-799060444223162.2,106.39805357964707,spline_planck_anchor,0.54
0.4127397260273973,-58.83121426039548,7775.92170402308,1.3109572587500842,326168453021141.8,1.1654643034294168,0.0004814687277213137,-0.16594577215713807,326168453021138.3,,-242.2188531033456,-50.09560376442228,122.46291535844944,-1681.9738739213494,7467.053675433965,17170.152084274185,0.05626578601010616,0.2617307499795607,3.709171898398882,-36.65724358852899,313059012091355.6,720218407107668.0,0.05002128380729925,0.23268328862362916,3.29751974293124,-2.2988819919770487,0.7672205868304658,0.9499580517383689,-39.485469948622764,313059012091351.0,720218407107667.9,-28.085834448742553,215895611995487.2,303522971544833.75,spline_planck_anchor,0.54
0.42171232876712333,53.94979657061939,13559.085516143416,1.5589225317892386,714.6317602838557,1.4124845089435603,0.0005872220750377863,-0.41307173101859807,710.3919578687248,,6.942450784069702,55.32098445387672,100.06625831233218,-3130.362929640734,12879.234670007536,30195.523015960327,0.4515012260864259,1.4525047268584086,14.157900176747269,-95.76227954012703,641.9790854104967,12346.178526826989,0.40908927455435673,1.316063103854204,12.827972058285996,-11.833305120930513,-0.3166102399833671,0.5907406518971132,-98.58570204123247,635.6057921706256,11672.502256822,-139.3502126423714,5.080203614028455,483.34771030903977,spline_planck_anchor,0.54
0.4306849315068494,129.18388685079734,3013.504115365159,0.27188638620563077,66.74787442904997,0.25104029820917045,0.00010502541238332889,0.7488546763784463,65.99433343277292,28.375674397392057,77.82769286508542,129.03121393180894,180.96368466290892,-1249.7189464331448,2948.166372462519,7199.821596517607,0.13855585710184048,0.2725301725311755,0.7365125348583824,-46.35203103136535,68.58282823518459,118.68022720006742,0.1279324947854005,0.25163472411406107,0.6800426051703916,0.3196728916818833,0.7482600017890766,0.872013983277612,-47.91007867488818,67.40627573310934,118.25289655937277,-0.6108761481444452,32.72664434246171,48.786216453625705,spline_planck_anchor,0.54
0.4396575342465754,125.47581358051846,-2777.9155229211337,0.288193456849218,-63.745305138150606,0.27113505453521936,0.00011414366551960223,0.728750801799261,-64.55916687641835,-30.52960358878232,76.19065112398788,125.48151282097743,173.20267620438167,-6761.689344896275,-2784.2877551876104,1108.0084566903686,0.15125047013120024,0.28816736465040665,0.781630658326133,-124.48653910228737,-63.436849019281254,36.57632851649399,0.14229783325357206,0.2711105067546243,0.7353653115120352,0.26432511106244205,0.7287753599140921,0.8576422615589158,-124.98832496709255,-64.25245004597652,35.49783645766925,-57.331164086039486,-34.12447834771529,-2.8890630477858967,spline_planck_anchor,0.54
0.44863013698630144,98.39360076855658,-2196.6094313305553,0.46867355468342603,-64.68051980125666,0.4492281547984945,0.00019029677730313558,0.5505815484242025,-66.02896545276137,-40.97528652006849,81.97089675104002,97.24630836261186,113.34714362971083,-7982.1916032765685,-2324.0917940274767,3240.683103306638,0.35316940109038997,0.4797974491776906,0.6752814179058164,-231.7941887218044,-65.28704065360265,104.59234614448758,0.33851630158712653,0.45989051572732276,0.6472637986592775,0.35246201501995394,0.5399146708307316,0.661340300096075,-233.25231859480752,-66.26735486156718,103.19670562965817,-149.5548585356528,-43.14056477743438,67.61012805219262,spline_planck_anchor,0.54
0.45760273972602744,94.07959516997205,567.3857809327196,0.5126409290115347,17.58134837368198,0.5005584252087764,0.00021335405521187193,0.49922822073601175,16.0788196818348,9.735784432839026,39.60343500765485,91.63737210854586,143.5627647487307,-5750.609542192117,592.4989775581604,6292.847058167225,0.22015121460664172,0.5403299496015962,2.831780239976147,-453.87443821012516,18.129880883116265,130.1065320477958,0.21496244067710876,0.5275948395053467,2.765037626224919,-1.766216173944145,0.4721802826525305,0.784945935436194,-467.05627239462837,16.620963214241733,129.21346306883183,-27.59812169605393,38.69024566193631,68.1100304779434,spline_planck_anchor,0.54
0.4665753424657535,95.35359630744814,-1021.7266445160321,0.4990338466246131,-31.42910517514358,0.49632609553667695,0.000212852344966874,0.5034610521183562,-32.91893487113348,-22.795088704891995,22.706095011864686,93.668751114005,157.50337308185365,-7024.828044111234,-882.0589791607795,5217.80915982463,0.1829045255975475,0.515923224008577,4.3529779994295374,-169.15897622323754,-27.387310918967593,415.18890780153157,0.18191208804741923,0.5131238313811034,4.329358798059848,-3.331215468866918,0.4866561124668022,0.8180098978911262,-170.25954152623126,-32.01493427933106,385.5952563685308,-87.29628728391071,-32.44497560848998,35.34435629866967,spline_planck_anchor,0.54
0.4755479452054795,75.7396434823555,121.04075183753828,0.790965687486495,4.716194173837468,0.8012012011585568,0.00034570198057486454,0.19845309686086837,2.311207762439498,2.88203862608376,29.36196050005151,76.73184587463095,123.38572174617802,-6482.687370932952,267.56612633717674,7295.89367299402,0.29804004500633,0.7694918594790736,4.664902777544085,-200.54459186850875,14.078037084670221,606.3105319394987,0.3018968405712278,0.7794494904772866,4.725269082826078,-3.727307940079812,0.22021419296174663,0.6979728970982066,-204.58356989285673,4.62574575651902,550.323950386042,-131.25727359762303,-42.24486065901927,90.34611136641466,spline_planck_anchor,0.54
0.48452054794520555,132.43891624663934,7278.436744999515,0.25868599703063505,163.16939478346688,0.2668428257434367,0.00011583737157394161,0.7330413368849893,162.3684029567503,72.83321821327934,-111.56304624108472,137.56090194702276,361.760950898492,-29116.059719230492,7182.262580764367,41772.52527779854,0.03337568422415682,0.13582457767996603,1.4299903574046129,-1283354778159067.2,160.53753036351856,342.4535150130386,0.03442807879716791,0.14010736773370402,1.4750804919314002,-0.4757208293531368,0.8598318111849301,0.9655569758575897,-1283354778159068.8,159.96989818376292,342.3669345906091,-690368334785055.5,92.59060795223269,119.5834924262481,spline_planck_anchor,0.54
0.49349315068493155,188.28022908232649,5207.708314011582,0.1279955057997929,82.61809257030852,0.13443996703765343,5.871358283952363e-05,0.865501319379507,82.2145378148642,30.66355189144608,-327.8674172949983,193.28837010632574,675.826914971679,-20276.014131525637,5092.253378494757,29425.746668000058,0.008382810633293793,0.03592043996269727,0.36383395817243946,-899111883272696.8,82.57493243022525,129.0821559897938,0.008804877782081718,0.03772900254886014,0.3821526782384955,0.6176804253137774,0.962254520171612,0.9911912768887915,-899111883272696.9,82.2212692159024,129.0376629888422,-343416016908034.2,34.51614035483658,42.80263623792182,spline_planck_anchor,0.54
0.5024657534246576,226.59349940607746,3371.4226889037486,0.08837089713787472,44.70955383692614,0.09450330121938737,4.1520111551418746e-05,0.9054551786690612,44.42587785282177,15.35489674122573,-477.48829183949056,228.00366622937034,890.1517876032324,-12526.901276764718,3316.811771321445,18424.608256321713,0.004629884796145531,0.020176405578290577,0.1991505955630529,-558825420572167.8,44.32611260667494,62.278481795843035,0.004951170709725417,0.02157652570749468,0.21297043857269365,0.7869359926709496,0.978413994626264,0.9950466539889091,-558825420572167.9,44.0118170681299,62.24857282625771,-202283829558912.25,16.642425336553984,19.97997084363816,spline_planck_anchor,0.54
0.5114383561643836,249.4822893802408,1769.5798696760344,0.0728995278564716,21.44128864593112,0.07936335228118573,3.507659218651054e-05,0.9206015711266278,21.203058282718818,6.677247482415445,-558.5791128966558,249.52627737945613,1013.320327519181,-5887.321640955145,1760.4233519742866,9007.785609643257,0.0035107735928937033,0.015405969605321954,0.15831217632364564,-264202011378154.56,21.026347968401993,26.97772599157482,0.003822065377170646,0.016771979585761678,0.17234933324550064,0.8275744927131805,0.9832206076239368,0.9961762453667092,-264202011378154.62,20.761093500867617,26.96030266142256,-95916365928592.08,6.9923097629419395,8.083870519919467,spline_planck_anchor,0.54
0.5204109589041096,259.05016116716547,402.17985632843045,0.06761396793994508,4.720928628317956,0.07492786671889419,3.331281319731989e-05,0.9250388204679085,4.4960117769084835,0.6201164309458511,-585.3324831817158,256.46516522016907,1058.4022947754688,-194.8550973236196,364.6544111292838,1017.9883930284186,0.0032201748113707186,0.014231086306540288,0.1484150988617876,-8796313104784.979,2.7047796362113425,14.775643613222023,0.0035685056864615873,0.01577048308995304,0.16446937053693883,0.8354575066363039,0.9842225053777531,0.9964299077614512,-8796313104785.055,2.6008844743946007,11.1118531459175,-3442278440224.8,-0.13674417720304843,1.5120750473031235,spline_planck_anchor,0.54
0.5293835616438357,257.4006769292005,-730.777351139077,0.06848331704297787,-8.684039850921934,0.07724280067981727,3.45446964113766e-05,0.9227226546237713,-8.91590643174703,-4.220869018106125,-565.0822652407105,253.05757481165347,1036.4126351801747,-5601.148982385875,-719.1667050328682,4502.212181986862,0.0034020954004267178,0.015057056216665211,0.1524553980207064,-16.76765728069359,-8.429283938144213,204442081418151.16,0.0038372466208663253,0.016982956468635756,0.17195548390983095,0.8279676137777766,0.9830094483759555,0.9961610372772005,-16.79965920477806,-8.926325537375355,204442081418151.1,-6.667029445847131,-4.868026105323238,74028457739385.02,spline_planck_anchor,0.54
0.5383561643835617,246.6373988286948,-1629.2917527264601,0.07459097673985211,-20.324825215391783,0.08562112961816365,3.851632119591446e-05,0.9143403540606404,-20.581842669531056,-8.503348389588865,-506.8335090781271,243.45075364753984,959.9089979668736,-10763.445302630931,-1743.3976778380752,8164.561707226655,0.004088487342334313,0.017432432846908513,0.17127547396459686,-34.68225476451029,-19.876378772628705,372921728972746.5,0.0046930730764006565,0.020010256703712478,0.19660286267440874,0.803308696317623,0.9799807417626958,0.9953048157635292,-34.76393897014235,-20.48709256466064,372921728972746.44,-12.73424201691656,-9.852495008408626,133205183704316.56,spline_planck_anchor,0.54
0.5473287671232877,228.86388902799735,-2293.363348433734,0.08662626904495428,-31.01045864045069,0.1011862217960145,4.5783704528834244e-05,0.8987679944994568,-31.314200440656847,-12.613750019397905,-419.8227519717978,226.00929301093703,844.9404812619593,-14545.138730442199,-2398.2749420417804,10725.943854149347,0.005307531812972513,0.02283652057252334,0.22462004983554615,-53.32329839068692,-30.604787547169146,492772015441642.4,0.006199610085228773,0.026674832717330194,0.26237369371981817,0.7375075901204498,0.973313097727766,0.9937975847787429,-53.36655635612669,-30.947404631631315,492772015441642.3,-19.094659896200238,-14.661838185460597,181516668442689.6,spline_planck_anchor,0.54
0.5563013698630137,206.18370968945703,-2722.992138260899,0.10673219929595107,-41.106995322612036,0.12685293746166637,5.772994960862828e-05,0.873089332588725,-41.48778505479547,-16.839457852414505,-316.76844233151286,204.88088698434618,703.7093201820262,-16935.85653832506,-2824.470150450466,12410.043288594032,0.008116223132962517,0.034226729855203766,0.3374631605386685,-74.88008186539999,-40.621211770645694,573449149943533.1,0.009646261880688905,0.04067901955060922,0.4010804001211276,0.5987370707884833,0.9593024676912649,0.990349348168054,-74.91540454385837,-40.999137481357806,573449149943533.0,-26.544688838470226,-20.29471995037091,223818306990844.4,spline_planck_anchor,0.54
0.5652739726027398,180.7004229754225,-2918.178122207955,0.1389587243816171,-50.55603287361558,0.1680276993366888,7.690918251223936e-05,0.8318953914807989,-51.06042360835569,-21.459472882147917,-207.3162716213032,181.7224378135447,545.7613546995111,-17852.38031071486,-3017.923911329165,13068.86287465166,0.014070430459206343,0.059715144937438194,0.6078272788689153,-102.14621721448059,-49.87775959181422,607373839346985.4,0.017013843997621465,0.072207041796377,0.7349795395497661,0.2646840476101297,0.9277599077924223,0.9829783684718797,-102.23877069810013,-50.51808634377326,607373839346985.0,-36.40017042541804,-27.681526367728328,268012227689853.12,spline_planck_anchor,0.54
0.5742465753424658,154.5175910482432,-2878.921300274901,0.1900414342342014,-58.66169627538688,0.23377094998558173,0.00010761436545190835,0.7661214356489663,-59.363439582805434,-26.82855964277597,-90.17741283360704,154.42235769345194,386.00431772265387,-17339.65440364323,-2916.2433033835105,12619.439716922325,0.029897386804522072,0.1226401992834981,1.3024164420831439,-140.59534712447177,-57.4178758998067,589848864522139.6,0.03677692995500293,0.15086034268502052,1.6021091935530318,-0.602846710187411,0.8490702101058591,0.9632061401143079,-140.7978684043975,-58.789377742519704,589848864522136.9,-51.52084501353975,-38.39821120037602,341455110924179.25,spline_planck_anchor,0.54
0.5832191780821918,129.7387760702679,-2605.221672461736,0.269565658316379,-63.58371860642243,0.33729636475921176,0.00015615635130359135,0.6625474788894846,-64.59623232610528,-33.4989198934477,18.78001893004306,129.4466825786276,237.58289506474375,-15389.257034309743,-2578.346015373703,11067.646070148701,0.08038544963091908,0.2660925243635941,2.5211924297470625,-203.69044629784824,-62.14208117385561,2026.4483247513228,0.10058299009372097,0.3329505758189112,3.1546638645418956,-2.156124362934839,0.6668952797771863,0.8993704435202242,-204.5225360585531,-63.88246774247564,1679.76705697321,-81.84363913326227,-58.75906880225957,14.708936330641086,spline_planck_anchor,0.54
0.5921917808219179,108.46754020384519,-2097.079238768454,0.38565997970418986,-61.56592693859302,0.4908114411324367,0.00022851620646656553,0.5089600426610967,-63.039275326816195,-42.286329012663714,93.31059920532996,108.68022986401084,125.38580918225306,-12037.282700347432,-2122.294746193791,8570.833841958056,0.28860735015699884,0.38415196786101946,0.5211253509360056,-332.1311771895406,-60.333463260690536,251.0339730428875,0.3672970930523322,0.4888922649022275,0.6632118912097973,0.3364793249013979,0.5108801124378595,0.6325318976122765,-334.01863226933773,-61.592284012868724,249.14285055810836,-216.57844292428297,-42.81891415815201,186.13912575853846,spline_planck_anchor,0.54
0.6011643835616439,92.4431662324999,-1486.7286817122342,0.5309511101355413,-51.50184941069841,0.6872049310123209,0.00032175784049627836,0.3124733111471828,-53.56475123509736,-58.140614706629044,25.648509382378684,93.66909342233875,163.448379530651,-8099.556639868587,-1453.3308519961813,5547.679355405544,0.1698421294253749,0.502996310479624,3.8239252976907165,-1018.9400454495672,-50.16796800917818,104.07868654425529,0.2198250396443377,0.6510233018523334,4.949269848451748,-3.951587157752956,0.3486718809930397,0.7800720355557211,-1048.3459582418939,-51.66434249496123,103.40000104870225,-47.415423986043386,26.461280801421715,52.808757626313316,spline_planck_anchor,0.54
0.6101369863013699,81.55693469074953,-952.7033600698088,0.682153902466265,-37.61747355607715,0.8978314569087961,0.0004227314838590132,0.10174581160734492,-40.31265885273898,-133.06983893126613,-31.620259345434345,83.89867092348118,203.5299518808832,-4675.197772059504,-934.7315141706711,3066.1927102424406,0.10713671500394188,0.46680548308283304,4.736801657251976,-222224216923789.3,-36.721240689322826,48.183782360846365,0.1410102801913804,0.614396026254502,6.2344428693330824,-5.23737827025372,0.38531469390142814,0.8589233270747428,-222224216923806.28,-39.61049688944637,47.7112530857387,-90.42772373499557,10.31164329268291,20.62048512759595,spline_planck_anchor,0.54
0.6191095890410959,75.11552559914631,-495.97436458019996,0.8041642017439753,-21.381381364373834,1.0762110365935025,0.0005095427617076837,-0.07672057935521016,-24.61205264520117,,-60.404366823398405,77.46858006897095,224.32409595557345,-1908.795799187533,-474.05830962006155,998.3563230291626,0.08740667794680303,0.39038893687623805,4.059337029208755,-91706496897040.58,-21.40611298515615,14.759670800931369,0.11697614899335211,0.5224565847609981,5.4326010814866175,-4.435173200210729,0.4772960530005379,0.8829684674917188,-91706496897043.1,-25.469553776891587,14.245041731860164,-61804261750371.16,0.7074099424570399,5.920338146904853,spline_planck_anchor,0.54
0.628082191780822,72.42538972988069,-116.54169524340416,0.8650126830118824,-5.239584055629951,1.176997184087254,0.0005603491275242367,-0.17755753321477818,-8.77281700440181,,-68.7770171477848,74.11566399228433,223.37260997477975,-756.9213368829562,-140.3016027828753,491.1174644947397,0.08585597340114835,0.37266156933762856,3.9029714681599637,-17.383513021689332,-4.7414843589892826,20308879254278.57,0.11682168471607679,0.5070695798363232,5.3106578872370935,-4.313186204682475,0.4926890126220983,0.883122698388665,-22.419749320704355,-7.69680465606574,20308879254275.824,-8.581963685316992,-4.2922126964245155,12310652439708.416,spline_planck_anchor,0.54
0.637054794520548,72.79297785514318,185.59464794056976,0.8562985030048883,8.34774499411404,1.184510197218932,0.0005670338299744704,-0.1850772310489065,4.791946267137346,,-57.16321827088919,75.0087598481229,210.23268251938111,-1851.116787327186,123.0791440515539,2117.6375325451622,0.09548916778262916,0.4377256737169555,4.9894339709527475,-30.23955919522845,5.239760677492908,101831739057501.17,0.1320893269876802,0.6055020793365804,6.901840183306194,-5.905144145468952,0.39420806232035954,0.8678474408703286,-31.890919448873323,-1.013394750824192,101831739000083.7,-15.335686846350958,-11.146694582600178,78615565858132.8,spline_planck_anchor,0.54
0.646027397260274,75.52474074712424,410.4346649717266,0.7954734163387213,17.89047394656639,1.1185639542023242,0.0005383997256253844,-0.11910235392794963,14.532628485056918,,-31.52820910049317,76.1825365794856,191.62582072577484,-2697.275288344516,379.3012190976808,3242.6580336847237,0.12129482907211213,0.5583691204116707,5.0389634734098605,-45.98543621851763,15.369243832785173,158476958532992.44,0.17056009772855119,0.7851570629560833,7.085595561245469,-6.089006079429731,0.21446501645593402,0.8293578063756579,-47.110643563640885,10.154969656368976,158476958532978.7,-23.84048255034575,-18.024223486299007,13.407158791256393,spline_planck_anchor,0.54
0.655,79.92712917801437,557.9783558500664,0.7102573365894412,23.107402666124415,1.0151581217563475,0.0004912908117885278,-0.01564941256813598,20.059963137608218,,0.8825260566312574,80.49713423439658,164.37854132691737,-3029.8895970467397,496.9174318896747,3916.074027803767,0.16646487313478522,0.6458120526513387,5.861142273040987,-61.028253738998565,19.0661647948872,13555.093091663364,0.23792526911636755,0.9230476288006437,8.377225935909427,-7.381280135981698,0.07650565771782655,0.7619595857686952,-62.718427388464555,13.880378318401187,1940.6150648773264,-34.139836261626215,-25.892544510812733,-5.221181369607041,spline_planck_anchor,0.54
0.6639726027397261,85.30659392000405,628.2257205755898,0.6235035822157481,24.508079372023168,0.9057355995251605,0.0004407116788921365,0.0938236887959474,21.789109726732118,76.41154359613166,35.704360506495384,84.99128256034905,136.18730480330296,-2961.8373641464327,527.7415850409027,4024.5972182642067,0.24464194860087474,0.6281388710021388,3.2637997581101956,-70.96084255607475,20.880575420321208,357.0690772494208,0.35538035114021876,0.9124690749816995,4.741175054899864,-3.7434820098428556,0.08708693697346367,0.6444467283394015,-73.04954120381984,15.388969884378714,333.2385602878561,-48.56061235014084,-33.58304885396959,4.297570190071329,spline_planck_anchor,0.54
0.6729452054794521,90.96958574528367,621.1767591482952,0.5482917647574875,22.847079547710965,0.8094328829278791,0.00039597658912806234,0.19017114048299286,20.417196992570815,34.787408718125555,70.05740582730816,90.04358192010402,113.05305774242441,-2533.363385607551,523.8351507698702,3579.7413696339777,0.35500914347578716,0.5596271459898347,0.9244769757531424,-74.01691727856854,21.46959504310096,165.8218429443854,0.5240933622201359,0.8261670943454872,1.364788077776968,-0.3654557355152675,0.1734287426473399,0.4756502499973393,-76.69554044852225,18.082763453389013,161.92707600712757,-73.09817815584445,-30.455401613798525,72.52155685684124,spline_planck_anchor,0.54
0.6819178082191781,96.22407181375176,538.882669270785,0.49004582767639315,18.838453640613615,0.735148327314873,0.00036156525735767174,0.2644901074277693,16.631562397639563,19.960534919289994,84.37698064030734,96.11347706539745,107.07013199396327,-1680.5620456811048,447.5622727915355,2673.367537903165,0.39579243376915124,0.49117423713216435,0.6373181175190864,-60.36235250363924,14.964349490426557,89.66942096124868,0.5937529292493369,0.7368411247576547,0.9560806798073879,0.04344909460111567,0.2627964774227408,0.40595504746407685,-62.765367123620564,12.931889456316071,87.65659392085475,-73.88268177965247,23.04838513735419,105.42666514983702,spline_planck_anchor,0.54
0.6908904109589041,100.56674810295999,427.411631244796,0.4486372632606174,14.372667754240675,0.6838576306338556,0.0003381334290872418,0.31580423593705714,12.31974232862276,12.003564578614673,77.90006933825627,98.23869640442962,121.74356240375246,-1027.5603210684687,353.52753291173065,1724.8755339226623,0.30613465303579634,0.4701528587677641,0.7477021509269888,-42.98865485544343,12.349641292576313,51.11821234457018,0.46664094943527334,0.7166538456835326,1.1397221390763894,-0.14028567472742157,0.282991804797716,0.5331283199311606,-46.39197603806535,9.92362740566606,49.688176823008355,-16.887877057072945,20.412217183537123,40.691088423765834,spline_planck_anchor,0.54
0.6998630136986302,103.86370598028994,305.791237004781,0.42060703043093217,10.00933307340721,0.6513917767863873,0.0003237897872696663,0.3482844334263431,8.05386258389897,6.708127621119805,71.64342329610972,101.31501965137866,132.01952156456477,-705.5576763686034,235.5497878050199,1216.796266185112,0.26033251456400575,0.4420348487946646,0.8839984590669726,-30.236250092379716,7.926703829501958,35.4548646565024,0.4031755223952734,0.6845769203212138,1.369043513937698,-0.3697240296026758,0.31508279442604004,0.5966240696148181,-35.13276099980711,5.663474055700334,33.61465761499033,-11.332282884365197,10.31117555711041,25.645952925200387,spline_planck_anchor,0.54
0.7088356164383562,106.02387930436916,174.0214865507432,0.4036423963609015,5.609568640471426,0.6350700155882483,0.00031734294359874983,0.364612641468153,3.7030892219322857,2.3854094279538134,68.65418780601365,103.36642972493647,139.48527846606424,-823.7539314602342,143.36018773465793,1061.9644581865452,0.2332101939301421,0.4246636947379383,0.9626537926771993,-31.643559968317614,4.594480379637216,32.032022504263665,0.36692082603268333,0.6681438363968375,1.5145895590585527,-0.515346395780832,0.3315222937516735,0.6328958245221488,-34.67860115629501,2.4165657552433872,30.36526043708595,-16.809290604821342,4.7337997568155945,21.936686794227587,spline_planck_anchor,0.54
0.7178082191780822,106.95620193382524,32.102379882680985,0.3966360751385141,1.0311834380911482,0.6339284046773044,0.00031843576430668033,0.36575315955838894,-0.8718755189979916,-1.7945937455474943,67.93345712230058,105.13740103879212,143.20354134161843,-927.4592025564399,22.19342919538194,958.7266276005311,0.22125683691715384,0.4104778815918977,0.9831936918768319,-37.71315663579629,0.6560745410917956,31.59396824802391,0.3536264158570437,0.6560512392676303,1.571401210448666,-0.572190558806919,0.3436192121961957,0.6461959500486617,-40.41754033582776,-1.7266773458648026,28.91616298483521,-24.397978504740934,0.9434376992792382,18.752387440807777,spline_planck_anchor,0.54
0.7267808219178084,106.56960772728581,-119.96608299940763,0.3995189858803521,-3.887696235761552,0.6485941738936002,0.00032750445359768464,0.3510783216528021,-5.834788775256744,-6.53987378826449,65.80580367825694,103.78871802925681,142.76111320882202,-1033.1308549097237,-128.79277007577872,825.8234661055702,0.2226303471375122,0.4212150590261189,1.0477969980793567,-39.02901107323751,-3.9074605530735216,26.94889119054375,0.36142649332951626,0.6838163964563297,1.7010331233194498,-0.7018920516694535,0.3158383138011829,0.6383910061316598,-44.45994472410411,-5.77520462212077,24.08745224055782,-25.52245671666053,-3.161860077850651,14.296170512228876,spline_planck_anchor,0.54
0.7357534246575343,104.77303054337844,-282.1839020955187,0.41333782036730876,-9.349766288238344,0.6815429161006546,0.0003459299700349876,0.3181111539293104,-11.395778756420448,-12.941086855605594,63.15709646353512,101.68472004906823,141.04830740774523,-1069.1483501675489,-262.1492141274574,532.2376425985074,0.22807041103091177,0.43882661284288915,1.1375226511917533,-37.95275749184878,-8.531590961510586,20.12879204868559,0.3760598845567832,0.7235707807084815,1.875634085782033,-0.8765860992616882,0.2760619572855971,0.6237492391513166,-42.02676644193242,-12.250330596355841,15.743711084111567,-29.7777667268279,-7.417253816687301,8.23447722017818,spline_planck_anchor,0.54
0.7447260273972603,101.4754042407307,-454.55107740565415,0.44063863867961256,-15.630725523393115,0.7378842950997332,0.00037646313731318323,0.2617392417629536,-17.84588426124157,-23.727306944932426,62.54632263514085,99.43873047660352,137.5257322471879,-1202.3381413846978,-399.6805670455941,399.14830107561653,0.23990349320785076,0.4588735497404177,1.1598467442191378,-37.839779307394686,-13.912882200875101,18.01348576744585,0.40173739758294374,0.7684200977125673,1.9422552226613365,-0.9432461469829976,0.23118786000833766,0.598057638953171,-40.77852596114238,-16.38041459034239,13.40033369324766,-37.57518999719111,-14.313219571866052,-0.5340053219672001,spline_planck_anchor,0.54
0.7536986301369863,96.62860705505855,-602.2349475137194,0.4859512671514508,-21.859750122935054,0.8263833870326702,0.00042378296084053234,0.17319283000648925,-24.34059541587643,-47.84681118143368,63.37003001631196,95.33081712693814,126.63441541609379,-1640.3343794500443,-528.0062531847207,614.7581616375002,0.28294414547633256,0.49927236879881776,1.1298962813605373,-49.514987713879115,-19.485033329856705,31.412292991602282,0.481160060864548,0.8490365579213609,1.921442702392081,-0.9224280497384614,0.15052804220005522,0.5185931923609755,-52.2107933852015,-22.43211774665302,25.93003356441215,-60.58339779982367,-27.939025744921413,-8.155101628409703,spline_planck_anchor,0.54
0.7626712328767125,91.73953245099732,-420.903648600159,0.5391270370795807,-16.174373977688248,0.9309557384410739,0.0004798519901971186,0.06856440956872895,-18.969160600972256,-93.22063711230813,68.19570064949876,90.90557744860664,115.14470579044338,-1619.5562772819158,-362.90152127491876,1029.7276399657007,0.3422285511638867,0.5490643301861939,0.9756412772627743,-53.99306605609575,-14.263004590470125,48.4604423948676,0.5909546575334645,0.9481152934362855,1.6847213796730571,-0.6855897527584602,0.05139600984946082,0.40874074069351396,-56.25127989207875,-16.707651194595318,43.85357146705575,-82.66830081804717,-35.48532955596127,-0.7111891877998753,spline_planck_anchor,0.54
0.7716438356164385,90.27127066890058,160.26684180965006,0.5568074604902894,6.29072262397211,0.9762437549982868,0.000505756690331374,0.023250488311381875,3.3599683322159244,,74.65551758361237,90.21176833831404,106.84867980849198,-1112.7851165355473,196.98816029158922,1550.400814945166,0.39743474929757133,0.5575422405869016,0.8141048448146833,-40.367298134396734,8.04650500112549,69.71274389144422,0.696817516919442,0.977532036013744,1.4273601326468655,-0.4280995964671485,0.02196153988398026,0.30282148704927203,-42.71429794623212,4.788155486892862,65.8426482746581,-78.65917234656828,-21.47559820345458,50.82924268007796,spline_planck_anchor,0.54
0.7806164383561645,95.81141993383733,1141.2765237157073,0.49427609168897096,42.4203240123461,0.8798420412650677,0.00045812293945144794,0.11969983579548084,39.7789653967931,109.77421321546184,84.54914304166114,96.32334716541527,108.60772370240576,-631.6501880415456,1126.517360616645,2879.9827222977838,0.3846650739305369,0.4890362268381837,0.6347254636506648,-23.845805490224812,42.06007635733904,108.92758720333617,0.6847276442077881,0.8705147574579222,1.1298506178460557,-0.13043891717924566,0.1290319762046917,0.3149158265217566,-26.290461561847735,38.99502500973512,105.77428409962067,-33.83970361418384,55.564485868201686,202.33674744246008,spline_planck_anchor,0.54
0.7895890410958905,110.97604235172307,2174.69494301182,0.3684221148957226,70.1378451649241,0.6657782400971837,0.000348409396061003,0.3338733505067553,68.13911680704831,67.02890647369357,89.37247646161046,110.46933641591554,134.49670617482408,-503.8267323136415,2204.2324724808996,4676.797396321736,0.2508307980322775,0.3718098474255246,0.5680633101070909,-18.898343414844163,69.19502996898163,132.81741869497418,0.45327812996070693,0.671900235792936,1.0265512725095935,-0.027088478575127504,0.32774815110037603,0.5464846643903306,-21.428448705099832,67.24199239274299,130.8849236792024,20.887158745996363,68.0106937527684,109.11083268358833,spline_planck_anchor,0.54
0.7985616438356166,133.65553303944566,2814.7381022440863,0.25399798564360465,75.75414010948252,0.46594024678993096,0.0002450543990524608,0.5338146988110166,74.35533915151652,45.430180933028296,86.45790394459537,134.22247421232186,180.2233351719605,-524.3897852120991,2745.258477746742,5937.952050079688,0.1396955641695695,0.2518569510456018,0.6070142977956137,-22.08437649121483,73.78703724608303,121.45623380973923,0.25626103088848146,0.4620126794651294,1.1135221840568412,-0.11410782462239812,0.5377443317819115,0.7436041924027933,-26.310110692155014,72.43967628011643,120.46076380779905,27.933802484931793,48.53738661267539,64.16360159534193,spline_planck_anchor,0.54
0.8075342465753426,160.30553443953218,3059.7248117220133,0.1765660186514849,69.00020515972862,0.32876887712613934,0.00017377375396566934,0.671057349119895,68.01320343333435,32.78409884169364,82.84437791754142,159.38429308882485,235.13608777566023,-622.6373009372892,2953.2422447287754,6333.9207525019565,0.08206647007263027,0.17861305568458158,0.651542895092593,-25.06954460862127,67.52999846922714,100.49600265059263,0.15280913859614662,0.3325804942875095,1.2131837578663345,-0.21382499707880953,0.6672437172939112,0.8471100927560232,-28.0943859225527,66.50423294646842,100.0051352680605,22.2460936782908,35.02139048300427,43.30461854356713,spline_planck_anchor,0.54
0.8165068493150686,187.3813619685707,2909.655071445609,0.12922643825724986,56.41338403028354,0.2442229452870155,0.00012972702377088782,0.7556473276892136,55.68019628632741,23.561809125340123,79.49534616783428,185.1366353672165,290.42546139472546,-552.1314447901412,2817.690099715172,5998.263116934354,0.053794282313671976,0.132379129245754,0.6623796613313151,-25.47819138840846,54.85972525095947,77.25846335261981,0.10166493980196903,0.25018116474408647,1.251820555995817,-0.2524855015226747,0.7496859433285492,0.8982810575323648,-30.179121093118567,54.210148245443186,76.85989601573215,16.672798429360093,25.02988106895716,30.48126977034873,spline_planck_anchor,0.54
0.8254794520547946,211.33833104314917,2364.5288814148757,0.10158921632044311,40.84823482335232,0.1948509050170505,0.00010401268953495701,0.8050450822934145,40.26326605754303,15.671226222031745,77.22558903447289,206.9504428025635,338.6690835602752,-370.08652245305905,2292.646564024092,4818.243731123504,0.03956010931620797,0.1053424840540184,0.6158574977495684,-18.078514842098894,39.44846280042633,53.818321232761164,0.07587737539506349,0.20204977553842166,1.1812315828829905,-0.18186213203999096,0.7978423689678005,0.9240821207648902,-23.410882748940296,38.66128419320401,53.40045474417461,10.782471348733559,16.602658668038362,20.427762592826497,spline_planck_anchor,0.54
0.8344520547945207,228.63175707985556,1424.3462416298,0.0868022632562408,22.856797525148863,0.16895619342086354,9.063322466484391e-05,0.8309531733544716,22.349566411987613,7.965433564190201,77.82157432546309,222.57985043641736,373.4098892931415,-90.30896675834975,1324.4781729879508,2802.609694577732,0.03254112221640243,0.09077019857365573,0.5737382020642334,-5.796890581308232,22.13261187991642,30.531399527526837,0.06333964038583012,0.17667957783299099,1.1167522482074645,-0.1173513079717589,0.8232256458847833,0.9366263823106982,-9.92944818968352,21.47479041605552,30.186974426251428,4.233277262066664,8.253003186629567,11.092088983576124,spline_planck_anchor,0.54
0.8434246575342467,235.7169554952773,89.10715209040113,0.08166246982129134,1.393725122411831,0.16129565122765024,8.694707990398322e-05,0.8386174016924458,0.9094903804092643,-0.6384961014109705,76.40597371034305,230.72752759538608,384.0353529495987,-495.16373624196046,81.15954330143842,634.7194040789958,0.030765341863326186,0.08480804437713907,0.537775262293728,-6.086798552986548,1.2580712862072296,21.933863629858536,0.06076617400803489,0.16750863373455824,1.0621869671050765,-0.06275954333015793,0.8324010700519291,0.9392010697375545,-6.923471299540454,0.4291196062558274,16.86204741466322,-3.521285121567733,-1.167821963554106,2.6641406435277037,spline_planck_anchor,0.54
0.8523972602739727,229.0492417060026,-1641.1883872033256,0.08648612525579995,-26.54567069862715,0.17332962644790909,9.388882010599979e-05,0.826576484731985,-27.0660351332513,-11.91491456354354,81.43546994975786,224.72569377768136,365.3678948529922,-3984.512136207451,-1638.3030077422359,858.11287944485,0.03398939161891655,0.08970237849433166,0.5227351531600146,-40.653754153594335,-26.472658244247928,37.58528202034036,0.06811923340389689,0.17977542305109534,1.047630340247434,-0.04819781840202885,0.8201271965835266,0.93184386791593,-40.96426517792764,-27.229415941947984,33.2535805221483,-16.615965853873014,-13.374982077517943,-5.8486190386325845,spline_planck_anchor,0.54
0.8613698630136988,205.08393112861876,-3766.540376251411,0.10787998809024703,-68.37127322063805,0.21936275650828868,0.0001193995041413364,0.78051784398757,-69.02983908817947,-30.48035914870504,90.21743870804063,201.00915941575698,307.6036320426506,-8464.744772735912,-3683.2126569397924,1392.298594524904,0.04795384076446227,0.11229856728069845,0.5369382229038108,-102.33819677964915,-68.42116426775749,53.315241006684616,0.09750915699445639,0.22834747858905813,1.0918081354653975,-0.09240240840428265,0.7715282315080001,0.9024377686132461,-102.81170916020918,-69.59495622171401,48.96984354225783,-40.803094930337046,-33.49991521908799,-17.75511414318782,spline_planck_anchor,0.54
0.8703424657534248,160.27633917971428,-6286.9488150538045,0.17663034954789136,-146.73091997226717,0.36437846566356813,0.00019928783429672974,0.6354222465021352,-147.82485252059507,-78.54678264956338,105.18693055912547,159.77954553835673,211.65567895710666,-14022.133709884998,-6120.055125741778,1980.200094954388,0.10128485209478756,0.17773320383299168,0.41009180841733,-250.32598835889053,-145.32393654039453,68.6676244897211,0.20894494686629983,0.3666535919557594,0.845996309891176,0.15354099324743226,0.6331458758856101,0.7909407758372293,-251.03650778361103,-146.31659154862513,65.81028961996452,-115.20582706957747,-85.88218168892843,-24.583831363652433,spline_planck_anchor,0.54
0.8793150684931508,94.35109706095606,-6697.234708046136,0.5096948535219614,-266.7952890030528,1.0666771875082837,0.0005861915495684869,-0.06726337905785215,-269.9976653317759,,60.79186511933457,95.04913634177285,130.38045355984013,-14855.431531356517,-6540.008119449569,1822.8715064846183,0.2669189271752292,0.5022435718662873,1.2277620643792848,-877.3302980751599,-254.6277417287435,59.755552303044524,0.5586015408329685,1.0510833236407449,2.5694310560760476,-1.5708430847478048,-0.051660945595564986,0.4410914801609676,-881.847112072063,-257.86767322621165,57.359814265062674,-381.54874487145094,-7.416016732860982,106.60886108525551,spline_planck_anchor,0.54
0.8882876712328768,74.04769414554394,1411.8302524323515,0.8275249159465297,72.00606825923805,1.7567482208738912,0.000970028803804445,-0.7577182496776956,66.73194348140115,,18.67546838548451,74.08599604934048,131.50727396829203,-1099.499246888513,1282.937264050721,3841.156502470932,0.26139183501042634,0.7990256617517597,5.5514726909300345,-34.80195671860778,65.77232749494601,643.9328635683321,0.5549073293826954,1.6962473064746804,11.785191702495505,-10.791699166270885,-0.6971839283116092,0.44478626581407354,-39.35532051281366,57.78729635829398,489.319872065653,-55.76427041442705,-19.58096452297049,27.74637630416095,spline_planck_anchor,0.54
0.8972602739726029,104.53518445624209,4538.385664416135,0.4152208729622645,164.73876951291555,0.8940954561236432,0.0004960412021628494,0.105408502674194,162.05449897973597,511.46498106080514,79.12895818502558,102.70341110380315,129.73817111325124,-1869.3865121091187,4501.715757012785,10385.612308295544,0.2695682007625386,0.4301643966773103,0.7246582867316934,-62.31500968511366,162.77298371552672,440.7180816683048,0.5804614341705211,0.9262733583489791,1.5604073003045635,-0.5612730091142946,0.07321274825512009,0.41921652774546553,-64.40139729407672,160.88287181210194,436.56336114348676,-104.12261642323003,71.72447304749362,402.4694679880134,spline_planck_anchor,0.54
0.9062328767123289,142.89888996065184,3834.4332915922023,0.22220122381954413,102.30062397274042,0.48528658259247337,0.00027050867040046434,0.5144429087371262,100.8436821902814,64.34167379741338,93.03669229157917,141.03379924380715,188.70818223045194,-1494.3073275286163,3822.02275632113,8759.309769620691,0.1274156290275121,0.22812402266470094,0.5241985030495325,-56.85553417615986,100.34013748870052,188.6879545143351,0.2782752233167181,0.4982219515411299,1.144847430505569,-0.1454855918876187,0.501500329349152,0.7215696603801222,-60.470945951274125,98.99084655923872,187.773934431855,20.71752001772945,72.76578517642652,110.60788865418216,spline_planck_anchor,0.54
0.9152054794520549,173.35337424892705,2966.5832451233414,0.15098700070592244,65.54953442270302,0.33443340889130796,0.0001872975004241251,0.665379293608268,64.54548500602739,31.33518366945534,84.01686473373492,170.80388077967206,256.7575423862163,-1119.038333136824,2957.7042754349795,6724.563588730497,0.06882707161333382,0.15552804317109148,0.6308820861134794,-49.85901868827151,64.44796272955728,105.26497703533137,0.15245068831114628,0.3444917338096537,1.3973921309843902,-0.39817473238211976,0.6553153355831045,0.8474639325607539,-52.606382858944876,63.21654170107409,104.60778119008675,19.453609446594726,34.97904112699491,45.23862477583119,spline_planck_anchor,0.54
0.9241780821917809,196.3625379337005,2174.8656456208178,0.11767572529762778,42.62349479744871,0.26433011489695807,0.00014873009606445318,0.7355211550069775,41.82990953237358,17.95703894108333,75.67385731038452,193.78650233720907,306.09002905844704,-752.5009949866225,2161.27366328016,4871.8007526833935,0.04842903400104133,0.12082699714380846,0.7055447514800692,-40.031173942049115,42.263413214456136,63.52602593399234,0.10878413614589383,0.27140868651455985,1.5848359952911377,-0.5857277317847944,0.7284386005036682,0.8911546545022108,-44.25377275002278,41.40450665184929,63.18399820179673,12.16255748031811,19.870737403527528,24.83310817367505,spline_planck_anchor,0.54
0.933150684931507,212.60948721720453,1459.280493084626,0.10037807827770623,26.53700097429569,0.22864408498439345,0.00012925061810106398,0.7712266643975054,25.850551716870108,10.172915784779896,71.88207095580746,209.54410634349955,342.7256502509676,-525.7347818256058,1419.5177579872964,3232.7389669779286,0.038628795789710346,0.10186321388572554,0.6997657397893446,-26.064588622996816,26.32446363997077,38.097857095695325,0.08798978640487619,0.23202696975365422,1.5939466068967068,-0.5948476517856472,0.7678418673113465,0.9119604736935637,-33.915385873396694,25.477403879930037,37.851884479913345,6.776269200377037,11.30849270670492,13.994123732326985,spline_planck_anchor,0.54
0.942123287671233,222.7773283016711,819.8277875147792,0.09142441170094029,14.294153270896306,0.21116237241936223,0.00011992239099302766,0.7887177051896448,13.660186464074247,4.773162511839263,69.10910036730432,219.09158656317277,364.0044375762722,-206.5638991687209,795.525624529188,1765.1040545195651,0.034244507333325666,0.0928493004988572,0.6391851144721397,-10.681629753362277,14.139141514218334,20.02305041414637,0.07909431711183683,0.21445342886045954,1.4763217249741456,-0.47716015101144527,0.7854247797064791,0.9208607639970116,-18.433254563319597,13.418318077991161,19.653419262494413,2.5739311432649585,5.29503143857727,7.077841373364285,spline_planck_anchor,0.54
0.951095890410959,227.5491673893325,256.5075289112698,0.08763017025793521,4.398792500628686,0.20521706342816023,0.00011708439959001943,0.7946658521722497,3.7826729727458455,0.5866933094816995,69.74055053197222,223.47867450472262,373.6218206042033,-20.021621249619024,254.09866693995048,538.6910368761731,0.03250423278185323,0.089381581864025,0.6572383148834533,-0.5745989275301063,4.194902256996404,10.04590611950264,0.07612016707080664,0.20931861367732452,1.5391561668298968,-0.5400343159109635,0.79056196182748,0.9238364033824038,-3.564625853342222,3.487873096826707,7.8500356984070585,-1.0165124132030021,0.4790156481806468,2.315362944426299,spline_planck_anchor,0.54
0.960068493150685,227.60811068242103,-230.68028272590033,0.0875847892565253,-3.973049579002111,0.2079535809239885,0.00011919131226464554,0.7919272277637468,-4.597387087023136,-2.9351050306332187,72.63293527745174,223.64169300220138,372.19642506428704,-782.1614218793804,-211.2683819225041,365.00011516228585,0.03275365502649118,0.08891513264876366,0.6321080003719632,-8.77501400093462,-3.59814116870073,18.303312348032676,0.07776738300024373,0.21111223066925716,1.5008213563550739,-0.5016815717269086,0.7887667675971022,0.9221880436079927,-9.543005799781314,-4.734401774509371,8.897225381471875,-4.722843113969026,-3.472872442767073,-0.8129566029712741,spline_planck_anchor,0.54
0.9690410958904111,223.6372643831688,-641.7356473967385,0.09072266822073882,-11.300476831598344,0.21837560772571032,0.00012573779998976012,0.7814986544742999,-11.956106605975434,-6.099649047175089,74.89711627039998,221.3243737013595,361.54866043300575,-1713.9483627405318,-624.174835843668,526.8724019416771,0.03471152803253398,0.09178010134704404,0.6334099619239449,-19.11151109766758,-11.089497205830146,30.11724176588868,0.08355299924324587,0.22092092088850604,1.5246606838999566,-0.5255385634494218,0.7789518757536944,0.9163988920397742,-19.665605040148467,-12.093969276284312,16.960317968209836,-8.674957466245752,-6.930174552403299,-3.4766455204462767,spline_planck_anchor,0.54
0.9780136986301371,216.31973469380813,-976.6585651012326,0.09696430160233455,-17.861005824449066,0.23660489721835729,0.0001368547811886258,0.763258248000454,-18.571367935228892,-9.110565453602472,80.565858133719,213.1606347810379,343.6748325112343,-2488.7659300095083,-929.9929573593283,672.3957310917657,0.03841571516871723,0.09964771610298293,0.6069419881073859,-29.148843409417164,-17.485111131181917,34.24219056170224,0.09373909973941574,0.24315276072717745,1.481013572423812,-0.48187020637676203,0.7567065971379557,0.9062066805714126,-29.55499976152231,-18.452244503462957,27.784977797142844,-12.649819237409243,-10.239318652423577,-5.577045764724123,spline_planck_anchor,0.54
0.9869863013698631,206.3386278165712,-1235.4490358393898,0.10657199133602428,-23.794093585188847,0.26360380244820764,0.0001531628693898559,0.7362430346824025,-24.58551764401103,-12.131069717405039,88.03471020590099,204.40614325093048,318.76213320021094,-3081.0267134371393,-1171.0557854893946,812.1596385254438,0.04465511546884335,0.10859729203193444,0.556545594278924,-39.423173940191965,-23.154345517943632,34.67835188010662,0.1104535824918181,0.2686133453670369,1.3766049883139473,-0.3774048431266183,0.7312305810469575,0.8894822401804207,-39.85215352751739,-24.242904288439313,29.330133013405952,-16.903584810266445,-13.60364017579789,-7.5499842568562965,spline_planck_anchor,0.54
0.9959589041095891,194.37704995369015,-1418.1070596112086,0.12009202937612472,-29.123637932420678,0.30108764854907255,0.0001757322563723129,0.6987366191945551,-30.027603807093385,-15.32471262286052,91.8856633933498,192.4755592599264,288.2766574787602,-3494.224807582353,-1343.084415015192,888.2541932237647,0.054599081737652,0.12247659207743467,0.5038670100803249,-49.69653100773178,-27.974089062947403,35.5309821201973,0.1368875954443358,0.30706608342343544,1.2632656308221042,-0.2640029460881798,0.6927546949580246,0.8630325089965711,-50.12948788384489,-28.929711043048634,30.728308821537553,-21.825071384476384,-17.358981088591204,-9.102988047564768,spline_planck_anchor,0.54
1.0049315068493152,181.1181073073971,-1524.6326364166914,0.13831854590881673,-33.75459311679455,0.3514819341129723,0.00020606749822255045,0.6483119983888053,-34.80986318912636,-18.89769086264862,99.49396402224987,179.12818184260772,255.71423736353142,-3745.2637788115567,-1438.802476224919,964.8268202606371,0.06938988680953871,0.1414089907079098,0.4583643819054353,-60.2975131247412,-32.38385513713803,35.23918534511954,0.17632698105267072,0.35933507852045243,1.1647519746688588,-0.16543484767647315,0.6404542498248544,0.8235696416288154,-60.888289150242045,-33.33174619485932,32.37067843552758,-27.91554721812866,-21.401771852531226,-8.879556954292928,spline_planck_anchor,0.54
1.0139041095890413,167.24490607992442,-1555.025766255834,0.16221774466477362,-37.45014248365664,0.4177713891051154,0.0002460279413356448,0.581982582953549,-38.70444076273733,-23.168155254356655,108.10799454166023,165.06230858872772,223.07439670851852,-3828.8132665129356,-1478.3603568880021,992.1284441982364,0.09118108155912223,0.16653610073753206,0.38822951763755476,-71.38844697053617,-36.05762031789412,33.812537665587094,0.23482540200383742,0.42889277178057406,0.9998362707496744,-0.00042508000224719146,0.5708546508327338,0.7650363079846038,-72.30504373581572,-37.11418721151938,30.815149316715765,-36.48181248389659,-26.371704309916527,-6.87526376404956,spline_planck_anchor,0.54
1.0228767123287672,153.44055247350462,-1509.286449128639,0.19271869666212185,-39.79522181012605,0.5029861943018665,0.00029753114255254715,0.49671627455558093,-41.30537051760186,-28.718956564327296,115.32016507447052,152.4608020563536,188.8075098083357,-3736.3974713164225,-1446.3700305693005,972.9708908917539,0.12728160435681196,0.19520368740071795,0.3411879822197642,-83.26193684262255,-37.949655352376155,32.129043307729496,0.33219864439157865,0.5094718962920228,0.8904836307560084,0.10898962195930523,0.49022673608174927,0.6676048503298672,-84.34842399553648,-39.56239869308462,29.65620137759149,-50.463264412712576,-31.656553752835183,3.0114410236075337,spline_planck_anchor,0.54
1.0318493150684933,140.38815269036925,-1387.4146850351049,0.2302201000064874,-40.1603343798103,0.608894007129393,0.00036177632837647457,0.3907442165422305,-41.988463506511984,-36.819223700929676,119.87317496134052,138.92275442022492,161.33579753743,-3470.701450213063,-1325.9739989006453,917.6763773455141,0.1743182532769262,0.23510343734632475,0.31576221180392294,-94.33167127153695,-38.03728038656284,30.10283875935246,0.46104288787379155,0.621809625013906,0.8351387148207862,0.16436508483170623,0.37782092480190316,0.5386831820148162,-95.85881746473385,-39.78172775205677,28.30466353863616,-82.16987091261868,-37.15018450654948,20.906016001530066,spline_planck_anchor,0.54
1.0408219178082192,128.76074670236346,-1197.3119236343828,0.27367629631202667,-37.9541200060673,0.733460084345141,0.0004377120918247524,0.26610220356303427,-40.15625110747002,-51.30178952521377,110.77931550895781,128.4441674795886,148.0676594071465,-3053.4557965145314,-1151.5198304154833,881.9723609699593,0.2069587247840279,0.27502716178356834,0.36973189603141626,-103.34947055586923,-36.247985406007615,26.36411687901481,0.5546551374072555,0.7370804413729424,0.9908917626505249,0.008516895958908578,0.26247968598951044,0.4450138571766111,-105.60928473630746,-38.3289994300541,24.307402421150567,-130.28701260293857,-29.813606085656545,26.871061179012433,spline_planck_anchor,0.54
1.0497945205479453,118.89398471082949,-1003.8245413874694,0.32098474426309825,-34.61292090650519,0.8716444035566325,0.0005224643045794758,0.127833132138788,-37.2299439743934,-98.07953734032212,90.94956389030705,120.2377350481294,150.91480611316712,-2633.755145126073,-964.0060337444775,836.3779979892556,0.19922345059435295,0.313850327607529,0.5485350492340141,-112.6641700384653,-33.3794277914965,23.429467155792512,0.5409976918575092,0.8522706655157648,1.4895645801396353,-0.49045742625820565,0.14721848281266442,0.45867803372312654,-116.6192569420708,-35.8547911028028,21.572976999636374,-90.71006453553058,-4.61580215843437,25.752667271128846,spline_planck_anchor,0.54
1.0587671232876714,110.71411085485232,-821.3032705178933,0.3701674300774914,-30.54483585760148,1.0184596970236468,0.0006131377025236263,-0.01907283472617043,-33.60266749948252,,69.89077289719451,112.10335170200008,154.51757725768715,-2238.1821844652445,-784.5690506309681,769.047423448459,0.19004164911815008,0.361050278791599,0.9288914568426796,-122.76062256950632,-29.33155024215147,20.872788649018414,0.5228708542570245,0.9933752342052815,2.555704351152137,-1.557242947818038,0.00602672955369255,0.47681436467188093,-129.8033008850199,-32.287823165121964,18.997609122268926,-37.31616046105843,4.815157103736277,20.686564646605266,spline_planck_anchor,0.54
1.0677397260273973,104.12273057344377,-649.7481110256591,0.4185169574813609,-25.806276375576996,1.1666071801438103,0.000705387025115791,-0.16731256716892606,-29.30891946410889,,54.14181619548981,104.94270745772242,161.39058220279088,-1839.2299790377306,-626.0619105988526,701.380554902435,0.17419986566021167,0.41200232014061133,1.5311058955904813,-134.63326191532698,-24.043661765009876,18.472432122104664,0.48557844652767945,1.1484477661418344,4.267925347889697,-3.270505941611221,-0.1491421731085049,0.5141279492997367,-145.77531597385484,-27.08953110819479,16.992906741166458,-18.419700827673307,6.670292446934009,15.809032881390976,spline_planck_anchor,0.54
1.0767123287671234,99.02144930561496,-489.1590629107573,0.4627491183495334,-20.51762852995002,1.3067683107873769,0.0007935638682618762,-0.3075618746556388,-24.4411077177852,,39.8992077545223,100.56836978563564,167.14694572517743,-1472.0594733055095,-480.4062998030339,649.8276176002355,0.1624080051152908,0.4469253536211824,2.30756817289978,-146.33621761504273,-20.253175249973893,16.181035283803663,0.45862785273326107,1.2620832028435403,6.5163969930014245,-5.520354218748492,-0.2628496306947891,0.5410936353913718,-168.6857477802329,-24.196384337098774,14.50161338169232,-6.096943352610779,6.80721744588468,12.941667879368246,spline_planck_anchor,0.54
1.0856849315068495,95.31187249037775,-339.5361261731935,0.4994708573311598,-14.859961588376752,1.4288289292442293,0.0008714367852732466,-0.42970036602950257,-19.14993412325053,,29.489816457678483,97.18381599843387,170.37129263419396,-1167.28369819398,-328.8671533082776,582.6614490119279,0.15632084704693355,0.47006942944321106,3.1670826636491616,-155.08804423801297,-14.469814044123535,14.480675067919522,0.44718474606924147,1.3447206972807857,9.060026755734171,-8.065552428142473,-0.3455408368073198,0.5525425178252934,-200.40285870990252,-18.476721005082595,13.251046594384785,-3.6802819352898526,5.594708270685928,10.657917774146293,spline_planck_anchor,0.54
1.0946575342465754,92.89560556674371,-200.8793008129699,0.5257918095825803,-9.059058033046657,1.5236207267311064,0.0009332475328525828,-0.524553974263959,-13.633653203371388,,20.829653722002526,94.69290803968855,174.95333287283236,-857.4466263325945,-192.8913225740115,516.906194774136,0.14823807825336707,0.48852183640008456,3.574284617772909,-157.49908887047442,-8.887419163141981,13.076251918448746,0.42955900872043656,1.415621129569933,10.357434306932948,-9.363778438280104,-0.4164882252345211,0.5701778779744806,-246.42788873662542,-13.971307501913474,11.256826522503195,-2.052645187203724,4.911086534417819,9.402068888551193,spline_planck_anchor,0.54
1.1036301369863015,91.67425397372426,-73.18858683008013,0.5398951027160903,-3.358886716074589,1.58467975896136,0.0009748052174901005,-0.58565456417885,-8.11682521382863,,15.410437240122457,92.63953967571831,178.56654948364837,-597.4942742983698,-52.34159520238844,486.1828757805672,0.14199749173425788,0.47931258569820834,3.6785683132070246,-124.49658304586981,-2.3185518625647177,12.50053833591334,0.41678568640933006,1.4068602381281536,10.797195082099552,-9.803836904865806,-0.4077256588496916,0.582957930646804,-327.99339385411577,-8.541775642815939,10.701596434936029,-1.9203459038646873,4.0384526724526095,8.452032203302622,spline_planck_anchor,0.54
1.1126027397260274,91.54942315033107,43.536015775468975,0.5413684380138113,2.0092820476428903,1.6094238001839274,0.0009942491041979797,-0.6104180492881254,-2.8229663493256836,,11.473606108673179,93.56867009174653,181.53444274254375,-354.18247628683787,50.018019267562735,474.3327766347932,0.13546026432958866,0.46807910539956465,3.9186726290872262,-73.10627181973032,2.249792821164924,14.052486459017759,0.40270721025240847,1.3915433551367127,11.649746367780322,-10.656943198030362,-0.3924030048660998,0.5970440104745364,-217.9510404607425,-2.7164158654375106,11.057955183133041,-1.7897534978026362,3.1412157666590232,8.741528401940597,spline_planck_anchor,0.54
1.1215753424657535,92.42271853557557,149.29450700368423,0.5311860724593178,6.854149062985571,1.5993592556080538,0.00099222790673261,-0.6003514835147864,2.052102384534479,,11.331938621798985,93.85520108568298,186.45031928897302,-156.50659671792044,154.59660656537926,490.5451580168285,0.1299816159952942,0.4637829540948035,3.813863886383484,-18.204140859905404,6.651605596404565,20.8234976146201,0.39136436623512416,1.3964137967521322,11.483242544511352,-10.490366643535692,-0.39728011914569406,0.608392834878686,-61.2188265115536,2.030443784241702,13.855660729400768,-2.0119105793314227,2.6286425054469817,9.376740457622988,spline_planck_anchor,0.54
1.1305479452054796,94.19574556846952,244.0868868545619,0.51137745926416,11.041662489131859,1.559335217283451,0.0009714886915668734,-0.5603067059750177,6.359770882515239,,12.698832075460304,95.04791288262379,190.2498101590998,-46.869692178790196,255.54136742560542,542.4902111438676,0.12509311433570935,0.45320625106534757,3.625121049917299,-2.232399340255406,10.25211909787725,56.28741391156528,0.3814444596443867,1.3819546700319947,11.054024415126934,-10.060911234328202,-0.3828156480432095,0.6183178948673962,-17.273625766385656,5.257356672223104,22.767134217877892,-1.9656132049445667,2.256822880074351,10.084217522429446,spline_planck_anchor,0.54
1.1395205479452055,96.7701096880243,327.91315532810034,0.48453113630328626,14.499868524027137,1.496218590341706,0.0009360918381319069,-0.49715468217983794,10.007468385649492,,16.752050576183066,96.65850370103055,191.5005258666486,-5.226413478007352,338.5155526219882,647.4481710127557,0.12363339651874546,0.44307686173843525,3.377479187696887,-0.21873321759249031,13.335730385422675,105.88555449691236,0.3817764688349088,1.3682089504942558,10.42956122010938,-9.436086354335396,-0.3690649545832869,0.6179846771374952,-6.402696050215653,7.471772537589246,39.32753575237737,-2.128952427975492,1.7410729806816518,10.473090568179336,spline_planck_anchor,0.54
1.1484931506849316,100.04741633325162,400.7733124243039,0.4533069749907714,17.21301255502285,1.4174844157548272,0.0008905518632707361,-0.41837496761809795,12.956997100305285,,20.241509245947903,100.88649131036179,193.80069254946613,7.245894001907215,386.93678448844,770.5170873993611,0.120807400238027,0.4250217781560731,2.989881359413347,0.2382641766314568,16.137579929731217,130.59281907330526,0.37776300960016224,1.329037010526706,9.34931617147642,-8.355189993328908,-0.32987199422947217,0.621999656184142,-4.213210364170262,9.83625407651453,53.70143833114416,-2.897832945024544,1.384850414527302,12.03740535053957,spline_planck_anchor,0.54
1.1574657534246577,103.92927094316298,462.6673581431695,0.4200765083667345,19.209005727890474,1.3300994020141241,0.000839141035088295,-0.33093854304921244,15.21535095770775,,26.019768178192876,103.85711759802606,196.62294562069036,5.127580887302443,453.60360327542753,890.616426211419,0.11736437406293303,0.4064467113126741,2.971992831236211,0.17156235740768644,17.584382964563083,120.35370960451993,0.371613933770811,1.28694301371318,9.410299811782064,-8.416236637791153,-0.2877549279889039,0.6281516202166839,-3.47656088616086,11.978358141925627,62.138444642817504,-3.568479963426856,1.1292777772516875,12.275704906268814,spline_planck_anchor,0.54
1.1664383561643836,108.31727895676984,513.5952924846969,0.3867307219706714,20.54469151922451,1.239857156211493,0.0007854615666443766,-0.24064261777813745,16.821978204323454,,32.82615354942882,109.23048738963524,199.1465407311295,5.095678285778908,498.48011078773243,1001.1331808508858,0.1144086748759415,0.37604305776221375,2.786046447275505,0.13690797883329867,18.902379128522426,111.55525313656099,0.3667937565311082,1.2055925472750286,8.932053826988449,-7.937712369956205,-0.20635630187867246,0.6329738760568904,-3.138045149662429,13.681958487409162,67.03682200480814,-4.2442690281153,1.0796665613737857,12.482864654830054,spline_planck_anchor,0.54
1.1754109589041097,113.11304581308396,553.5571154488883,0.3546326874985269,21.2922250774997,1.1511360902116816,0.000732276222233198,-0.15186836643391483,17.835887701975725,,39.59032658184698,113.92229101219144,198.87151818275606,-25.6578521841307,531.4169615810652,1109.894997496014,0.11472537742190066,0.34802584252720786,2.1548659974264037,-0.6356376791792935,19.99256329104564,101.66147975866234,0.37239805316608005,1.129690301492754,6.994685224039957,-5.999134777585471,-0.13040893533049472,0.6273650519594927,-3.306723255119386,14.695714730173716,67.27519675182435,-5.015153413135402,1.0865663714148148,14.155859144098207,spline_planck_anchor,0.54
1.1843835616438358,118.21817695111687,582.552827035742,0.3246651261118833,21.528310653821112,1.066955511266593,0.0006815255799525496,-0.06763703684654548,18.324718017701525,,48.01266818926246,119.34805187340282,198.68719162106004,-56.67560401342014,553.062098098773,1184.7726162693639,0.11493829051356654,0.31737917680263894,1.7012597913245278,-1.6160712341528845,19.891278118045086,90.86345311917138,0.3777247158869459,1.0430115051350923,5.590894630994124,-4.5944658555349855,-0.04367773630727181,0.6220340097081338,-3.71964628480855,15.276051627360147,67.13390337157618,-5.370545753086469,1.0392261872904731,14.301368833877946,spline_planck_anchor,0.54
1.1933561643835617,123.53427780987988,600.5824272452584,0.2973234720179013,21.326731209715728,0.9891921132877372,0.0006344490552245475,0.010173437657038301,18.356617073631618,,57.692213718068395,124.73240376678498,199.58000626318173,-80.06818941293493,567.7267808379156,1226.4590837161688,0.11391229648271842,0.2916456347363745,1.3244595784437276,-1.9776744372436772,20.04529109411124,83.04198585445651,0.37898503109238263,0.9703020074333321,4.406463305682287,-3.409289527650313,0.029075659266968965,0.620771895098505,-4.6003300661822655,15.472591896292789,62.9940871606559,-5.619621610881057,1.052977468278082,15.956066165271467,spline_planck_anchor,0.54
1.2023287671232878,128.9629538283849,607.6459160774382,0.27281874906853226,20.753806290497323,0.9188500407708358,0.0005917438334982494,0.08055821539566599,17.994889192850824,73.45915190841788,66.47863658961258,129.75820796126283,200.3871587882896,-81.41078235861477,564.4233694830987,1265.2308287589929,0.11299652230788965,0.26948499416084226,1.0197401984101768,-2.255078005453727,19.555724491473406,74.09572719006738,0.38057083497397637,0.9076219970850206,3.4344718831969976,-2.4366836995631376,0.09179348999546984,0.6191840755829017,-4.52155840121208,16.010924270597116,60.56412019858664,-5.870964622516202,1.8681135510312115,22.342735288296353,spline_planck_anchor,0.54
1.2113013698630137,134.40581044564323,603.7432935322803,0.2511701755341685,19.866081200015785,0.8563195214694975,0.0005537206626889937,0.14312675786781348,17.294907752956536,39.27876643660036,74.48368740185475,136.65886196275295,200.98128461985775,-113.95733642389833,569.6723901590626,1285.1407575055562,0.11232927130365593,0.2429565705900806,0.8178656950977098,-2.4538796157266343,18.422456247289112,65.82776462519904,0.38296643956709986,0.8283167132527074,2.788365932232725,-1.7901689692920293,0.17114767350027515,0.616785923393935,-4.373315358523084,15.869771723115969,58.11196157099707,-6.379023108775672,1.5043665565810096,24.52905304423644,spline_planck_anchor,0.54
1.2202739726027398,139.7644531006666,588.8745596097855,0.2322794013556121,18.70951917778114,0.801593842566507,0.0005204366715888388,0.19788572076190417,16.302655903395266,26.461398495768844,82.84526633516901,142.58501171991975,200.71405674073907,-160.43937916864158,549.0539685357146,1275.0900209114686,0.1126289690636951,0.22318157915959913,0.661117624262008,-3.7297113416403906,17.811447986583396,58.85290246288531,0.3886814223266048,0.7701973510544425,2.2815101714908015,-1.2829914472900836,0.2293025965192989,0.6110662253535515,-5.269555626770044,14.725028129353506,52.43162395637581,-6.60228274348762,1.5812668579166858,27.518129692859873,spline_planck_anchor,0.54
1.229246575342466,144.94048723246658,563.0397143099531,0.21598556316890552,17.31958238686132,0.7544370675259175,0.0004917994930746166,0.24507113298100783,15.054303986311268,19.476101235306682,92.49032980462174,147.87148811307648,200.3335584409991,-190.5675303939748,525.5432111213923,1244.8675908474931,0.11305682030260705,0.20750825772790432,0.5304097620130627,-4.402178547405786,16.462479313950816,53.20236137481403,0.394907209173983,0.7248258594266569,1.8527200594760131,-0.8539278034022858,0.27470164391911267,0.6048353602547434,-5.846398311027829,13.948455661846937,47.6008172282384,-6.970744333810893,1.5758969848968087,26.132430949179376,spline_planck_anchor,0.54
1.2382191780821918,149.83551828005454,526.2387576327842,0.202103859972587,15.721741988870374,0.7145068831183451,0.00046764466032070043,0.28502547222133423,13.576350760874055,14.877353761948978,103.07494368317728,151.82012911814613,199.71977093242273,-214.0294519433488,496.74322845166404,1200.7946884697806,0.11375278969542975,0.19685567926669836,0.42706902326287427,-5.188050347669039,15.435354935079527,47.71625996566989,0.40215536319950734,0.6959527533817089,1.5098363620038797,-0.5108245497027409,0.30359174563342445,0.5975814261685687,-6.622010373861382,12.804083283701415,43.40626450560727,-7.291755451138844,2.57267902203729,28.60710200800641,spline_planck_anchor,0.54
1.247191780821918,154.35115168244226,478.4716895782774,0.19045150476778774,13.932097512150785,0.6814418352903691,0.00044779153601194057,0.318110373173619,11.885980840135629,11.454776541399223,111.92291888441434,155.334140760041,198.8293731717491,-264.30502636995806,468.2282771238157,1130.8222371597537,0.1147738900917448,0.1880488367917226,0.36221478151927816,-6.419007186961728,13.786986956974186,42.181849341117434,0.4106648062607596,0.6728450091471495,1.2960165675180562,-0.2968682106362375,0.32671284849448534,0.5890653361888845,-7.753437267906555,11.373235208318885,38.75044802193669,-7.596595837960662,2.238717683407908,27.285853283696454,spline_planck_anchor,0.54
1.256164383561644,158.38899287864126,419.7385101464335,0.18086484574042735,11.957889999682088,0.6549231623719388,0.00043208385553628406,0.3446447537725249,9.991392177144126,8.663469478622156,122.09184296214697,159.2162376794352,198.18570999051323,-321.35561158049353,413.24196213669745,1051.32642358756,0.11552069020155363,0.17899027885316754,0.30439088514114554,-7.347274040073492,11.557859786807256,37.55202266269208,0.41830780015023933,0.6481352359020052,1.1022188434558393,-0.10294602947534173,0.3514371585593189,0.5814162223649589,-9.028529355002494,9.728803521771738,34.34330910483103,-7.961278751485616,2.4742619063814346,27.454306438773497,spline_planck_anchor,0.54
1.26513698630137,161.85064730766294,350.0392193372535,0.17321092287929923,9.797758557859419,0.6347206983154866,0.0004204206920415026,0.3648588809924719,7.891914780144793,6.210015699474071,130.81401333808148,163.0247667443163,197.17287547560267,-386.8762715318115,353.7526971452019,1014.5264662012111,0.11671049313941571,0.17072503058602306,0.26515257168759426,-9.472719127805874,9.666756179358895,34.533693528673666,0.42767837313479273,0.6256112999813825,0.9716351755655391,0.027721241305681075,0.3739743131294154,0.5720383450404902,-10.673740019533973,7.9213118995448255,31.837427885618638,-8.656728920638928,2.588295269308336,29.21411180152077,spline_planck_anchor,0.54
1.274109589041096,164.63772040851907,269.37381715073457,0.16739615129151145,7.441618835575063,0.6207312467766753,0.00041278313727634476,0.3788559700860483,5.5777739626959315,3.9075588993437886,137.25774856184964,165.0309836853813,194.96872717050624,-414.95224388808805,263.67697453309546,939.7842502182754,0.11936424202658447,0.16659958102623595,0.24084101905294975,-10.389258971372696,7.063487095755008,31.001506639502352,0.4426213757130259,0.6177774389973758,0.893076363335024,0.10632974540366266,0.3818117421325704,0.5570842833124522,-12.190124936660723,5.249465821964429,28.329623870668584,-10.187969694642822,1.6416922370760414,25.16264809683519,spline_planck_anchor,0.54
1.283082191780822,166.6518176202211,177.74230358688064,0.16337441575461883,4.870037349008415,0.6130171968144759,0.0004092617478493281,0.3865735414376748,3.0293487115735904,1.6121366198588252,143.3012069211543,167.4102221600125,191.47269533110602,-506.88527350339814,164.28205149695498,899.9888499921395,0.12376290279170377,0.16189755107431802,0.22095531948309385,-12.472698361713501,4.638072842652871,26.94428995708542,0.46438597737937304,0.6074756715872207,0.8290735727815068,0.1703729221924426,0.3921187662908329,0.535303989855206,-13.949449953145841,2.584388823252771,24.699677743743848,-11.8917608772455,-0.012872711835371142,22.165150368885126,spline_planck_anchor,0.54
1.292054794520548,167.79454438178064,75.14467864568756,0.16115674407953243,2.052935887839934,0.6118534915332939,0.0004100901978958478,0.3877364182688102,0.2157350524484691,-0.8145346148536537,149.05756118569798,168.7240787066738,189.21713670942293,-646.9869143718818,70.77813405113695,789.6799962673206,0.12673110617500927,0.1593859466274296,0.20421944558158517,-16.243657146806125,1.8406986815814181,22.399158983767077,0.4811518763421334,0.6051304182293764,0.7753468930622053,0.22413343651797402,0.39446399766201184,0.5185256352338934,-17.867898226163806,0.0916246518845603,20.20488894646066,-14.955534004364182,-1.7694488496627998,19.382523796230164,spline_planck_anchor,0.54
1.3010273972602742,167.9676158375839,-38.09871797865726,0.16082480791910514,-1.0438463799373283,0.617792143491665,0.0004156914777810107,0.38179216503055396,-2.898885576323447,-3.530945578808526,152.11887817559247,168.56339199114757,186.02786824792068,-830.1793838712999,-35.16678139888408,699.597391089042,0.1311137203478006,0.15969000553295823,0.19608210535792175,-21.119653838430523,-0.9713495883408506,19.544298091124524,0.5036600222496642,0.6134329155364244,0.7532294658816653,0.24626371143844283,0.3861543261631258,0.4960010819240392,-22.77361431909996,-2.8293373766461993,17.239682694011645,-20.792757790220854,-3.9271500188187938,16.218989560968126,spline_planck_anchor,0.54
1.31,167.1734692130557,-132.60063460752966,0.16235641264189177,-3.664546382692068,0.6309999970151843,0.00042623419398759264,0.36857376879082815,-5.559251310513571,-6.027714740119899,151.92338105995915,168.10546923089987,184.12672955587874,-960.0528168896265,-142.11725241210107,641.8296981922131,0.13383525409146943,0.16056115176386868,0.19658710081575165,-26.261104479463466,-3.8563585975705594,17.659337349529288,0.5201521982289325,0.624022695717128,0.7640379459576463,0.23544595404296917,0.3755557831862047,0.47949644415773673,-28.12701566771065,-5.685453391819717,15.615010292804936,-28.76988558369595,-6.020863324421818,13.94293861854862,spline_planck_anchor,0.54
1.3189726027397262,165.70142174359054,-189.2033337966481,0.16525388852257128,-5.295758392470374,0.6497742721858681,0.00044062088608352943,0.3497851069280483,-7.246843692572312,-7.905996042557835,148.47367930159075,166.23110769745983,184.612962818238,-1026.527752651188,-193.36220786258383,588.7798525317842,0.1331311777136412,0.16420242221866124,0.2058283671211605,-29.32915842797957,-5.306373653366098,16.10558786400816,0.5234685542199107,0.645639932241076,0.8093121356299614,0.1901390586607577,0.353922250425717,0.4761764745415062,-31.738461805432305,-7.194368943362203,13.951078146354718,-38.354054254244694,-7.126732853983091,12.153905126780613,spline_planck_anchor,0.54
1.3279452054794523,163.89152805142191,-207.90681554600988,0.16892391889473332,-5.906292780246433,0.6719444640698622,0.00045741782486154897,0.3275981181052763,-7.923955843755466,-9.062679449630863,141.84243414350755,164.43415490858126,185.20689796554024,-986.212852925519,-193.20544292121014,524.5721303762492,0.13227869606198084,0.1678108974769738,0.22552362577424112,-30.983933123057046,-5.575248321637455,14.129942534878912,0.526177335422918,0.6675170947254371,0.8970864093580371,0.10230291024198458,0.33202850132623984,0.4734644759095203,-33.575290217328586,-7.596374314565287,12.25951209184249,-44.493440945927496,-6.119231906509294,9.847892466532532,spline_planck_anchor,0.54
1.3369178082191782,162.08384275878333,-188.7110798556158,0.1727128727103009,-5.441656313383057,0.6949906994568387,0.0004749297567469117,0.30453437078641443,-7.528528130780561,-9.24047995123316,136.29973595047204,162.55437117024834,188.64777769408275,-873.6366123132248,-177.55716200744354,461.6648602890025,0.12749727464855015,0.17171445359370852,0.24423851683047756,-29.095068555550032,-4.953588074156961,12.013911054699559,0.5130446775410025,0.6909730950403138,0.9828074478908871,0.016520939521317512,0.3085547206783676,0.48660472757464107,-31.865592860845776,-6.839108751498747,10.212025782853248,-35.93577895662109,-4.599251783807971,8.134169957923941,spline_planck_anchor,0.54
1.3458904109589043,160.6184204879081,-131.61612672546494,0.17587878446280122,-3.8446027382776364,0.7159135565995924,0.0004911060187749052,0.2835953373816327,-5.994307832151513,-8.045611642155933,130.4930533968213,160.78117477766062,190.5621691133483,-670.1406431326441,-128.23859911533123,376.49077586093534,0.124948425571519,0.17552292667737235,0.26645837703248015,-23.756481184396794,-3.716084193997707,9.761123608167216,0.5086018306053566,0.7144650395792582,1.0846172548311217,-0.08536128608601896,0.28504484806303165,0.49104927612691907,-26.83584504028803,-5.841939744465781,7.936843624246171,-26.33486660652567,-2.7965704155045628,6.827772538501025,spline_planck_anchor,0.54
1.3548630136986304,159.8353158610297,-36.62195615555748,0.17760642385454017,-1.0791068241138535,0.7312730799056105,0.0005035611133327357,0.26822335898105676,-3.274940308284016,-5.069916854277792,127.35752024264357,160.09708058417846,193.29847869248488,-403.4306186474416,-45.27628307426785,304.81315543702135,0.12143595287824345,0.1770261127625043,0.2797405016525986,-13.84503543055255,-1.3333045811677922,8.146012801609706,0.49999792431649487,0.728883718809505,1.1517978560582731,-0.15259099425338618,0.27061436541235473,0.49965777268869865,-17.25234384445978,-3.5843897231826745,6.296530043401517,-15.34615116089027,-1.453012092263973,5.195523996309995,spline_planck_anchor,0.54
1.3638356164383563,160.07448803036664,95.92867884962263,0.17707608601016486,2.833176360490346,0.7374552991383367,0.0005097531556317536,0.26203494770603153,0.6187714504528089,-0.21286396354149872,126.2294752573643,160.34897627900023,193.44531235239182,-179.1931573184471,83.54838808033458,338.49814937305575,0.12125167675263464,0.17647037876074384,0.2847625875059916,-5.326861790115538,2.496325055012134,10.746935985409007,0.504967630386331,0.7349327562536562,1.1859290765020807,-0.18674882936006254,0.26455923425462935,0.4946833195175044,-7.640745689189016,0.18729013011372042,7.997626497053584,-8.686236519622215,-0.7096087491580282,6.169276375169692,spline_planck_anchor,0.54
1.3728082191780824,161.52188895773122,219.8416819515005,0.1739167403934092,6.459089269182127,0.7325769874654295,0.0005083032193687512,0.2669147093152017,4.259325093908363,4.3192086526267985,128.78076350078007,161.4918860976681,194.16313324853255,-174.26661839694398,218.7832058418653,578.139962970336,0.12035705113273903,0.17398137050673526,0.27359124461202533,-4.418586459735353,6.129757845429515,20.34218265366295,0.5069713573264851,0.7328492242473106,1.1524287387253167,-0.15322835876254157,0.26664228364009157,0.4926768773608364,-6.323878513979427,4.027664582264794,16.9736142035534,-7.260503118366804,0.1918265741930032,14.300984218315877,spline_planck_anchor,0.54
1.3817808219178083,163.89655248537338,302.61622028556746,0.1689135619463926,8.79537121370192,0.719604503970643,0.0005011902539749333,0.27989430577538205,6.634552940774091,6.901259873073165,134.0301228575706,163.78722965829218,193.1392206386838,-249.93572642035122,294.0347629338861,835.4755932247792,0.12163630391774805,0.16913912933104303,0.2525802739563282,-6.433101934737813,8.321300753421074,29.471150204004985,0.5181942239388245,0.720565464737043,1.076040909082223,-0.07679035021764477,0.2789326757188819,0.48144486406955894,-8.258977156940055,6.22049109956159,26.018316329389894,-9.198911810073605,1.4093709750670647,22.196542942874583,spline_planck_anchor,0.54
1.3907534246575344,166.82935951160954,344.25229385182723,0.16302687058998663,9.866636818385606,0.7024048836903635,0.0004910540071192381,0.2971040623025173,7.757457951286039,7.703412861660617,140.87919454107853,166.50233735087,192.49517069225897,-311.92504502927625,346.63208440628785,1003.1537166361138,0.12245160736394708,0.16366789689229957,0.2286186776016947,-8.312455897086512,10.088517224271165,33.0068329846882,0.5275854631626242,0.7051667597153961,0.9850086373437773,0.014302739257317008,0.294340255439131,0.47204569977231625,-10.091093918169108,8.093267137233507,30.230296880193315,-11.189679733722517,2.915002146274742,32.13794809328035,spline_planck_anchor,0.54
1.3997260273972605,169.95119093475594,344.7499026502775,0.1570926017436216,9.735798964187833,0.6844861876795322,0.0004803229092962121,0.3150334894111716,7.6804191095120515,7.126563648696001,147.28982435929484,170.18640195888014,192.03684045243276,-373.42166196321574,350.6145028416421,1087.741591696938,0.12303682101412125,0.15665889002367878,0.20915080841402658,-10.027428690628803,9.843182282567753,33.10865295009941,0.5360978405438133,0.6825964126141213,0.9113149690846087,0.08804553596996377,0.3169245905840681,0.4635259647585109,-11.754110940369053,7.78843020973806,30.873154781860567,-12.93466548522009,3.998133335541366,35.857046903470334,spline_planck_anchor,0.54
1.4086986301369864,172.89292765312862,304.1090466809197,0.15179228552377472,8.473533927567116,0.6688381975645263,0.0004710971574807874,0.3306907052779929,6.465134946243614,5.516799376836373,152.93224281087316,172.44492667327086,191.3903463467855,-418.0309219847474,311.1946386877146,1054.0494072160438,0.12386941907995982,0.15258201876687005,0.19400193290874998,-11.485012822599698,8.675650617043328,30.137161946170927,0.5458024345896616,0.6723179775615536,0.8548254127868656,0.14457248969003741,0.32720847429286226,0.45381312867150153,-13.251448155272348,6.622422755028159,28.02219297308136,-14.401696172274509,4.333598276075561,32.30092114106725,spline_planck_anchor,0.54
1.4176712328767125,175.28545056504404,222.32972594375184,0.14767684940258582,6.133083845748074,0.658003370291843,0.0004651920791532674,0.3415314376290038,4.1572129665559325,3.057423425318558,156.8351719997405,174.95802537603615,191.94180147107554,-457.965384142305,226.88593966999022,900.2253843961769,0.12315867986873758,0.1482303489872901,0.1844663813486549,-12.12307694367587,6.439612337017261,25.034251804935764,0.5487578233295143,0.6604695970136609,0.8219263962089235,0.17749252219419379,0.3390634673460003,0.45085421848620916,-14.125591436278377,4.358976887649219,22.989746455562415,-16.039037375020374,2.7087152595462483,24.591910421043234,spline_planck_anchor,0.54
1.4266438356164386,176.7596405688183,99.41194043877435,0.14522384711187072,2.7295526476079104,0.6543046757723858,0.0004642939372813139,0.34523103029033286,0.7647814445416277,-0.2615752182932293,158.47562771834515,176.057774497909,193.83179471192443,-477.9365112343181,97.5511886049276,656.8131681718471,0.12076863102964679,0.14638404758734463,0.18066716897774648,-13.234173551970214,2.711336507971552,18.34005935683374,0.5441219299779093,0.6595319480904862,0.8139942287139461,0.18542816180324262,0.3400000487050735,0.45549196164997435,-15.326563616702213,0.7087205045145342,16.0598498323269,-17.850809666270834,-0.08824455443010537,15.198284385972862,spline_planck_anchor,0.54
1.4356164383561645,176.96983754611057,-52.113779706939965,0.14487907101186337,-1.4344724533752562,0.6600188101201532,0.00047008041731550675,0.3395111094625313,-3.4164092054049777,-4.354243901683002,157.11521466127587,175.8276940445549,194.62558742159638,-467.8806303304615,-63.400846290650335,368.6573208999775,0.11978566351978462,0.14676740286164258,0.18380954980595515,-13.356666930314276,-1.786753638813722,9.947122001452698,0.54570194682783,0.668621395240962,0.8373725722034309,0.16203103199367022,0.3309023973848213,0.45390939182652124,-15.504112866780469,-3.7820340451655654,8.115312875569154,-19.471946013338474,-4.113714512200884,6.696054756490635,spline_planck_anchor,0.54
1.4445890410958906,175.8877012632022,-185.2914904702404,0.14666727091022438,-5.150576689089271,0.6755768564064061,0.00048293376872222065,0.3239402098248717,-7.179238993383378,-8.387411602143713,155.31765391623202,174.62112058632522,194.28211559603142,-476.36301970842413,-192.63435002835325,107.11686883333569,0.12020942321908477,0.14880263898792112,0.18808861769778867,-13.7374716076668,-5.4186011796995555,2.704685910653845,0.55370706596488,0.6854127607922181,0.8663713198009758,0.13300935767099986,0.3140972742769812,0.4458971184626966,-15.817616122311877,-7.589069588350537,0.860713082750712,-20.42616286724287,-7.993249674461154,-0.025977281460143418,spline_planck_anchor,0.54
1.4535616438356167,173.71300245242728,-295.64680118558397,0.15036248812729597,-8.351564261406356,0.7002520608770425,0.000502410051688279,0.2992455290712692,-10.454330084244235,-12.645208887709508,153.26379030853158,173.05470007028975,192.3509114478318,-532.107965104305,-296.3033707507992,-78.56860135550848,0.12263536403267221,0.1515086499557785,0.19316359476262854,-15.186409972190045,-8.425801373532666,-2.2853436701430736,0.5711242708858556,0.7055898428763268,0.8995807864288299,0.0997737910802438,0.29390391737196686,0.4284659644158487,-17.401995154821492,-10.618088334571505,-4.386994406470942,-24.707483330847,-12.068993195038516,-5.2671676906257865,spline_planck_anchor,0.54
1.4625342465753426,170.65051744298336,-383.1797118529689,0.15580770766965338,-11.05877880910704,0.733600714542769,0.0005282615179224743,0.26587102393930856,-13.261693998807036,-17.626725999588853,150.88026395846651,170.39629287411708,188.92230938853882,-605.9233959827051,-391.29827858123565,-163.91448589759193,0.12712696184612265,0.15627297297373174,0.1993146977354161,-17.35638786241419,-11.284136297428333,-4.938981934693389,0.5985610817514854,0.7357913568712444,0.9384478269046251,0.06087640238836197,0.26367880414230194,0.401007897968208,-19.764504292820526,-13.408131828815339,-7.312189805619744,-32.2658069894051,-16.545594438591582,-9.433298610955982,spline_planck_anchor,0.54
1.4715068493150687,166.90502256406768,-447.89022247239956,0.1628790941536125,-13.264594864505884,0.7753089032062316,0.0005603295673865019,0.22413076722638192,-15.592762892394125,-24.189978310957414,148.19129374183515,166.24073007693573,184.47677503017115,-709.6673882938425,-461.72687162221547,-191.97481637274876,0.13332787146557207,0.16418341431907418,0.2066136445563337,-20.150877563830917,-13.744424967086662,-5.803483566334385,0.6346442821894921,0.7815175025490062,0.9834865486011202,0.015802668135551888,0.21791768081816865,0.36489704907264997,-22.529821952977702,-15.873222163568673,-8.389029086738882,-42.10752139917416,-22.398301233870068,-12.902308971505047,spline_planck_anchor,0.54
1.4804794520547946,162.68129414487785,-489.77833304387246,0.1714466169156889,-14.935768707311171,0.8250111000829463,0.0005984148687338996,0.17439048504831978,-17.413195667034945,-34.28391772102729,144.96624302868452,161.90837493225376,179.32722669331093,-797.0856955519906,-502.84637579591737,-177.85841052010332,0.14109502872036186,0.17308745289707037,0.21590888543747358,-23.516987529445956,-15.456710234134244,-5.773259789902177,0.6789574909959541,0.8329068983343688,1.0389661242487467,-0.03971972959635816,0.16648895964598537,0.3205500328933494,-25.7252315031497,-17.921477975713536,-8.55405026170453,-56.191886294424684,-29.562822465051745,-16.560022290780687,spline_planck_anchor,0.54
1.4894520547945207,158.18410851461104,-508.8440435673899,0.18133367130651692,-16.016057007544294,0.8820916775556881,0.0006421321896447566,0.11726619025466717,-18.664900568969937,-54.05564638433676,142.2323724992291,157.46590915996654,172.8957582187211,-861.6302830264154,-510.4076777143605,-162.4894456328223,0.15178734831996546,0.18299156314610807,0.22428864040538887,-26.294305163919248,-16.636545607341702,-5.3398774381405625,0.7383645615654395,0.8901564378589131,1.0910447113677542,-0.09183895412883794,0.10919555908526783,0.2610979346073076,-28.771477906060714,-19.14953467379553,-8.237764060794364,-80.21577277597231,-37.956828696161885,-19.688357928099897,spline_planck_anchor,0.54
1.4984246575342468,153.61824200246485,-505.08735404295044,0.19227312081135486,-16.429333952791744,0.9454559915236536,0.00069073987250649,0.053853268603839946,-19.268464886852733,-120.26521445149457,138.9249708366092,152.44332516481688,166.51134040424137,-888.6948404490372,-506.5509594959543,-119.71782046445118,0.1636501995391306,0.19524834146819442,0.2350951030545693,-28.031868079263244,-16.925291370907296,-4.332193946095626,0.8047097847863877,0.9600859105900517,1.156022603798538,-0.15686718134960476,0.039212661077565075,0.19470230299016522,-31.141267509519334,-19.93358633278863,-7.276451949389445,-105.48722028798635,-44.55744127106968,-21.47977333314867,spline_planck_anchor,0.54
1.5073972602739727,149.1884709376367,-478.50826447055533,0.20386075644716092,-16.084491030858075,1.0132743360684917,0.0007429458145319593,-0.01401728188302367,-19.127285822321678,,135.50504904760075,148.206667489222,161.10225679711755,-864.5903870965753,-473.6550372853011,-90.226992496529,0.1748239521509763,0.2065706778251846,0.2471116395517086,-29.135578335338767,-16.37854625275954,-2.9912227961062325,0.8689491157194088,1.026743793520576,1.2282495506507822,-0.2291501190658448,-0.02749661531506898,0.13041375957942694,-32.42766328566208,-19.59655204658327,-6.145855239957933,-119.78183464047187,-50.702859888757196,-20.369615600636752,spline_planck_anchor,0.54
1.5163698630136988,145.0995716493239,-429.10677485020284,0.21551221784907681,-14.883453396508855,1.0827278125152953,0.0007967108257386417,-0.0835245233410339,-18.134823677357698,,130.5818658890782,144.21940177420183,156.98416152187468,-813.2254671845603,-431.63645242654087,-47.60778888119356,0.18411640417730163,0.2181508027685301,0.26609605994722024,-28.80285754885813,-15.355362524593573,-1.6518014415757227,0.9249960560596852,1.0959839949558479,1.3368597278663603,-0.3378434382738826,-0.09679046016670195,0.07432329792465901,-32.04674921913327,-18.73027165363156,-4.886993143539346,-122.89530094616651,-46.32177950438964,-12.012505912829461,spline_planck_anchor,0.54
1.525342465753425,141.55632046672392,-356.88288518189347,0.2264360792020398,-12.733468944077268,1.1498215463506638,0.000849097719972302,-0.1506706440706361,-16.186329974009148,,126.09718941580934,140.78204319398196,153.72391980113946,-711.8714313169,-353.9182643363929,-0.6697967467338923,0.19200891245137217,0.22893364832908009,0.28536047311329527,-26.591290300229215,-13.068103381231126,-0.024096674138422057,0.9750035657124959,1.1625039722515678,1.4490341893339516,-0.4501042437525963,-0.16336243544129533,0.024276432729663233,-30.448916902766083,-16.67868587210229,-3.4625067530008615,-87.79158926355667,-33.48680907533269,-2.031668019859404,spline_planck_anchor,0.54
1.5343150684931508,138.75873754744444,-265.1432671423607,0.23565869978432955,-9.68525066032161,1.2094537498786682,0.0008963070687129518,-0.21035005694738113,-13.317197138232467,,122.19189863799026,138.44584075594116,152.67021332942022,-581.1000203634723,-265.90615052149695,46.94810630149029,0.19466843466407463,0.23672511724891865,0.3038920477781696,-22.853424587940182,-9.731865674942602,1.7454162128891058,0.9990824378770999,1.2149268455151279,1.559642725178334,-0.5607985517648277,-0.2158272086085603,0.00017715791034873788,-26.776638384872218,-13.589393690057385,-1.716960599511825,-60.821323160361764,-13.65815897235235,8.221569104547603,spline_planck_anchor,0.54
1.543287671232877,136.7869873043846,-175.32338446821046,0.2425015886791004,-6.519593873422905,1.257838886167003,0.0009354648060013124,-0.2587743509730042,-10.296852391147919,,119.22965914406507,136.62462392387368,152.05597032497812,-446.3748769677719,-178.0569668598103,107.15167861337997,0.19624439524263948,0.24307831343621128,0.3191799414625142,-17.60636188875294,-6.456881213277743,3.8324567371155633,1.0179060387730672,1.2608303173986937,1.6555641727664225,-0.6567954290383758,-0.261768006955947,-0.01866306360793307,-22.42829001590668,-10.271683780359282,0.30843596651540583,-33.695237046020374,-2.3673695860503985,24.12130447759818,spline_planck_anchor,0.54
1.5522602739726028,135.5952597900507,-91.27560547217081,0.24678294464350628,-3.436095069844193,1.2936416656051672,0.0009654858337434799,-0.29460715143891075,-7.320882009994668,,116.86907991666979,135.57926591001942,152.07638196082766,-339.57013554954665,-88.05016574188949,171.02454543778632,0.19619169909575382,0.24684126007170037,0.3322040381491685,-13.83118844981019,-3.446622706567349,6.095426709480232,1.0284412351217043,1.2939473563722845,1.741420931064983,-0.7427206087765394,-0.2949130703527498,-0.029208793457020515,-18.208820158373257,-7.423498878948504,2.492999047968603,-17.580003403552144,7.250850635129336,31.564755385261705,spline_planck_anchor,0.54
1.561232876712329,135.13176421116643,-12.999930154237516,0.24847875566568453,-0.4927908504763789,1.3163168419387052,0.0009858627472082333,-0.3173027046859135,-4.445684827281327,,115.23995712450021,135.45788539751354,152.65335559147877,-234.56030283259742,-6.018825394414118,236.99680357976987,0.1947114547963908,0.24728375152508764,0.34166355147843014,-10.170061093500097,-0.23920811760546917,8.058347262764553,1.0314844284382898,1.309986304455772,1.8099635354450512,-0.8113191176016791,-0.3109674259120727,-0.032256964380947044,-15.361040816196454,-4.404639124020759,4.823430122417107,-9.925187894475915,10.851077534773612,32.67944799421074,spline_planck_anchor,0.54
1.570205479452055,135.34470977445565,59.50364148558692,0.24769747912240803,2.259956604856833,1.3260170028000264,0.000996606896752505,-0.32701360969677895,-1.7220808311302567,,113.8569159663563,135.86634095196837,153.86017038444254,-155.40197948196936,59.41639745651864,292.869575208862,0.19166894424878905,0.24579916301703117,0.35001401782233166,-6.24234624045212,2.2636958406918026,10.33789784226249,1.0260753556439093,1.315854608570835,1.873755600965969,-0.8751638768408698,-0.3168435776227069,-0.026846532615142082,-11.52051926396102,-1.8161855474619129,6.897342312601661,-6.34026704255941,15.860085138070186,36.13560986963823,spline_planck_anchor,0.54
1.579178082191781,136.1823056866422,126.23510944730127,0.24465989848320516,4.7815731397400745,1.323520737745114,0.0009982033667063912,-0.32451894111182034,0.8070181130379074,,113.72896087248655,136.40941905774923,155.3757655429521,-93.57748371819422,120.81054285655608,347.2879025217806,0.18794795061868996,0.24384592175317654,0.3508021254661864,-3.5790649776391796,4.936678610479498,12.676252589837343,1.0167298024837796,1.319117420777708,1.8977114385234357,-0.899142698263422,-0.3201123031493624,-0.017496623193819373,-8.22356961202212,0.7259887004697514,9.102542082203108,0.8748605117896963,17.614481513336525,43.3839948031948,spline_planck_anchor,0.54
1.588150684931507,137.59276115444987,187.19447373090847,0.23966961874183904,7.042340037906492,1.310103567474958,0.0009915215035658687,-0.3110950889785238,3.1080632494673552,,114.46087530740591,138.07412191553175,157.58926527302415,-30.953507383996868,189.23151175077305,414.8316957508824,0.18270523952430892,0.2380014524230578,0.3463299427350886,-1.2085991028787764,7.304163504094507,15.068605577949988,0.9987197682948471,1.3009848871146787,1.8931397975367596,-0.8945725764903593,-0.3019695073564772,0.0005243738089643084,-5.810969582140591,2.974675703361428,11.46843392260589,2.7626934953498585,16.83754242978856,40.98731001248665,spline_planck_anchor,0.54
1.5971232876712331,139.5242853846025,242.3817343364071,0.23307974985842797,9.023450577309953,1.287378386049656,0.0009777002588996966,-0.28835608630855564,5.157404618125386,,116.231980667243,140.08514643963485,160.51656559803848,14.96470705001773,244.55709520232318,484.91688500779236,0.1761021275137407,0.23121742175757728,0.3358569649326645,0.6242215288963063,9.108152571891182,17.385834859405257,0.9726716835600404,1.277092117310204,1.855051748258581,-0.8564605683803095,-0.27806200565636774,0.026589620368046175,-4.049513197008189,5.173203875545909,13.652779952636482,7.921641766899064,20.121284799495484,56.898025580249396,spline_planck_anchor,0.54
1.606095890410959,141.9250875838239,291.79689126379577,0.22526090011612956,10.716226314930172,1.2571322277752086,0.0009580282195282302,-0.25809025599473684,6.940997518726433,,117.69725103548848,142.33877573343634,163.4383441685566,63.4267967629069,294.51194075041843,546.0731234176305,0.16986200754461506,0.22395419855803772,0.32754558722186605,2.607860104300134,10.890073890107747,19.193614794887832,0.9479630235377939,1.2498398097838286,1.8279608824695408,-0.8293539245624152,-0.25079228063868986,0.05131455816160631,-2.367700555528717,7.006127716747822,15.42179534846196,9.683182409954258,23.00131014930375,60.78392341336544,spline_planck_anchor,0.54
1.6150684931506851,144.74337695883796,335.43994451307725,0.216574218236984,12.12074014951053,1.2211806973324397,0.0009338345750354881,-0.2221145319074752,8.453462719213068,,119.93895380945672,145.2538966117483,167.20733470242368,94.53165690384436,333.7343632931879,592.4065262192535,0.1622907105585183,0.21505452919040732,0.3154159520757161,3.8507942611748853,12.350445893297099,20.77503506022449,0.9150963799096591,1.2126117414117665,1.7785121213464083,-0.779872146209773,-0.21353902332237815,0.0842038476152959,-0.6831550738859636,8.504665620262754,17.212067958955778,10.215159512475124,25.05753416400238,62.763307289438764,spline_planck_anchor,0.54
1.6240410958904112,147.9273627163684,373.3108940842499,0.20735147436735,13.244109941970484,1.1812531934681019,0.0009064014222060714,-0.18215959489030795,9.696724755877353,,122.4415207537106,148.4147292861981,171.1590856286765,127.64329662203413,377.6973332528684,636.8053889605626,0.15488317851306058,0.20599205901057932,0.30265422609362197,4.863920771807751,13.351417299012045,21.779584864802572,0.8823484365918336,1.1735087887739253,1.7241800290087657,-0.7255030300715986,-0.17440924774495514,0.11697451814621025,0.3244950904773531,9.842265309205178,18.24763393678262,10.2554594784679,24.262085502414575,58.89785856388692,spline_planck_anchor,0.54
1.6330136986301371,151.42525406313902,405.4097399773133,0.19788256674375818,14.098697149595123,1.1389138164094816,0.0008769017371114497,-0.13979071814659308,10.678448093418233,,125.38806149886253,151.37517802600055,176.36646646430864,153.40313147852575,409.5799539199818,672.589464484858,0.1458720644499294,0.19801353587353024,0.28859697927168754,5.669959122267396,14.301117628121002,22.556746243699514,0.8395671855486452,1.1396676097015086,1.6610209402235456,-0.6622998360687576,-0.14054509181848535,0.15978639335010733,1.5407432972007884,10.623067342916386,19.250469380279682,10.302177294975051,24.090869877172675,57.98024435097029,spline_planck_anchor,0.54
1.6419863013698632,155.18526020587376,431.73648219226885,0.18840968326104096,14.700389331311182,1.0955163779847021,0.0008463624487802358,-0.09636274043348238,11.410454747561953,,128.2693369396754,154.91850418745102,182.0766467401137,175.2814530244695,436.0105868353056,698.5577903982586,0.13686610348166503,0.18905910373202828,0.2757773204642469,6.300704354213505,14.953392403361988,22.800768574938775,0.7958139696428077,1.0992924618348057,1.6035193415549347,-0.6047581715568026,-0.1001417415704822,0.20357120882311394,2.3056061487751496,11.302847374164582,19.705019444925213,10.011800086804215,22.348189140909348,51.20401298068626,spline_planck_anchor,0.54
1.6509589041095891,159.1555903512963,452.2911207291152,0.1791267149279208,15.067082106259011,1.0521879352830577,0.0008156489158643043,-0.053003584198921955,11.907255704746381,,131.25717983494192,158.76396405268395,186.83905457977545,196.8861282845647,450.09065980460946,728.5045120857865,0.12997769932252912,0.18001158311848492,0.26336497847613405,6.921092482300757,15.304998871914842,23.031861679378483,0.7634872728953107,1.0573856392369427,1.5470023722602015,-0.5482015979550239,-0.05820531737748526,0.2359208769745643,3.319973522522648,11.91581974694196,19.997252488679166,10.445976647204166,22.135410063394936,51.39569006610343,spline_planck_anchor,0.54
1.6599315068493152,163.28445370613062,467.0736555878536,0.17018233644778089,15.217418490475328,1.00983359278446,0.0007854656870576253,-0.010619058471517569,12.184775849373716,,134.20884966104572,162.45599838965197,192.14557583461294,208.6363441334653,463.46878953523276,741.4604521794236,0.12289759344520096,0.17192271275152435,0.2519079499146017,7.139267824431172,15.571782253492543,22.9296635196775,0.729253816370139,1.02016069542208,1.494779748727249,-0.49594241375515363,-0.020954193704633084,0.27017895764925653,3.6733194801679674,12.370947330086363,19.94063986769918,9.83416383918735,19.817398921834886,48.8005820777413,spline_planck_anchor,0.54
1.6689041095890413,167.52005947710055,476.0840867684832,0.16168529371961501,15.169798526248025,0.9691553597450069,0.0007563683064073282,0.03008827194858579,12.259306973787377,134.81490040079208,136.4166249388801,166.8447149143206,197.4907419383286,215.21851537948265,471.6715304680465,752.9652419202228,0.11633508332594199,0.1629968639102885,0.24382014063755758,7.347611987746791,15.514343407886198,22.422434918816446,0.6973223534308407,0.977017022675077,1.4614785963307642,-0.4626191937382305,0.02222047345664097,0.3021334278098231,3.8860090034830836,12.279695621171186,19.63848578054925,8.983017871055308,18.12498251657747,42.01969273906523,spline_planck_anchor,0.54
1.6778767123287672,171.8106168709296,479.32241427100416,0.1537107220741663,14.94164160807112,0.9306789024005743,0.0007287815976408017,0.06859231600178493,12.146689774478833,58.02842807330755,140.2320390704787,171.37600554670183,202.80701273155097,220.12903436230067,480.38774415700937,749.2831405999545,0.11031596179249448,0.154491891228628,0.23073361846201862,7.25009103621451,15.34522555083963,21.833646058341124,0.6679347858945338,0.9354086807885309,1.3970327370756324,-0.3981267037997694,0.06385883389233937,0.33154217809473413,4.02674446654445,12.22638580040821,19.160619054182266,8.299668176838892,16.160508564805117,35.63208907359485,spline_planck_anchor,0.54
1.6868493150684933,176.10433509434202,476.7886380954166,0.1463066488956586,14.548866443439058,0.8947834986000938,0.0007030208857535961,0.10451348051415264,11.861703864095762,36.83149569395984,143.1892483472487,175.15549815395565,208.64751545636733,219.8005746897851,476.4121855235227,735.344150983527,0.10422642357288575,0.14789611754488508,0.2213010290451646,7.162174175277488,14.914318059651244,21.077788590921024,0.6374288840258532,0.9045043850369385,1.3534347926597146,-0.35449817048042104,0.09478495649100473,0.3620702955864732,3.908706210338946,12.013150372575776,18.526543040770747,7.431349271617839,14.462572461073593,32.02972412446088,spline_planck_anchor,0.54
1.6958219178082194,180.34942335406134,468.4827582417204,0.13950013917124846,14.005546170268232,0.8617319818619497,0.0006793136818234498,0.1375887044562269,11.41763296995509,26.661265302941462,146.03392413107804,178.87385445950392,214.17765016024077,219.23409554250125,467.8976191183293,715.5059867011764,0.0989135795084127,0.14181120118138363,0.21276326500205733,6.985181693170821,14.219200469087486,20.084219024707632,0.6110172750308747,0.87600806830911,1.3142991190322069,-0.3153351968294332,0.12330136399848018,0.38850105270501595,3.9211571512955157,11.5512037200948,17.5936179219918,6.744637999147417,12.967814844980815,33.04127063805505,spline_planck_anchor,0.54
1.7047945205479453,184.49409085681137,454.4047747099158,0.133302788862855,13.323695507409012,0.8316987334172466,0.0006578202953047673,0.1676434462874486,10.825968025976053,20.525780390312,148.29176618674362,183.37828030747625,219.65406644769195,219.255081994898,460.9521165008053,695.1008885943,0.09404283885482718,0.13492995242582512,0.2063336611812242,6.832089527509852,13.51959280356672,19.031544747306953,0.5867492393050512,0.8418508831654208,1.2873507458446443,-0.2883689576246633,0.15748326684068645,0.412786679721441,3.9347731218286097,10.940175841273538,16.456665094885903,5.968654813058513,11.92649711281382,29.71891190206057,spline_planck_anchor,0.54
1.7137671232876714,188.4865468093161,434.55468750000244,0.12771545091750588,12.513150080690721,0.8047947638768419,0.0006386525774339362,0.19456658354572418,10.09621117875046,16.29692563296341,150.81768315427672,187.59210737881637,225.19140351950207,206.67776034241186,443.9812950791386,659.8306378784017,0.08947475989989823,0.12893628243075173,0.199480203159628,6.534206132712224,12.655781467319326,17.859678263058086,0.5638222920505345,0.8124877939869632,1.2570180181539183,-0.2580155368173198,0.18686744855802573,0.43573028138036335,3.525160240842173,10.12498472110305,15.281136234435682,5.049115226702213,10.365998831464168,25.922504475457192,spline_planck_anchor,0.54
1.7227397260273976,192.27500041829933,408.93249661198035,0.12273219885081602,11.581503069735906,0.7810896257508368,0.0006218905362630324,0.21828848371290013,9.235746630338342,13.103273602659812,153.48454589993605,191.97368922219798,230.29388707955766,195.7949051237836,415.4450371656441,616.1031869075744,0.08555385564587192,0.12311785961282615,0.1926082449339659,6.154640394166954,11.716491166049252,16.60303394629936,0.5444800118769396,0.7835440396950653,1.2257932584982498,-0.22676921465199118,0.21583211560521376,0.455086482216174,3.101224897173322,9.237245785935425,14.171648116196765,4.144597648071824,8.735378449775881,21.416149234479164,spline_planck_anchor,0.54
1.7317123287671234,195.80766089048467,377.53820204585037,0.11834360596215023,10.534069570301886,0.7606303620414107,0.0006075969290480554,0.2387620410295413,8.249748096461463,10.517392045637532,156.12582642920657,195.59110883456327,234.986343353238,182.67321759933236,380.4127876891812,565.7093163299636,0.08217108116295524,0.11860580441218913,0.1861464968485624,5.515798032351001,10.694655953013633,15.197174636766057,0.5281385395194287,0.7623155912547539,1.196420171073261,-0.19737587999322076,0.2370754656431476,0.47143957966863165,2.7403151631023754,8.25452977682832,12.68315445563417,2.977807732865384,7.289952029868189,17.526963532536893,spline_planck_anchor,0.54
1.7406849315068496,199.03273743259624,340.371803801611,0.11453945823544076,9.373853626515059,0.7434579868936442,0.0005958301750525141,0.25594618293130333,7.141096345133916,8.300257660091257,158.29094172724766,199.1284108705977,238.67020127501286,160.43065117610163,344.96255902523,512.8364992974338,0.07965403134792055,0.11442943938068884,0.18108898450763056,4.766861124155759,9.473198776217856,13.792835037535125,0.5170220525415807,0.7427438714478904,1.1754207147890938,-0.17636273322537335,0.2566608706912141,0.4825635900293479,2.0684517723649645,7.103118729962833,11.349848719038155,2.0721837814088846,5.990885264774338,14.81006698358199,spline_planck_anchor,0.54
1.7496575342465754,201.8984392513576,297.43330187926415,0.1113110382352808,8.101496202553289,0.7296221732157414,0.0005866560861048567,0.2697911706981537,5.910283058561646,6.302293650884714,161.3672058373117,201.86347653275465,241.3621684673582,129.49477458714588,292.498658336487,454.6642634928089,0.07788714333869182,0.11134960191580293,0.17425046415941128,3.578695561143386,8.11207339186917,12.30960141314157,0.5105350528509417,0.7298749506296963,1.1421778500988267,-0.14309622348682471,0.2695381900373489,0.48905444907633006,1.1631370251493398,5.852149578183196,9.944111100372552,0.9375875217562609,4.560232701627243,12.485251148808324,spline_planck_anchor,0.54
1.7586301369863016,204.36321319547088,252.28149563310652,0.1086422401732931,6.810925762767263,0.7191228887615944,0.0005801008992800191,0.28029701033912563,4.65123669288536,4.531319185623758,163.21210515054355,203.5435828770447,244.1293676341006,85.04978396388711,253.9774949584151,394.76050176761214,0.0761314654534978,0.1095190849031829,0.1703356704164944,2.30145999309971,6.881879064779103,11.051114248278026,0.503928115576829,0.7249268846489025,1.1274830045262993,-0.128392520709236,0.27448833249371785,0.49566537649860465,-0.1732482393084502,4.634565354689835,8.435792981193018,-0.45940378854842406,3.041767790017758,9.589411667091037,spline_planck_anchor,0.54
1.7676027397260277,206.43142911642332,209.045677259255,0.10647619394377814,5.605303335707695,0.7116848894125569,0.0005759681217502513,0.2877391424656928,3.467944794983023,3.0174638334633324,165.32285299009285,205.3877747811978,246.63299346847114,39.38823497602899,208.3324993901494,353.165616397034,0.07459366188159,0.10756103717205415,0.16601485400703755,1.0277659962648424,5.62011096637641,10.142783830796851,0.49858264125320156,0.7189359612657943,1.1096401800126923,-0.11053821421267138,0.28048220230430654,0.5010138547358352,-1.4198344892584813,3.3527295298078474,7.404094243440755,-1.7340191508564908,1.914791812673935,7.816289266314422,spline_planck_anchor,0.54
1.7765753424657535,208.1203280554779,167.73145081313115,0.10475509460300238,4.475478343082394,0.7070131831450306,0.0005740423381450859,0.29241277451682435,2.3521426242947223,1.6813039981824152,166.81053132688209,206.97333945774955,248.91540166058664,-12.503022068458408,164.80248739336668,320.8332926787563,0.07323195777851214,0.10591939358196187,0.16306367922232576,-0.36657007670172587,4.351305923788574,9.124866091249825,0.4942571984030685,0.7148712709102729,1.100549537368395,-0.10144310207798797,0.2845483065663441,0.5053415013601321,-2.5583218207537186,2.1694098294686075,6.653448643163285,-3.1427471597958543,0.8948760569934655,6.146164494121036,spline_planck_anchor,0.54
1.7855479452054797,209.44715169363,128.3388162947332,0.10343207553196543,3.4136909776918216,0.7048734041033791,0.0005741544201587715,0.29455244147646215,1.2967741477010495,0.46750794889685254,167.89647056724272,208.40649656494472,249.63629315623274,-62.554002841033316,120.52095955563732,299.6653902512633,0.07280962232436207,0.1044676120713085,0.16096139927422418,-1.5832555141316305,3.209154491660737,8.37338524286495,0.49618617895174766,0.7119304235222208,1.0969267401058953,-0.09782024145345061,0.2874896737645668,0.503409652744826,-3.946225317999731,1.030394830971388,5.989572941283056,-4.428525322731855,-0.24995316102542503,4.945759231826257,spline_planck_anchor,0.54
1.7945205479452058,210.42914171187502,90.86777370406182,0.10246897438530608,2.413466677630856,0.705079815226536,0.0005761725179599716,0.29434401225550405,0.29592254187940836,-0.6648790422564759,169.43566633332725,209.4362301621039,250.37891552251278,-109.72387223490712,82.65311011123167,275.2603229024108,0.07237834618406233,0.10344286569884736,0.15805008313427912,-2.9014500016874076,2.2004832569756383,7.699129871501436,0.4980289034802608,0.7117810739394452,1.0875284356201795,-0.08841713500367143,0.28763727745177115,0.5015641205134229,-5.215393046375369,-0.0440330368272108,5.286614370347298,-5.876907697957941,-1.2239389482185579,4.099872397439156,spline_planck_anchor,0.54
1.8034931506849317,211.0835397912082,55.31832304111818,0.10183461362123405,1.4694138624598774,0.707486062845006,0.0005799951187892558,0.2919339420362047,-0.6553643065502979,-1.748302055343079,170.12341876251858,209.93336877990993,249.92698819502687,-168.01814593593744,46.856675276861424,256.76180015819375,0.07264037207612865,0.10295357689153839,0.1567747216907499,-4.268464543666849,1.3479687303635508,7.123371928629069,0.504661912253974,0.7152599512158135,1.0891771143272897,-0.09007001871506877,0.28415368065319824,0.49492436730527384,-6.395044747128569,-1.0189701369630337,4.774773120836136,-7.191857720171565,-2.1347484623081785,3.4743900125620386,spline_planck_anchor,0.54
1.8124657534246578,211.42758761262502,21.690464305900353,0.10150346033115608,0.5770645990436677,0.7119779558807398,0.0005855456250857782,0.28743649849417446,-1.5612114510988946,-2.810500127016792,170.8607742219672,210.856605490086,249.4042058294231,-218.1952625200419,12.152123137454609,240.68285234429328,0.07294518838991543,0.10205394394453293,0.15542447805094067,-5.572769316797632,0.3199807394196033,6.65236694970329,0.5116610404388955,0.7158392252061324,1.0901973372682485,-0.09109393845659279,0.28357205357978765,0.487918158774674,-7.66148460373792,-2.0034200912836186,4.127842327592845,-8.820779430104142,-3.048410895454201,2.8296974549420377,spline_planck_anchor,0.54
1.8214383561643837,211.47852685712076,-10.015802501590066,0.10145456754809722,-0.26725142988011963,0.7184677406784327,0.0005927680529026255,0.2809394912686647,-2.425025724127028,-3.8772811696641067,172.11278310719788,211.5434335771102,249.0739212631313,-271.56475543689857,-22.389347641840498,221.52196645201712,0.07313876806052037,0.10139232340042956,0.15317149306755937,-6.766186451283811,-0.6091065668958865,6.31448693905202,0.517944600370351,0.7180269481815937,1.0847099270165443,-0.08560486127036977,0.2813806474390484,0.48162807214521247,-8.993777874738868,-2.865244340924022,3.712482397751525,-10.48842753745845,-4.014951955317491,2.028213500936817,spline_planck_anchor,0.54
1.8304109589041098,211.25359920569082,-39.800477381354426,0.1016707256273548,-1.066506869216608,0.7268894827365174,0.0006016235563391408,0.27250889370714343,-3.249581811651517,-4.974893892385201,172.3335285190457,210.81537286456214,248.9460927111822,-315.96039364173606,-49.98324119182697,205.40628999179458,0.07321390679599561,0.10209385550373505,0.1527793306329063,-7.981168328900069,-1.3665362850946554,5.997778256611201,0.5234389595596854,0.7299146274384418,1.0922877547232268,-0.09319180693356888,0.26948124518812266,0.4761278064812934,-10.339774046383795,-3.7359128263387182,3.3788632270909447,-12.44151469454211,-4.7791613014738195,1.5674914020045694,spline_planck_anchor,0.54
1.8393835616438359,210.77004633933055,-67.66356033339204,0.10213777080026229,-1.8230560202432182,0.7371952645171125,0.0006120875568537349,0.2621926479260338,-4.037090164021971,-6.13247313372527,173.09205878853362,210.63328290821107,247.32687561878166,-356.86850567215896,-79.67779939990689,195.44996143833725,0.07417571626821137,0.10227045650182628,0.15144327888075887,-9.323816493522168,-2.067830067232495,5.699070585495192,0.5353747819895629,0.7381529442285033,1.0930654463975549,-0.0939730102286995,0.261234173060546,0.46418070044761234,-11.684848850631486,-4.527356754957644,3.022324063856968,-14.588546387109247,-5.659955351976292,1.2525040286949203,spline_planck_anchor,0.54
1.8483561643835618,210.04510993903529,-93.6050513577023,0.10284401111455792,-2.538697760014853,0.749351977470903,0.0006241473076514818,0.25002387522144554,-4.789250281658168,-7.385057263586448,173.7350604803339,209.6333938403243,245.59324425445317,-402.80823549445506,-106.56120448573603,189.74134722421624,0.07522659929037062,0.10324837693544378,0.1503243094555543,-10.755814889247059,-2.847675039512125,5.475636379705378,0.5481233211903666,0.7522983068119955,1.095307517974882,-0.09621981721335425,0.24707509183528337,0.45142013808449033,-13.077578035058705,-5.419701546507729,2.816539980488308,-17.086505866696154,-6.393634397247801,1.3808243609015316,spline_planck_anchor,0.54
1.8573287671232879,209.0960316858004,-117.6249504542864,0.1037797393609474,-3.2147253293598297,0.7633385353094136,0.0006377997595388082,0.23602366493104754,-5.507292134326226,-8.777881278607012,172.8988031254404,208.4929268691844,243.21753940652667,-444.20311489738816,-132.46797726418475,181.50654704123158,0.07670335814106127,0.10438103176681547,0.15178228816120282,-11.961851865683572,-3.7071238284680907,5.231090631513235,0.5641816930477266,0.7677612643239049,1.116415113820211,-0.11734792312853642,0.23159724055025221,0.43534691066934345,-14.372995919611226,-6.070271483420782,2.588595656206674,-19.584849666148624,-7.048621231674686,1.3672508339152742,spline_planck_anchor,0.54
1.866301369863014,207.94005326062114,-139.7232576231439,0.10493680937120747,-3.851965587649324,0.7791433704129553,0.0006530496202218399,0.22020357996682283,-6.192007897369078,-10.373156570693965,170.76087099478264,207.46170242977308,241.84519890560844,-479.2739924923008,-152.07015017807632,172.70948370241567,0.07757632760863044,0.10542128660707825,0.15560640960418246,-13.296937912739821,-4.414319134119095,4.962317465332704,0.575995036626607,0.7827405564595542,1.1553591457882395,-0.15632752578097042,0.21660337888978054,0.4235221852940271,-15.709321601743529,-6.767006953474514,2.339922864354234,-22.621776313901503,-7.7983086707805125,1.2806561995220418,spline_planck_anchor,0.54
1.8752739726027399,206.59441634449306,-159.89997286427408,0.10630825703221965,-4.450809836311307,0.7967621002349573,0.0006699075171225,0.2025679922479202,-6.843775767084669,-12.26169324044157,169.11006223576197,205.39264429750986,240.0616956452505,-517.594069426135,-167.8340020405464,161.91775165964535,0.07873329386613423,0.10755593641316463,0.15865920596761174,-14.493492809409316,-5.070591905387262,4.788609561935905,0.5900924945104182,0.8061132425801872,1.1891234575509206,-0.19012325754487772,0.1932089875802368,0.4094113631683626,-17.08393247487972,-7.435653010140937,2.0624096529197837,-26.62636961832346,-8.55203447994764,1.364576435268705,spline_planck_anchor,0.54
1.884246575342466,205.0763626184114,-178.15509617767802,0.10788795103485199,-5.011237955164937,0.8161952685972153,0.0006883881866215627,0.18311634321616319,-7.462577313703069,-14.584400646849469,166.97029568397056,203.38285746830633,237.9661702732285,-546.671168204775,-184.8724246585943,156.8795436147946,0.0801260468879811,0.10969220494255744,0.16275178044763003,-15.835017526472443,-5.701028618228716,4.5563775318855955,0.6061705661667681,0.8298448326930383,1.2312517930219733,-0.23229024450740005,0.16945526692584748,0.3933181828215174,-18.372023361109374,-8.08976518058887,1.9109881289159294,-33.00646451810623,-9.366382136550767,1.7193947259664863,spline_planck_anchor,0.54
1.893219178082192,203.40313376337147,-194.4886275633552,0.10967026115610926,-5.532837343988984,0.837446080024414,0.0007085086218547892,0.1618454113537312,-8.048009618549644,-17.575507766399426,165.42890414000718,200.99021686015135,236.38636596786262,-573.7366892107736,-198.65726111951068,155.8970962352977,0.08120061700205662,0.11231928257957685,0.16579880279743722,-17.114075732105686,-6.168331058556772,4.563270240632696,0.6200508477602731,0.8576741034064851,1.2660456536874038,-0.2671167725124788,0.14160027435764827,0.37942456757439097,-19.856212128262495,-8.771534927730341,1.920683949514139,-35.386133625572555,-9.719399066228252,2.020861472473856,spline_planck_anchor,0.54
1.902191780821918,201.59197146036882,-208.90056702130533,0.1116497340462557,-6.014817993259793,0.8605180553980273,0.0007302861180685899,0.13875165848390414,-8.59929330392615,-21.65871595791582,163.56861867769166,199.52755114469272,234.83386861925862,-597.1335866222421,-212.61235589223676,149.69123107817381,0.08227788506075474,0.11397206714455062,0.1695915878004246,-18.269699883861293,-6.594056966684565,4.376087864040924,0.6341403878795668,0.8784169745383388,1.3070933360703274,-0.3082026121771613,0.12083754927047957,0.3653214433751406,-21.386710509487596,-9.336069104818947,1.7022434975642593,-35.3109421442057,-10.135830245523367,2.4715756883364466,spline_planck_anchor,0.54
1.911164383561644,199.6601173903986,-221.3909145515291,0.11382076828259259,-6.456024905828732,0.8854125455714382,0.0007537361601544488,0.11383371826840732,-9.115277487183665,-27.691791107947026,161.04196690583288,196.6739261584001,233.5581172206485,-621.1639967506986,-224.37749226877486,147.10807821484408,0.0831791049186474,0.11730358858777798,0.17495501876759526,-19.619657225395063,-7.0314066398425865,4.324628159746215,0.6470508338295657,0.9125054288713104,1.3609763039282374,-0.3621348791692537,0.08671777127248965,0.3523983431519952,-22.906566550727614,-9.868365939756476,1.6239880645011369,-33.66668639463203,-9.05650349557675,2.928525508376554,spline_planck_anchor,0.54
1.92013698630137,197.62481323445627,-231.9596701540259,0.11617728203878766,-6.854949042693784,0.9121260473622792,0.0007788701022898483,0.08709508253543095,-9.59444266518978,-37.72018513516224,156.6892535566018,194.47415444614973,233.43037819334958,-643.0020873359518,-235.84045634006822,144.4291374475739,0.08327021205891383,0.11997238014131408,0.18481020359447625,-20.997212492498054,-7.382105268549516,4.232144846211178,0.6537674841020791,0.9419219572928782,1.4509738699220716,-0.4522128655299201,0.05727372969210889,0.345674259778946,-24.449680510349555,-10.335496892289225,1.5554786758123211,-30.86663297666372,-8.157033005192336,3.705360310767156,spline_planck_anchor,0.54
1.929109589041096,195.50330067353718,-240.60683382879614,0.11871236825700171,-7.209737960727325,0.9406472746308433,0.000805692595549795,0.05854703277360691,-10.034902555002054,-58.132998204512496,153.96117050833084,192.61854749574593,233.38125028219537,-657.7703438413112,-243.8139902279081,141.43453869445577,0.08330522329888045,0.12229498069889955,0.19141759437904599,-22.313341708690793,-7.736741270651887,4.162292172998754,0.6600898660277882,0.969035004393205,1.5167453999336924,-0.5180445378475723,0.030134988069512092,0.33934474720950125,-25.99769388151021,-10.863042141095338,1.4462413490399193,-30.794102860568096,-6.955775361378635,4.244574574363813,spline_planck_anchor,0.54
1.9380821917808222,193.3128213886366,-247.33240557583972,0.12141793383673308,-7.5182073393027675,0.9709539470569836,0.000834198726869078,0.028211854216147355,-10.434405975381194,,149.78713016054337,190.99445761702597,232.14922433351128,-668.674298648373,-251.40951665535596,138.83361490759825,0.08419183419265426,0.12438346227499161,0.20223651629833164,-23.654373538683814,-8.046043651706052,4.110603750407774,0.6732645758018464,0.9946686607837769,1.6172433308160346,-0.6186327914919955,0.004476765904072321,0.3261569864116011,-27.49755469995067,-11.351926155093478,1.3543195385719957,-32.60272776116084,-6.3063055681513305,4.584478086516679,spline_planck_anchor,0.54
1.947054794520548,191.07061706075004,-252.13638539515637,0.12428432119517015,-7.777854647484849,1.0030092718527719,0.0008643708428304528,-0.0038736426956023414,-10.790339946414488,,144.3098577584214,188.7192730201307,231.44232485155877,-675.7148186204209,-256.83489267496145,137.78205289837035,0.08470687919475312,0.12740075406482196,0.21787828919794816,-24.867628210425373,-8.313799429887407,4.063731679518471,0.683608233162654,1.0281597577170258,1.758338800095198,-0.7598540969456574,-0.029045802683191083,0.31580264862952223,-28.99550258758008,-11.78380021054227,1.2791673028197785,-36.65489599708274,-5.452984669288449,4.787621814155354,spline_planck_anchor,0.54
1.9560273972602742,188.79392937087266,-255.0187732867465,0.1272999127244161,-7.985876274342037,1.036758110125381,0.0008961750454770513,-0.03765428517085816,-11.09973530490009,,141.07365605432884,185.88300164236057,229.86649374131449,-679.2927582122511,-260.0901182867248,137.94558966618374,0.0858722486384297,0.13131869166602447,0.22798823132225832,-26.121801414676966,-8.533092688163794,4.032513000074841,0.6993622250419619,1.0694879178003744,1.8567856236334817,-0.8583906315176251,-0.07041238453375344,0.30003324535010856,-30.567487133692715,-12.15095720923581,1.232370855042037,-36.03600628705048,-4.829604971940833,5.3778629067136485,spline_planck_anchor,0.54
1.965,186.5,-255.9795692506098,0.13045072127306312,-8.13918952094432,1.0721228410532306,0.0009295573657698851,-0.07305239841900052,-11.35927627356709,,136.32036172131268,183.69681004776626,230.8115506736613,-681.0256162540376,-261.17519349064594,138.2687693701917,0.08517047796876775,0.1344639191730087,0.24416471371715862,-27.35168923195218,-8.700839247961092,4.013080866840882,0.6999824448850497,1.1051057260247297,2.00669313286076,-1.0084329860856553,-0.10606388037817271,0.29941065279682294,-32.215917054172394,-12.45091527632755,1.2137868390038244,-33.40977397402226,-3.9067131463510925,5.80330070318119,spline_planck_anchor,0.54
