z,H,dH_dz,S_rel,dlnS_dlna,Omega_m,Omega_r,Omega_geom,Delta_H,w_geom,H_p16,H_p50,H_p84,dH_dz_p16,dH_dz_p50,dH_dz_p84,S_rel_p16,S_rel_p50,S_rel_p84,dlnS_dlna_p16,dlnS_dlna_p50,dlnS_dlna_p84,Omega_m_p16,Omega_m_p50,Omega_m_p84,Omega_geom_p16,Omega_geom_p50,Omega_geom_p84,Delta_H_p16,Delta_H_p50,Delta_H_p84,w_geom_p16,w_geom_p50,w_geom_p84,reconstruction,H0_anchor_sigma,gp_length_scale
0.0,67.40612156992388,40.134338468801154,0.9986319998874408,1.1908217691227856,0.3148686695645101,9.207387038962205e-05,0.6850392565651002,0.24584746494769683,-0.880373052789015,66.93725790356814,67.41096554396913,67.92725835135518,32.02043106986479,44.14963825798408,55.93082638074188,0.9833678029713535,0.9984884871026427,1.0126708826078161,0.9519187131835445,1.308409204842071,1.6563960033031901,0.31005586827686776,0.3148234199834633,0.3192951292862445,0.6806115024583791,0.6850845193780258,0.6898534652116982,0.004291322601176719,0.3679984398433277,0.7154754526890619,-0.9979091576320002,-0.8213701123479183,-0.6517538677879212,gp_planck_anchor,0.54,0.65
0.008972602739726028,67.76786698794788,40.49815278018064,0.9879990439720125,1.2059263020344706,0.31997689243063193,9.440716155105119e-05,0.679928700407817,0.24561799609637056,-0.8795863958730524,67.35712366295981,67.80192479553486,68.32698507158496,32.52287071997756,44.44106798439337,56.3081511940463,0.9718956592834507,0.987006724472695,1.0000854098066605,0.9692325277073663,1.320214447519906,1.669450602788118,0.31476159285954547,0.3196555163001314,0.3238912259556955,0.6760132119833647,0.6802501713583154,0.6851455387201087,0.006411356514178963,0.36519511567149604,0.7179782490267385,-0.99688225561408,-0.8210389015960609,-0.6502340955710063,gp_planck_anchor,0.54,0.65
0.017945205479452057,68.13285428874856,40.85696733269618,0.9774419867949379,1.2208545918387235,0.32507843841623374,9.676527080332678e-05,0.6748247963129629,0.24523221550680893,-0.8788662297499622,67.75340143593772,68.22584590542351,68.73174928177242,32.92897820813832,44.683145594356624,56.50497012231808,0.9604822926840051,0.9747793018695301,0.9884209704781445,0.9861676558817012,1.3314637460826777,1.676363655102353,0.3194379697724864,0.32419288053224693,0.32872983759833463,0.6711723102281675,0.6757106177987096,0.6804669439406454,0.0051815594895577455,0.3610952762623251,0.7132638712840502,-0.9974557025147979,-0.8219895292825175,-0.6486897476769506,gp_planck_anchor,0.54,0.65
0.026917808219178087,68.50103891094946,41.210850093687284,0.9669629645359763,1.235606248485491,0.33017247628796786,9.914789597862078e-05,0.6697283758160535,0.244692228037673,-0.8782131996226483,68.1070693924069,68.61839795772971,69.15628159459933,33.263346375767846,44.958220051007814,56.535175892832605,0.9487261885959878,0.963658172270822,0.9781822367117908,0.9989664993398021,1.347026686844044,1.6821156492799254,0.3239454730908968,0.32904404481145627,0.3340033312558362,0.6658963704760701,0.6708571461506307,0.6759572489275166,0.003981914331987931,0.3575422175084012,0.7060157313351336,-0.9980331710905312,-0.8223027200389854,-0.6508853673391417,gp_planck_anchor,0.54,0.65
0.03589041095890411,68.87237693537722,41.55987620604645,0.9565639588168173,1.2501812528665224,0.33525821089286373,0.00010155473711453899,0.6646402343700218,0.24400040123947297,-0.8776278310070769,68.43856514574985,69.02541016979717,69.58965057644053,33.67548001817601,45.028897766029104,56.499445076733174,0.9369466365096276,0.9523271481301826,0.9687291441129536,1.0144113050668722,1.3557042587077954,1.6831338468342536,0.32838269742761456,0.33377328606624795,0.33952188633241037,0.6603752673992781,0.6661256090026243,0.6715178305313536,0.005123392301948483,0.34962349606087295,0.6960438816617482,-0.9974395626392669,-0.825187774386958,-0.654035182348306,gp_planck_anchor,0.54,0.65
0.04486301369863014,69.24682514842002,41.904127757529125,0.9462468002894889,1.2645799463383285,0.34033488175723453,0.00010398549649936562,0.6595611327462662,0.24315935908062739,-0.87711052748658,68.76986149332181,69.44190087774092,70.07735887066555,34.01215604135498,45.21765636420382,56.55572340590225,0.923950505846007,0.940937887870329,0.9594179901264634,1.0293784312816512,1.361516308671794,1.6868566351850562,0.33231561370715984,0.3384254347927834,0.34507213987467006,0.6548224272128771,0.6614711631207679,0.6675828509935272,0.003651244482547804,0.3427703322635969,0.6884809481700314,-0.9981536535658099,-0.8268089705724209,-0.6554805434267847,gp_planck_anchor,0.54,0.65
0.053835616438356174,69.62434110325722,42.24369353706446,0.9360131724050567,1.2788030195716324,0.3454017616427757,0.00010643987868205882,0.6544917984785422,0.24217197512857724,-0.8766615687206777,69.0917315867451,69.86833365989924,70.55520794723688,34.50381175672542,45.27521873975317,56.47587803973489,0.9114776109376954,0.9294871408699572,0.9504997407582108,1.0451643247559703,1.3717096140480673,1.68133983396931,0.33634780128883546,0.34299356605833986,0.35074750503277635,0.6491444077307655,0.6569007361786078,0.6635485489237579,0.007414740727076804,0.3360599106694165,0.6749912933303722,-0.9962169879338816,-0.8290292745836797,-0.6582671198811089,gp_planck_anchor,0.54,0.65
0.0628082191780822,70.00488317884636,42.578668778584664,0.9258646153411763,1.29285150077117,0.3504581550684352,0.00010891759044887778,0.649432927341116,0.2410413652040689,-0.8762811087148848,69.40817706659946,70.28826478951989,71.04293542604921,34.67603947239862,45.52926399195394,56.18992924635782,0.8990055371656596,0.9184140375585599,0.9418524687870499,1.0618058016408904,1.377410303223106,1.6897931921744795,0.34029146025338186,0.3476379633248211,0.3565098752976187,0.6433793263202432,0.6522539955616642,0.6596027818255509,-0.001596680072756426,0.33206810730161823,0.6588566997615132,-1.0008212990773546,-0.8299040011527805,-0.6660608614757156,gp_planck_anchor,0.54,0.65
0.07178082191780823,70.38841063655742,42.90915489292037,0.915802530067825,1.3067267433098557,0.3555033968063776,0.00011141834076862118,0.6443851848528537,0.23977087952764847,-0.875969174357311,69.74638358318234,70.71166755935879,71.49630896354316,35.021683652741025,45.70996971976845,56.11889534757962,0.8876401158461427,0.9074485244768888,0.9327403598426725,1.0769586207123705,1.3884753525461915,1.694188002785987,0.3445710903436134,0.3522604735046727,0.3620784561906758,0.6378080647788024,0.6476291245193437,0.6553209176104376,-0.005068036346480938,0.3283379262594839,0.6509616855844036,-1.0026239811650346,-0.8312479794767617,-0.6691262873415644,gp_planck_anchor,0.54,0.65
0.08075342465753425,70.77488367435016,43.23525918833646,0.9058281825313003,1.3204304128212978,0.36053685036004257,0.00011394184070852908,0.6393492077992489,0.23836409437833597,-0.8757256642272087,70.08244378385069,71.09240685634089,71.99120662194872,35.366619426287905,45.85215438120676,56.41631682832239,0.8754780291839489,0.897754770719678,0.9238164780747916,1.0935626991722431,1.3942133885019063,1.7031949873043277,0.3484569119050252,0.3573234788594034,0.36769653422025617,0.6321872612367425,0.642563594833982,0.65143296392345,-0.006967447806489388,0.32191996559128166,0.6474103600282162,-1.0036715075989906,-0.8324941421882399,-0.6674689158731467,gp_planck_anchor,0.54,0.65
0.08972602739726028,71.16426347839538,43.55709458030962,0.8959427079373969,1.3339644737945593,0.3655579064319897,0.00011648780332297106,0.6343256057646873,0.2368248032852984,-0.8755503476799831,70.42444005165561,71.52048862382055,72.51454454223155,35.81428362611348,46.02718751084427,56.67179857340294,0.8628870028814969,0.887040025776811,0.9148657431585455,1.1064423888373816,1.4004195235044168,1.7087926583616282,0.3520706887462886,0.3619254801357308,0.3732787853202246,0.626602266559754,0.637959189561174,0.6478171212547402,-0.009511450133318264,0.31570925304969416,0.6438626574121867,-1.0050340748444608,-0.8348567815840044,-0.6663235978248442,gp_planck_anchor,0.54,0.65
0.0986986301369863,71.55651227204591,43.874779291173645,0.8861471151155481,1.3473311757148567,0.37056598138889146,0.00011905594351709811,0.6293149626675913,0.235157007774114,-0.8754428642125869,70.7679448958825,71.92232936003671,73.01830288911674,36.13021905209124,46.156704873316805,56.770404835193816,0.8510218102916601,0.8771556735707261,0.9060058239305016,1.1262096843558553,1.4065445268539127,1.7135067959865067,0.3558774010937891,0.3668059709986039,0.378870428580112,0.6210078474122597,0.6330761810791414,0.6440082621297889,-0.010966617321103251,0.3093035154757943,0.6390277835587614,-1.0057853138249149,-0.8373246171936902,-0.6682832587586729,gp_planck_anchor,0.54,0.65
0.10767123287671235,71.9515933620698,44.18843654028116,0.8764422909465598,1.360533038793558,0.3755605157306751,0.00012164597788767283,0.6243178382914372,0.23336490768998194,-0.8754027231126222,71.1334296540398,72.34267051745672,73.51504841069571,36.585791331794475,46.31524743074752,56.836192766506876,0.839559851188246,0.8669919893072805,0.8967196507317949,1.1430977243263725,1.4153255561479359,1.715611399098615,0.35975618013422855,0.37151100762943423,0.38424947994117065,0.6156260596808545,0.6283686580491283,0.6401272929932688,-0.01244451025910982,0.3009364570396159,0.6309125231579598,-1.006854635681872,-0.8395777326688686,-0.6698834457863992,gp_planck_anchor,0.54,0.65
0.11664383561643837,72.34947118206341,44.49819422535326,0.8668290048374812,1.3735728393305056,0.3805409725704738,0.00012425762454333018,0.6193347698049828,0.2314528911209108,-0.8754293033939242,71.4643521101237,72.74332735354434,74.01357878835861,37.03493121372919,46.31356338637619,56.91179588923936,0.8282879603533535,0.8574678282381965,0.8884341341058032,1.1557622684784934,1.4212472084340582,1.717897186307569,0.3636213189017302,0.3764313832193842,0.3900257000754326,0.6098469452624009,0.6234457010557559,0.6362599482295991,-0.013324220167333603,0.2940816372832422,0.6250314148673017,-1.0071877846187591,-0.8430944734838149,-0.6714338396144052,gp_planck_anchor,0.54,0.65
0.1256164383561644,72.75011133296829,44.8041845957077,0.8573079132280484,1.3864535947512189,0.38550683613167636,0.00012689060290653625,0.6143662732654172,0.22942552394456356,-0.875521854020868,71.81440981499433,73.14740412741976,74.54618129180713,37.411058243204096,46.33256043851254,56.82082488553543,0.8164947014405098,0.848020446497719,0.8797939392693649,1.1663070084131575,1.4249006688742891,1.714519179401358,0.36715430268853666,0.3813305281102023,0.39561815858958127,0.6042516226387674,0.6185439559298108,0.632724847493869,-0.01470522658582773,0.27906271940106664,0.6147490444476407,-1.0079823123394314,-0.8489727506314521,-0.6767526004442255,gp_planck_anchor,0.54,0.65
0.13458904109589043,73.15348062062236,45.10654391807557,0.8478795641140404,1.3991785483610153,0.39045761026799386,0.0001295446334995232,0.6094128450985066,0.22728753902303572,-0.8756794944231407,72.18022736672937,73.56079972279615,75.07132342773923,37.75826739307322,46.3496472890333,56.65136199466404,0.8051115175546946,0.8385158442281739,0.8708987533678623,1.1799427876071416,1.4310681718305331,1.712400165391676,0.37076246727579115,0.3861455170833036,0.40105819318892516,0.5988087451539772,0.6137263689340962,0.6291145224750152,-0.016066521088252454,0.2689141545505424,0.6007495593907793,-1.0087988887798713,-0.8531825275775049,-0.6810299891463883,gp_planck_anchor,0.54,0.65
0.14356164383561645,73.55954709028215,45.40541213573242,0.8385444015737845,1.4117511538575367,0.3953928170120983,0.00013221943771648094,0.6044749635501853,0.22504382507037582,-0.8759012153022546,72.51426181672673,73.97329091299582,75.57010463706203,37.9075596423088,46.48443778203213,56.64114877914485,0.7945187539237943,0.8291904855514474,0.8628936964631795,1.195187961506443,1.4414990089930044,1.716967216946646,0.37463371968530035,0.390982232194854,0.40687406508972795,0.5929898761408838,0.6088870232678816,0.6252410027233141,-0.019669497045764147,0.2597490082538061,0.5902587058735963,-1.0110547277761577,-0.8572273850695882,-0.6874657201910385,gp_planck_anchor,0.54,0.65
0.15253424657534248,73.96828005805908,45.700932521685395,0.8293027702849504,1.4241750596425413,0.4003119951580057,0.00013491473758427304,0.59955309010441,0.2226994152181871,-0.8761858797306258,72.89075701675608,74.40405909014575,76.07890014072355,38.25862615736757,46.62702529635596,56.60236892936776,0.7839271515617307,0.8196168985532781,0.8540026994657253,1.211589090168582,1.448136743765086,1.7143468965815696,0.3784087710117995,0.395636536716672,0.41223487578123097,0.5876261911846311,0.6042301242873062,0.6214636961621595,-0.0239716811350268,0.25170922515621386,0.5775620291822496,-1.0135438040175777,-0.8600861265455191,-0.6892828746927702,gp_planck_anchor,0.54,0.65
0.1615068493150685,74.37965013922026,45.99325132667149,0.8201549200196457,1.4364540929731866,0.40521469888201433,0.00013763025551393076,0.5946476708624717,0.220259475305088,-0.8765322245436385,73.23280495835714,74.83175236694163,76.55404860450028,38.60306766676177,46.795328277729055,56.46353995893426,0.7742264051862238,0.8102749038169669,0.8460437503334768,1.2206780693452237,1.4561836282527933,1.711315195076211,0.3825227551357311,0.40033327015093745,0.41800561718775997,0.5818524081502682,0.5995307575597708,0.6173473218760988,-0.028793956356060996,0.2504908859112029,0.5676066496634385,-1.0165150503383586,-0.8609763112516764,-0.6948657394133337,gp_planck_anchor,0.54,0.65
0.17047945205479453,74.79362927331063,46.282517422732745,0.8111010101066861,1.4485922439923025,0.41010049640662516,0.00014036571404514892,0.5897591378793297,0.2177292919162463,-0.8769388620247227,73.57991929034071,75.28086592942176,77.08202904841588,38.75964601931401,46.98218671833077,56.30469223502033,0.7636563667231264,0.8006356911766412,0.838080128331111,1.2320338762579888,1.4627595468305388,1.7119302578303153,0.38611202695462205,0.40480913018369247,0.4237413988818845,0.5761135665118525,0.5950523151861422,0.6137558179008712,-0.036385194078455106,0.2393830778256296,0.5491575725257081,-1.0210730850610104,-0.8667662838517143,-0.700617466252821,gp_planck_anchor,0.54,0.65
0.17945205479452056,75.21019074605972,46.5688819431446,0.802141113850785,1.4605936496764682,0.4149689687115202,0.00014312083558597842,0.5848879104528938,0.21511426019956373,-0.8774042818831189,73.92931210532802,75.70227077790507,77.60271981238179,39.06241676097668,47.03304700207772,56.23882573383564,0.7534427877610262,0.7917468495651051,0.8301772540767748,1.2462803681835404,1.4687740014223656,1.7155420250157198,0.3897760272121974,0.40959173887419525,0.42947281098483225,0.5703790658729472,0.5902669948713694,0.6100895408786428,-0.03974819984360216,0.23640405697990807,0.5421263415403578,-1.0237367680238478,-0.8657834134537323,-0.7051796783651819,gp_planck_anchor,0.54,0.65
0.1884246575342466,75.62930920804449,46.85249791948198,0.7932752228991902,1.4724625777399478,0.4198197082952957,0.00014589534214986389,0.5800343963625545,0.2124198714854613,-0.8779268535236504,74.28130012590762,76.10018402327793,78.10801560094389,39.31492622348985,47.302281710519765,56.16569589560684,0.7437259808032828,0.7834887108580383,0.8223281698228979,1.257955541839338,1.4788985380745863,1.7177203146449063,0.3935970963158965,0.41464045838083446,0.43519520389952393,0.5646535574808489,0.5852154461649757,0.6062661211989042,-0.04946777101584271,0.23126384634904312,0.5251842916043034,-1.0287412173354211,-0.8660898708215035,-0.7098084331673779,gp_planck_anchor,0.54,0.65
0.1973972602739726,76.05096069008576,47.13351991661215,0.7845032515471316,1.4842034105317354,0.4246523179913007,0.00014868895509213348,0.5751989930536072,0.20965170073746472,-0.8785048286075345,74.62713873475465,76.49732581997927,78.59625690268531,39.78708764222357,47.475581112448396,56.27671874871091,0.7345146691025428,0.7753747469725916,0.8147241234934083,1.2703630951531286,1.4900496299124586,1.7217941926799563,0.39759345320478745,0.4197110502276199,0.4410109032468695,0.5588346799570603,0.5801419909666583,0.602267332307021,-0.05017458484929169,0.22712407832051654,0.5161955585935305,-1.0295053115640116,-0.8696092951371377,-0.7114279191016789,gp_planck_anchor,0.54,0.65
0.20636986301369864,76.47512261536328,47.41210366640998,0.7758250409741932,1.4958206289622333,0.42946640984057366,0.00015150139484798792,0.5703820887645784,0.20681539386112036,-0.8791363439029247,74.978639526996,76.92110148041772,79.15455163125057,40.05519044729144,47.7551125208607,56.116290516977756,0.7241897482010848,0.7668548547914088,0.8071031562695974,1.2803291274167616,1.4994987632586074,1.7170216155896365,0.4008831305737841,0.4245008654819067,0.44678075157106134,0.5530616391130451,0.575349384801326,0.5989754512569218,-0.043130068441360345,0.22122577615471223,0.511361243343891,-1.0258555561867624,-0.8717128376541075,-0.7176934633543216,gp_planck_anchor,0.54,0.65
0.2153424657534247,76.90177380824126,47.6884057009916,0.7672403634044772,1.507318796495217,0.4342616040245297,0.00015433238067398252,0.5655840635947963,0.20391665489893213,-0.8798194244236315,75.32300847628382,77.35214556863816,79.66304661196455,40.44494993830363,47.83889990605145,56.22131166711202,0.7149741402172164,0.7583321041260223,0.7997400536300208,1.298900130990892,1.504548456479621,1.7166245660008923,0.40467867929819035,0.4292194879578482,0.45265657942053156,0.5471825508021676,0.5706279715808393,0.5951775018069194,-0.04596648902498319,0.21670601591955524,0.49458060243735213,-1.0275274936266114,-0.8744608277677743,-0.7195962342746897,gp_planck_anchor,0.54,0.65
0.22431506849315072,77.3308944998044,47.96258298626423,0.7587489261841264,1.518702543239948,0.43903752785970923,0.0001571816303949251,0.5608052905098959,0.20096123313924047,-0.8805519868541645,75.67831354775419,77.76271739364307,80.14436057431497,40.691057329030926,48.04739164281986,56.06840413832744,0.7064122505985033,0.7503455327995803,0.7922482095736141,1.3094368576675648,1.5113797969857585,1.7126490649975694,0.408753775392254,0.4341750431432717,0.4584213346195536,0.5414145440736994,0.5656695160644782,0.5910998849880797,-0.051700242762865715,0.2078198935406076,0.48359096629129605,-1.0314542931228687,-0.8772877440341658,-0.7263996013154639,gp_planck_anchor,0.54,0.65
0.23328767123287675,77.76246633010965,48.2347925565887,0.7503503757704768,1.5299765501774638,0.4437938148565732,0.00016004886015804636,0.5560461362832687,0.197954910167112,-0.8813318432589755,76.0359944442361,78.17365171614702,80.62501692248186,41.04067549547203,48.215215331955505,55.90622227993774,0.6980146207988909,0.7424776034193972,0.7848121111662255,1.3210113588389234,1.5196405661197852,1.7156631517134344,0.4128398963909634,0.43913747324870045,0.46417616623762364,0.5356564342542447,0.5607041571443034,0.5870112179043845,-0.061968979208582214,0.20161776845877002,0.4683108223616037,-1.037935779700759,-0.8796436337187674,-0.7319366129539745,gp_planck_anchor,0.54,0.65
0.24226027397260277,78.19647234716841,48.5051911513469,0.7420443016277345,1.5411455335541775,0.4485301038440095,0.00016293378419622397,0.5513069623717943,0.19490348688536413,-0.8821567050735438,76.42097933070272,78.6132701820189,81.11039266725936,41.23036603184882,48.377114418264696,55.68265169927022,0.6896856315580334,0.7341967297530907,0.7769247625587874,1.3260378011984326,1.5278808247984603,1.7160873196113815,0.41688180512116746,0.4437866239464668,0.4696136654712785,0.5302157418952065,0.5560521653936565,0.5829667577077513,-0.06601523853841303,0.1948628365266093,0.45447696900794016,-1.0415842513021139,-0.8805535615248968,-0.740323695412076,gp_planck_anchor,0.54,0.65
0.2512328767123288,78.63289700267919,48.77393485420348,0.7338302400247053,1.5522142294751118,0.453246038160896,0.00016583611460195845,0.546588125724502,0.19181277053401607,-0.883024187374623,76.82245264053428,79.04791704822915,81.59529940925113,41.32237775950593,48.641463899808045,55.55002450737368,0.6815125818919584,0.7261449092451653,0.7688255751928187,1.3448945898027957,1.5387731726044738,1.7211234077481152,0.4209323367335394,0.4484992376915323,0.47486070617801945,0.5249655492156091,0.5513366629789236,0.5789136502639035,-0.06819237327158725,0.19003259068414732,0.4399721564773448,-1.043462688518353,-0.8849962629151862,-0.7469334311911112,gp_planck_anchor,0.54,0.65
0.2602054794520548,79.07172614453809,49.041178735842685,0.7257076777307018,1.563187378728181,0.45794126491578063,0.00016875556111372475,0.5418899795231057,0.18868856173638407,-0.883931813426752,77.17547891621874,79.47978270758072,82.10335844409254,41.606749962611474,48.524928771023696,55.54957005743138,0.6731042185179203,0.7182751058118593,0.7618079402367024,1.3515924166425028,1.5449512357833937,1.7240352338579858,0.424747052714286,0.4532511100634362,0.4807215115399928,0.5191013381688354,0.54658186274058,0.5750964240965986,-0.07149725638303263,0.18520853749909333,0.4285872198772718,-1.0455165108425515,-0.8867663604185154,-0.7506434095916081,gp_planck_anchor,0.54,0.65
0.26917808219178085,79.51294700616305,49.30707650095319,0.7176760556062636,1.574069711870009,0.46261543431541696,0.00017169183091622314,0.5372128738536668,0.1855366416000933,-0.8848770195018122,77.56601048104297,79.9320681091055,82.57108356580436,41.917960477881266,48.674461792863895,55.74769474089671,0.6655002042537475,0.7101696569902665,0.7541561006186916,1.3606037703181144,1.54882188374435,1.7256681060143384,0.428982775198999,0.4577767946133433,0.4861305449777255,0.5136890359589654,0.5420533093343678,0.5708580151580837,-0.07749025100925597,0.17836127432875765,0.41567715676482575,-1.0501208700565612,-0.8913695029382487,-0.7528696381218364,gp_planck_anchor,0.54,0.65
0.27815068493150685,79.95654819267159,49.571780140224426,0.709734772085911,1.5848659346029443,0.46726819906263994,0.00017464462845597593,0.5325571563089041,0.1823627589012006,-0.8858571599681199,77.95680710819994,80.36983372028816,83.05516332731793,42.167339913432464,48.75749534710335,55.864142683987914,0.6577651871019042,0.7024542334325199,0.7466139048516299,1.3660410413067072,1.5492892689188025,1.7358834127425369,0.43305297481747623,0.4624749096275209,0.49154831978968755,0.5082679607236236,0.5373522372681503,0.5667851687239835,-0.08195400392274049,0.16371729245576755,0.41035245317585023,-1.054607060370879,-0.9001968778483589,-0.7533971166629038,gp_planck_anchor,0.54,0.65
0.2871232876712329,80.40251966396198,49.83543958810438,0.7018831865505845,1.5955807134719138,0.47189921382377115,0.00017761365527361534,0.5279231725209552,0.17917261737950593,-0.8868695126452364,78.37452149622962,80.80074314957804,83.53773342141984,42.271454406944365,49.0288633139039,56.07957042126599,0.6501877485009464,0.6949818287433159,0.7386766203267735,1.3700452616377863,1.5584702327706608,1.740954066186653,0.43714266595176776,0.4672592033690801,0.49663665276740837,0.5031764228880349,0.5325649293850346,0.562692802079326,-0.09038413525561308,0.15667600822903133,0.40479127726907593,-1.058768221287628,-0.9022214515261373,-0.758357103815507,gp_planck_anchor,0.54,0.65
0.29609589041095896,80.85085271475205,50.09820238705637,0.6941206225879154,1.606218661908874,0.47650813476547943,0.00018059860985410994,0.5233112666246665,0.1759718631730193,-0.8879112844203096,78.7759758492568,81.23951866602678,84.03234925104606,42.25918820070745,49.15820654800481,55.844865115065026,0.6425562470441245,0.6874949025412429,0.731167037290125,1.3794498690216201,1.5591750347372144,1.7494185492387133,0.44110961236009394,0.47195963210156644,0.5019401956999066,0.49786956683097255,0.5278614931904357,0.5587232052206075,-0.09822902167680099,0.14567345443887675,0.39458983890851285,-1.0638890226834896,-0.908401047035608,-0.7615891318046861,gp_planck_anchor,0.54,0.65
0.30506849315068496,81.30153995163727,50.360213359036415,0.6864463711388993,1.6167843266516406,0.48109461916078183,0.00018359918749608667,0.518721781651722,0.17276607241931083,-0.888979617121413,79.15532416231183,81.67196890066592,84.54814005977468,42.49651846956002,49.13637748827655,55.982213400026,0.6347402558549574,0.6802336750434088,0.724175631569043,1.3859614497767514,1.5685017721937577,1.7629763095516393,0.4448564876960617,0.4767404630494126,0.5075370987790259,0.49226921084230707,0.5230775994310719,0.5549737426028432,-0.10798657584041653,0.14180643529980103,0.3834273975222467,-1.070130134572608,-0.9090569487263354,-0.7677019922799533,gp_planck_anchor,0.54,0.65
0.314041095890411,81.75457526723625,50.62161428489554,0.6788596935299308,1.6272821745628654,0.48565832506360285,0.00018661508020129328,0.5141550598561958,0.16956073905125169,-0.8900715936429268,79.55837938322992,82.11213516943471,85.0031476132346,42.704105129894444,49.38742025262199,56.13575992615592,0.627963124529596,0.6729603340064048,0.7168566253144861,1.3908078465457374,1.5737106434423134,1.7710398833848442,0.44924676213274684,0.4814379050085457,0.5128414476203252,0.4869614921360031,0.518377101615209,0.5505806139952447,-0.11755422927524217,0.13864380054094702,0.3750205344775406,-1.0784632576657391,-0.9120040500848868,-0.7702877954280538,gp_planck_anchor,0.54,0.65
0.323013698630137,82.20995381149778,50.88254359239351,0.6713598243895503,1.637716579873973,0.49019891105109187,0.00018964597658515235,0.5096114429723231,0.16636126281435673,-0.8911842443175595,79.9901600597847,82.53556816621412,85.470195474836,42.95406611491684,49.40137820499193,56.4772319040414,0.6211189584962908,0.6660730728329064,0.7091384368142593,1.4070537636790497,1.581644033467216,1.7760242779623465,0.45351512858982623,0.4863387458134401,0.5177832763926618,0.48201640591405653,0.5134731016135499,0.5463094174923485,-0.12395287216023876,0.1273564833661,0.36769718763009135,-1.0840958553987763,-0.9177688861253788,-0.768584970727373,gp_planck_anchor,0.54,0.65
0.33198630136986307,82.66767196024972,51.14313605348915,0.6639459744495834,1.648091811877774,0.49471603603265596,0.0001926915618092434,0.5050912724055349,0.16317293753256917,-0.8923145535291435,80.42070607309972,82.95841604348246,85.94952399800727,43.13377496848385,49.53754165313151,56.793400350246436,0.6142104559119446,0.659300284125024,0.701565912740654,1.408736208288885,1.5889982435776702,1.7893552819711744,0.45765736028517956,0.49125446296730735,0.5227472124586904,0.47704917785522005,0.5085541937512538,0.5421643824821785,-0.1297205877696887,0.12078422733398189,0.3709863329153035,-1.0900481488229705,-0.9205107403306844,-0.7654672685568078,gp_planck_anchor,0.54,0.65
0.34095890410958907,83.12772728107554,51.4035224915521,0.6566173332306892,1.6584120230924826,0.4992093591244687,0.00019575151753645404,0.5005948893579949,0.1600009396489307,-0.8934594665597902,80.86525401920937,83.40223947122693,86.40401860276924,43.34490632535224,49.71385631749616,57.043673175492216,0.6077658603973076,0.6523020377733078,0.6938734288167946,1.416640923995503,1.5985966642666387,1.7983990425379595,0.46206883417754213,0.49592855039358613,0.5275342154140686,0.47225892623816157,0.5038769845697417,0.5377499779624082,-0.12990907026117057,0.11674545183373398,0.36378945481965164,-1.0927458516843334,-0.9248072693810225,-0.7664577462999501,gp_planck_anchor,0.54,0.65
0.3499315068493151,83.59011849661111,51.663829499116446,0.649373071612613,1.6686812379187104,0.5036785395879817,0.0001988255219094198,0.4961226348901089,0.1568503170671276,-0.8946158966644272,81.32308872618695,83.86001447885027,86.85473257049063,43.540433249036965,49.873650207851256,57.05223348033747,0.6014746108208384,0.6451999007518272,0.6860826823042264,1.421424701747982,1.609916113782539,1.8183194772264462,0.4665266652113593,0.5004416689869389,0.5321519147713394,0.4676380199313064,0.49936078323565747,0.5332891748524814,-0.14428696548764908,0.10703873621589927,0.3627274009286056,-1.095751375218805,-0.9272422038676337,-0.7674432556130579,gp_planck_anchor,0.54,0.65
0.3589041095890411,84.05484544535808,51.924179166772824,0.642212344289733,1.6789033418099497,0.5081232368307979,0.00020191324955277717,0.4916748499196494,0.15372597831934515,-0.8957807323651207,81.70159458246157,84.34501800381986,87.33665507084626,43.543343003846765,49.99149730921153,57.39684096154698,0.5948549805022887,0.637801133365033,0.6797404705604044,1.4259361708182352,1.6166518039256448,1.8320935261187756,0.4706537344311466,0.5046330535708032,0.5378157725822527,0.4619705152266259,0.4951664200759567,0.5291592415989875,-0.15022377165805356,0.10290659814510102,0.3602292462637325,-1.1039765107985575,-0.931161434619122,-0.7686446683344952,gp_planck_anchor,0.54,0.65
0.3678767123287672,84.52190904011714,52.18468882376967,0.6351342921127169,1.6890820709758758,0.5125431104680522,0.0002050143715996331,0.4872518751603481,0.15063268208532057,-0.8969508449568995,82.0739124396228,84.84283144080968,87.87345348598825,43.67275205310101,50.16064147024828,57.92491411766488,0.5876094443743153,0.6303385497613108,0.6735873018057214,1.4274521842249543,1.6261321070844224,1.8424820501421437,0.4741913263070452,0.508673023885864,0.5435740679201385,0.4562085054991964,0.491123509755479,0.525618999820074,-0.16011059938830538,0.09586283682931518,0.3597495840118756,-1.1146958683769561,-0.9352795965543312,-0.7684652498212672,gp_planck_anchor,0.54,0.65
0.3768493150684932,84.99131122414818,52.4454707908668,0.6281380443173579,1.6992210026366334,0.5169378204422858,0.0002081285557425505,0.4828540510019717,0.14757502708680587,-0.898123096216084,82.47226576595872,85.33460135279769,88.39012976932683,44.04342615095208,50.42361795522906,57.994794995774456,0.58075997813062,0.6230943815696173,0.6670959637525522,1.4298515974245185,1.6355854198520565,1.8590836108671327,0.47794716465744264,0.5127870449058405,0.5489989607345949,0.45078000231224874,0.48700649771603916,0.5218604051330279,-0.1580616080759012,0.08580745152965774,0.35391895944939566,-1.1193514816403634,-0.9424631303555813,-0.7616013637384669,gp_planck_anchor,0.54,0.65
0.38582191780821923,85.46305492516998,52.70663214595638,0.6212227206418514,1.709323545845066,0.521307027199625,0.0002112554663092395,0.4784817173340658,0.1445574423809541,-0.8992943463013396,82.87847861130997,85.7946396710004,88.8390576309231,44.126150294541645,50.84496363420155,58.73162603467253,0.5749052749687388,0.6164302133321369,0.6605726928570398,1.4377511617613175,1.641713189276336,1.8653915940827315,0.4824391475985971,0.5172853331188315,0.5543280619336622,0.4454473010921516,0.4825050411739341,0.5173653478296744,-0.16290167192611263,0.07350934757990815,0.351531444934586,-1.118774165646617,-0.9485866991443079,-0.7668945082638087,gp_planck_anchor,0.54,0.65
0.3947945205479452,85.93714400731582,52.968274502936744,0.6143874333339792,1.7193929328925857,0.5256503919199206,0.00021439476436302884,0.4741352133157164,0.1415841780753719,-0.900461461836841,83.34254398971862,86.23923788470279,89.31360372100836,44.05849331561626,50.99890437791339,59.133861518094726,0.5688122569011128,0.6100906820645133,0.6532368143484184,1.4450388249772217,1.646454082985894,1.876418857853604,0.48665771717760864,0.5219742278803652,0.5588886895284353,0.44088335894572456,0.4778128767364863,0.5131437918325555,-0.1734613874091557,0.06765602909815174,0.3574660719197836,-1.1268388366573072,-0.9505510064851035,-0.7594401502265226,gp_planck_anchor,0.54,0.65
0.4037671232876713,86.41358322116632,53.230493804293715,0.6076312890498262,1.729432211313111,0.5299675767983528,0.00021754610782808776,0.4698148770938191,0.13865929648674016,-0.9016213241660497,83.79774921724437,86.70353181331254,89.81423494133956,44.12688265880436,51.21641272604848,59.2758481909917,0.5624887117352215,0.6035743714837485,0.6461590959483224,1.450829493891664,1.6508287102837078,1.8930225517152715,0.49059484741296466,0.5264291896044889,0.5635709952353462,0.4361976648075212,0.4733547167583543,0.5092037685698848,-0.18201727363237102,0.06681404654231202,0.34627305582631235,-1.129768833628659,-0.9511293277393744,-0.7524216926012857,gp_planck_anchor,0.54,0.65
0.4127397260273973,86.89237815198422,53.49338012781272,0.6009533906458355,1.7394442364982008,0.5342582453758811,0.00022070915163925934,0.4655210454724797,0.13578666376400056,-0.9027708377636761,84.22526614541657,87.15450427500843,90.31763395001327,44.16956376996445,51.435388424023245,59.423048387413814,0.5562359584882702,0.5973439741962696,0.6396160794268614,1.4553960621777275,1.65669182922377,1.9041564774768882,0.4945036533990542,0.5310494099999736,0.5686300628765131,0.43113502851915503,0.4687312064607473,0.5052920605973719,-0.19202163081628465,0.0671325947929305,0.35525025334158616,-1.1420732944924217,-0.9509078934946993,-0.7536344372406529,gp_planck_anchor,0.54,0.65
0.42171232876712333,87.37353516627985,53.757017507812215,0.5943528388661226,1.7494316649351342,0.5385220629157766,0.0002238835479162537,0.4612540535363071,0.13296994199613918,-0.9039069387924106,84.68701528102389,87.62617015206679,90.77145513361077,44.394957978598526,51.66657739026097,59.64348885780813,0.5506879432704115,0.5909306256973621,0.632660184456302,1.4605606590360216,1.6719360913568577,1.9223938018392452,0.49895884706900095,0.535421316734612,0.5732309923984837,0.42653069426731616,0.4643560888123928,0.500833717275826,-0.1913831954028995,0.06624078777065502,0.36233490248576855,-1.1436402063426268,-0.9501674075406052,-0.755930527280868,gp_planck_anchor,0.54,0.65
0.4306849315068494,87.85706135683888,54.021483771255205,0.5878287339271259,1.7593969480783338,0.5427586968233742,0.00022706894616185064,0.45701423423046394,0.13021258182356385,-0.9050266037899817,85.12193972930991,88.05043229267254,91.24873822057066,44.56861748738649,51.900802744885745,60.173347472192596,0.5449423617281461,0.585249872222164,0.6262116448018994,1.459984417705906,1.6873668709231535,1.9386452015371431,0.5031605109186238,0.5403775617452677,0.5781987110389136,0.42155939330329933,0.45939636548207446,0.49662898646274795,-0.2013800395406673,0.06522936959417497,0.35734238960821824,-1.1508770434240905,-0.9510022344657152,-0.75586553612879,gp_planck_anchor,0.54,0.65
0.4396575342465754,88.34296448634771,54.286850389062586,0.5813801770017645,1.7693423268631283,0.546967817106069,0.00023026499348365273,0.4528019179004473,0.12751781557098668,-0.9061268584710201,85.56627991361115,88.50980951923577,91.69042964660756,44.764531036979854,52.029608626583745,60.56477179637845,0.5397047057046789,0.5791904069070852,0.6197247706157453,1.4615125276305885,1.6982645539309718,1.9556471983161605,0.507759150447033,0.5449076612630755,0.5830427634088817,0.41671178460305186,0.45486294103719543,0.49202709080188073,-0.21318994951533687,0.06504163017261845,0.35161433673733455,-1.1580318206817215,-0.9541720282386501,-0.7530541534674149,gp_planck_anchor,0.54,0.65
0.44863013698630144,88.83125292975402,54.553182342914695,0.575006271605388,1.7792698268693448,0.5511490968704855,0.00023347133483882563,0.44861743179467567,0.12488865091853289,-0.9072047866271261,85.92712270489622,89.05759348602092,92.12163182118121,44.86040879366335,52.1328777335294,61.14082224897124,0.5346639623596757,0.5720872722774479,0.614530751002457,1.472633984484477,1.7087379606568625,1.9708573408917855,0.5124806015784843,0.5483512076598722,0.5890336943082687,0.41071678612677864,0.4514165062143956,0.4873023073824322,-0.22240570699425383,0.05850395569643585,0.35766875124072367,-1.1680052101780243,-0.9582614831396429,-0.7470900232308852,gp_planck_anchor,0.54,0.65
0.45760273972602744,89.32193561550241,54.82053800779523,0.5687061248858968,1.7891812541408656,0.5553022128536775,0.00023668761330117137,0.4444610995330213,0.1223278651266283,-0.9082575391073567,86.35120277263279,89.54246228257098,92.52260792066825,45.00289036754725,52.41782893691176,61.510231531107934,0.5300397710058605,0.565909222845248,0.6085095197100349,1.4787616971382265,1.7180940309798722,1.9840312995870528,0.5175471915289548,0.5525712313777547,0.5941674760497916,0.4055792707152093,0.4471932450408398,0.48223221325874777,-0.22800299231516594,0.05067953334222533,0.363853971221478,-1.178638413821814,-0.9614813881721094,-0.738842979252213,gp_planck_anchor,0.54,0.65
0.4665753424657535,89.81502196578813,55.08896905049212,0.5624788488204799,1.7990781916656589,0.5594268459851283,0.00023991347034977233,0.44033324054452194,0.1198379998288751,-0.9092823428602378,86.78087094328777,89.9839072358226,93.01833829968615,45.100397798938914,52.555628413627716,61.847230278789674,0.524405219153772,0.560370351043305,0.6024987575084171,1.4853170180700557,1.7262155338798126,1.99868279516395,0.5215598033322053,0.5573297888891591,0.5992296071749111,0.4005134097081265,0.44243119697567507,0.478216522699857,-0.23592193588095992,0.049550073879086956,0.36389202066351795,-1.1878615644741986,-0.9625234985824271,-0.7361238232020004,gp_planck_anchor,0.54,0.65
0.4755479452054795,90.3105218359716,55.35852034423608,0.5563235613215106,1.8089619965193835,0.5635226819762782,0.00024314854617836005,0.43623416947754345,0.11742135640583547,-0.9102765100171885,87.27634648740347,90.473427530457,93.52087811612759,45.373491808293764,52.78446610031824,62.11710470907188,0.5187845174171999,0.5543219442298302,0.5956773815138019,1.48821413357204,1.7383162123768026,2.0139750256432385,0.5254978630210424,0.5614951629024609,0.6033857613829686,0.3963538899649585,0.4382625633844969,0.47427539536677393,-0.24633930729516862,0.04693315333505002,0.365501705310246,-1.1933206222702635,-0.9664541234806688,-0.7328081298774065,gp_planck_anchor,0.54,0.65
0.48452054794520555,90.80844545330069,55.62922989961892,0.5502393872541743,1.818833797674055,0.5675894119342412,0.0002463924800244657,0.4321641955857344,0.11507999195123368,-0.9112374469960738,87.71071304156672,90.95354998245497,93.98500150098471,45.5251126193257,53.07835881933496,62.653607501277,0.5136733702967197,0.5484855597543039,0.5897920047831631,1.4950629482516362,1.746655130096872,2.031189926365595,0.5298704035491291,0.5657802831398575,0.6083891937088026,0.39134670248815573,0.4339741097290357,0.46989957791973397,-0.2508665793420454,0.039582343779110254,0.3691594687871471,-1.2012985052963017,-0.9699468010841164,-0.7308742785492798,gp_planck_anchor,0.54,0.65
0.49349315068493155,91.30880335508614,55.901128811897465,0.5442254593684859,1.8286944944717523,0.5716267329963504,0.0002496449105173277,0.4281236220931323,0.11281571584063196,-0.912162663602422,88.17453838750258,91.47734669757125,94.52120857284973,45.54361613791669,53.42516111837166,63.12685961021109,0.5078620112657304,0.5422219812822799,0.5836033722282641,1.4983526099799012,1.7532754457033373,2.050989210800575,0.5334324172368843,0.5695223815491091,0.6129872891643213,0.38674500264759315,0.43022889256777097,0.4663346183470359,-0.253956579800654,0.03213780646614757,0.36087900922298277,-1.2106653460804826,-0.9764309813714962,-0.7263737459046875,gp_planck_anchor,0.54,0.65
0.5024657534246576,91.81160632647824,56.17424122475075,0.538280919148375,1.838544755761732,0.5756343489821333,0.00025290547604344755,0.42411274554182327,0.11063008691115851,-0.913049782104659,88.59187237359731,91.94894183897499,95.04440733122327,45.60088310326655,53.83666166786149,63.51615334194148,0.5022859612352849,0.5366741605817287,0.5781178731784031,1.4988124843247717,1.762920054445563,2.062675665505158,0.5371415593849796,0.5739160911197773,0.6182357459158884,0.3814926316454847,0.42583175832233766,0.46262244698118116,-0.2525926466807968,0.0281142732248697,0.3625918505426643,-1.215291060516961,-0.9781086833048442,-0.7234851458598892,gp_planck_anchor,0.54,0.65
0.5114383561643836,92.31686533799189,56.44858431052133,0.5324049175805782,1.8483850196977856,0.5796119710593169,0.0002561738151286099,0.42013185512555445,0.10852441125932019,-0.9138965462585643,89.12172748207546,92.40966405033942,95.54421369712178,45.75726579696677,54.298953300062294,63.880327823960464,0.49704484673965244,0.5313361886627859,0.571264148377948,1.4926259820974508,1.772927442249956,2.0768893197736875,0.541116608450642,0.5784484805390102,0.6219167556557208,0.37780837288553837,0.4212958598792109,0.4586442317097796,-0.2628251320435284,0.028271808377038053,0.3661438082522132,-1.2225862466402595,-0.9783057485617805,-0.7158601594116331,gp_planck_anchor,0.54,0.65
0.5204109589041096,92.8245914829287,56.724168266933575,0.5265966158460864,1.858215494191054,0.5835593184204468,0.00025944956683510606,0.41618123201271806,0.1064997406623731,-0.9147008302550281,89.67238519213258,92.8979865538549,96.08073080922455,45.79415035022972,54.835324304677584,64.25857459598191,0.4915091052398486,0.5257648577568523,0.5642696799642911,1.4974333046294146,1.7791366514152547,2.08851663920195,0.544676342042887,0.582637587879387,0.6253075312993062,0.3744144579432383,0.41710337235374517,0.455081495701199,-0.2754036586245538,0.02603371480370137,0.364799680263812,-1.2322932289525181,-0.9796798612295495,-0.7116401935826812,gp_planck_anchor,0.54,0.65
0.5293835616438357,93.33479591484327,57.000996330243986,0.5208551859369427,1.8680361580119311,0.5874761189667252,0.00026273237117283786,0.4122611486621019,0.10455687162706404,-0.9154606475641478,90.1450785919836,93.43433748581575,96.59020741549949,45.98283848927998,55.212964125863856,64.75109451877876,0.48633783993321417,0.5197460087624607,0.5583674895479049,1.505851615610245,1.7888551715031054,2.1026186288331137,0.5485437688340782,0.5862250704616806,0.6297865022246496,0.3699318432608602,0.41351275666383003,0.4512109102066097,-0.28310038920988706,0.025970734518999884,0.3764195882412657,-1.2396553690323204,-0.9786697141881358,-0.7091832287116003,gp_planck_anchor,0.54,0.65
0.5383561643835617,93.84748978520076,57.27906480474261,0.5151798112011905,1.8778467625331554,0.5913621099956877,0.0002660218695229136,0.4083718681347894,0.1026963450680007,-0.9161741596476276,90.56738837727654,93.92898007780278,97.10561523176912,46.22956794924915,55.508700731189954,65.20920230770112,0.4811887540453115,0.5142863251359584,0.5531725359235786,1.5103214300955015,1.806804167408003,2.1226470609958916,0.5523446197065842,0.590336499532507,0.6349730150968247,0.36474134484318915,0.4093979399647168,0.44740691028515583,-0.2839569368501401,0.020210343153836026,0.37932036576205913,-1.25071862812199,-0.981658308720182,-0.7028071352709966,gp_planck_anchor,0.54,0.65
0.5473287671232877,94.3626841813722,57.55836310848527,0.5095696868187927,1.887646834104543,0.5952170388893747,0.00026931770507229415,0.404513643405553,0.1009184466161296,-0.9168396845105898,90.94557484492913,94.41366473699594,97.63566362412074,46.12609483829732,55.7444533506,65.5376096560864,0.47597834787674626,0.5090195328349583,0.5485813371729354,1.5203659027857959,1.8175269987643274,2.1367855807877265,0.555979741588124,0.5945744162341,0.64078568162192,0.35892438224060047,0.4051565568281402,0.4437686943969234,-0.28551517198278265,0.026864397012196263,0.3883121685701525,-1.2552330512265726,-0.977137021098175,-0.6973522160655412,gp_planck_anchor,0.54,0.65
0.5563013698630137,94.88039006511252,57.83887383510222,0.5040240202113456,1.8974356770483383,0.5990406637996916,0.00027261952325799253,0.40068671667705047,0.09922320755623171,-0.9174557050629618,91.41803924464098,94.90267355017511,98.1745197043831,46.09240433341485,56.026179185654826,66.11467923054687,0.47076763035847996,0.5037873603791345,0.5429256836843687,1.524388496716683,1.8313775438823847,2.1499796253793413,0.5595149089662446,0.5987593897784196,0.6452759172307092,0.3544304218818822,0.4009681187043064,0.44023045942532574,-0.291582191818038,0.02825620956528013,0.3818167497142334,-1.2640476863230778,-0.976377735281986,-0.6957514870364573,gp_planck_anchor,0.54,0.65
0.5652739726027398,95.40061821166427,58.120572831490364,0.4985420313884239,1.907212377262576,0.6028327543277159,0.00027592697221929304,0.39689131870006483,0.09761040639055116,-0.9180208772599228,91.88673768058624,95.41380529558549,98.69379115155084,46.44644834781082,56.32169064839677,66.52654767550362,0.4658268270684015,0.49840423505829934,0.537401039865281,1.5355302441908976,1.8505535539521838,2.158873458894517,0.5632738094706323,0.6026661321855589,0.6498207345493806,0.3498818312676186,0.39705801710805655,0.43646837037002517,-0.2974604158206951,0.029472826064420615,0.38849513362157084,-1.2734182240077223,-0.975416207596443,-0.686862749385187,gp_planck_anchor,0.54,0.65
0.5742465753424658,95.9233791496291,58.40342929116134,0.49312295323337846,1.9169758064183477,0.6065930921937661,0.00027923970325641076,0.3931276681029775,0.09607957102402376,-0.9185340379902098,92.34842932233744,95.88517691472049,99.2323473910937,46.71460361148928,56.545577053615006,66.95355892866472,0.4607843189038203,0.4935159684992799,0.5320410844036685,1.5498864509123957,1.855479483445923,2.169897159527847,0.566813171046988,0.6070765423026271,0.6544664863933183,0.34523223581469303,0.392643995442184,0.43292590158057426,-0.30198433720901124,0.02999710698066141,0.39616676113792704,-1.2841828869757952,-0.974092999456404,-0.6851161117638468,gp_planck_anchor,0.54,0.65
0.5832191780821918,96.44868310174621,58.68740586298258,0.4877660317314132,1.9267246267354181,0.6103214718951295,0.0002825573712939874,0.38939597073357646,0.09462998156485357,-0.9189942126805766,92.88347417305289,96.36939738562762,99.76692730094028,46.61102576030777,56.84330524286912,67.29306086159109,0.45585955586172344,0.4885691540928697,0.525929208121496,1.5627491426886153,1.8661115319719856,2.1868486305250627,0.5703982176114069,0.611326385705991,0.6580734768961959,0.34162185823403846,0.3883905916829719,0.4293377080795923,-0.30950658783619106,0.030959369109496093,0.4038064098956855,-1.2806600516239586,-0.9729178607415494,-0.6769779454392332,gp_planck_anchor,0.54,0.65
0.5921917808219179,96.97653992671385,58.972458775013315,0.4824705261427567,1.9364572963191578,0.6140177013484366,0.0002858796353477921,0.3856964190162156,0.09326067373245694,-0.9194006225843508,93.34498017112449,96.90509707607535,100.3033005241057,46.73348557093476,57.13161104741961,67.54155185272703,0.4509971228010649,0.48318218712853256,0.5207415382374744,1.5770607476340806,1.883012591444877,2.204145285212707,0.5739629711082732,0.614923399041763,0.6627234307171228,0.33696801281570404,0.3847902996403779,0.4257697982817244,-0.3194969856236728,0.03214288392040743,0.4078146015895256,-1.2902291644001411,-0.9711559650564936,-0.6711932581089279,gp_planck_anchor,0.54,0.65
0.6011643835616439,97.50695906218927,59.258537973104644,0.47723570912371505,1.9461720750404055,0.6176816025137556,0.00028920615899297625,0.38202919132725144,0.09197044286316668,-0.9197526917217664,93.85777357037368,97.39231640778141,100.85663033439788,47.025078456654505,57.399586463187504,68.00111020869477,0.44606205077198385,0.47835992058681626,0.5150669266175821,1.5902828577599484,1.8964637542778762,2.2130137398165988,0.5773338354066593,0.6191366586313453,0.6666461845848776,0.33304168343374807,0.38057345393440734,0.42239584975748495,-0.32970690321268503,0.03656419999425755,0.40741492629566484,-1.295467776859985,-0.966022913455165,-0.6661095293342565,gp_planck_anchor,0.54,0.65
0.6101369863013699,98.03994946909641,59.54558727389848,0.47206086679839454,1.9558670309384798,0.6213130119975994,0.000292536610832225,0.3783944513915684,0.09075784850235281,-0.9200500534397502,94.37635786298699,97.87526589921865,101.39837807838602,47.30734575426488,57.84255566885,68.24277765661003,0.4413083455548812,0.4736508068536016,0.5094220553476119,1.6047274438421104,1.9138448845195373,2.2316294451457286,0.5808374230551939,0.6234056456261737,0.6704867398407042,0.3291975707810059,0.37630083247548585,0.418889097703419,-0.3379918227861968,0.041273258852949087,0.4116879992122924,-1.3034466915814247,-0.9600341740990483,-0.6642807908377398,gp_planck_anchor,0.54,0.65
0.6191095890410959,98.57551957737013,59.83354453182964,0.4669452987838427,1.9655400471263202,0.6249117816321484,0.0002958706649621403,0.37479234770288944,0.08962121957002624,-0.920292556558926,94.89763938949196,98.4168921960507,101.91686491106042,47.65330553184822,58.05604395212302,68.50893724789226,0.43682962944862913,0.46845174821860935,0.5038408374194819,1.602770232012414,1.9299777570593404,2.2417367309243654,0.5846080530619526,0.626927859324055,0.6742889931452004,0.3253917580605818,0.37277531547905546,0.415115158472082,-0.3395451716219359,0.04427052809009296,0.4145723779729683,-1.31783640743741,-0.9585564555695483,-0.6635487005264255,gp_planck_anchor,0.54,0.65
0.628082191780822,99.11367723325961,60.12234181970308,0.4618883181713372,1.9751888291754542,0.6284777790281182,0.0002992080014361946,0.37122301297044563,0.0885586600853549,-0.9204802710759338,95.39892075657919,98.87856029713366,102.43601719644545,48.18551886406956,58.30527981546247,68.87760983681622,0.4324130512070842,0.4640875214049509,0.49855978066167495,1.6149284900691074,1.941868662494512,2.255553718769508,0.5883716546920554,0.6314701698497028,0.6783755538644394,0.3213014826188412,0.36822919752048566,0.41134823117698144,-0.3429665467555428,0.04463855223118371,0.4178435473457615,-1.3217953260401776,-0.9645166695121965,-0.6598853659635578,gp_planck_anchor,0.54,0.65
0.637054794520548,99.65442964831155,60.4119056223888,0.4568892514665196,1.9848109129573464,0.6320108880988291,0.00030254830672260394,0.3676865635944483,0.08756805543396862,-0.9206134933896627,95.90464963053986,99.3824041124133,102.99402247871434,48.69233303673415,58.60190962999434,69.19754403804356,0.427740256295858,0.4593938434705156,0.4933155791167051,1.6266509694585094,1.9484779499986087,2.2663791532728585,0.5916893391329343,0.6354754682168552,0.682399107157337,0.3172742233211924,0.3642203249561847,0.4080274147853423,-0.3405610449834411,0.037649932451713455,0.4204657389449329,-1.3285989673944167,-0.9658738369114603,-0.654750362128514,gp_planck_anchor,0.54,0.65
0.646027397260274,100.19778335014816,60.70215704314848,0.4519474384910363,1.9944036729165902,0.6355110095531893,0.0003058912741554865,0.36418309917265523,0.08664707916040035,-0.9206927510207149,96.43899699676352,99.89343468954799,103.57830590756402,49.04857256730296,58.97384878839296,69.64351828729517,0.4229281087917626,0.4547058006036745,0.48786401761444687,1.6340444213537613,1.958213628050927,2.2779734666578513,0.5947051504132044,0.6393897116800755,0.6860155140916487,0.3136542852406343,0.3603025301054361,0.40500859944561457,-0.3408257293533055,0.0382043036367197,0.41837321916896264,-1.336963969297419,-0.9680998195437609,-0.6486313611634742,gp_planck_anchor,0.54,0.65
0.655,100.7437441351513,60.99301202207895,0.4470622322483092,2.0039643307503336,0.6389780613554319,0.00030923660437769335,0.3607127020401904,0.08579320026652719,-0.9207188067943629,96.95850261376279,100.41774685077719,104.13902477968927,49.49997139855417,59.41803070921493,70.28559481542491,0.41838600105832624,0.44996989584306113,0.4826500691099815,1.6409594267480836,1.9726226956660686,2.2926579086736587,0.5979916364440603,0.6431339329832022,0.6898431207708613,0.3098230262267868,0.35655481915771814,0.40171896253533507,-0.3475552821543246,0.0338884255628009,0.4213029812342663,-1.3457544612660315,-0.9711035561854013,-0.6383795706516624,gp_planck_anchor,0.54,0.65
0.6639726027397261,101.29231702315907,61.28438156613326,0.4422329987560204,2.0134899644674524,0.6424119791496155,0.00031258400577373184,0.3572754368446108,0.08500369099551114,-0.9206926624583658,97.48770040463779,100.92629729569819,104.71582242090551,50.009756464554386,60.05377759187246,70.71114639135953,0.41378957328698723,0.4454464270515762,0.477424398426631,1.647627682581678,1.9850705737864178,2.3108121312530376,0.6010934947742849,0.6470799818473116,0.6935329420244699,0.3061295995964989,0.35260516279608434,0.3986140259156471,-0.33483871011055105,0.030096119750775516,0.4233317605565359,-1.3455122993307604,-0.9716406155412236,-0.6297730998720948,gp_planck_anchor,0.54,0.65
0.6729452054794521,101.8435062142758,61.576171990152574,0.4374591168478483,2.0229775178000318,0.645812716647049,0.0003159331948912331,0.35387135015805976,0.08427563507932001,-0.9206155617084405,98.03970874037476,101.56708035223947,105.30047380848747,50.19095260817287,60.64055920763312,71.22070296078523,0.40920745375781253,0.43984360993841304,0.4720631874675928,1.666667765584241,1.9953135858565356,2.3299154343378414,0.6041053145441023,0.6493328992226,0.6968980592386317,0.3027610164892173,0.3503494455003957,0.3955991556263434,-0.33192793577342483,0.03261619548712519,0.42990005384021673,-1.3557595598661945,-0.9692598482583967,-0.6212789343649097,gp_planck_anchor,0.54,0.65
0.6819178082191781,102.39731504789214,61.868285168321016,0.432739977946943,2.032423809939021,0.6491802459749731,0.00031928389684946385,0.35050047012817737,0.08360593642670354,-0.9204889925957123,98.54473470718524,102.11790494996352,105.94060199678682,50.772269571719356,61.17082669499967,71.78951841012409,0.4042772419450542,0.43511133332894414,0.4672370992194289,1.6879667430664833,2.006297523035978,2.3427611284843315,0.606481519486864,0.6527376641674987,0.7009315303821805,0.2987237330799587,0.34694130230394293,0.3932201969715317,-0.3329980451187174,0.03204306792836784,0.4418000465317658,-1.3508490029877018,-0.9689672528970473,-0.6122354194839673,gp_planck_anchor,0.54,0.65
0.6908904109589041,102.95374596400605,62.16061879543104,0.42807498581357617,2.0418255455651484,0.6525145579849816,0.0003226358457334214,0.34716280616928497,0.08299132822726993,-0.9203146892922995,99.06780143991323,102.64666815978845,106.5876270932734,51.1346214536144,61.54419538224485,72.30987177832976,0.39938392919465804,0.4306401002403806,0.46231622762228425,1.7003128745432825,2.0192868922460105,2.3532027196419905,0.6087807899577872,0.656424561049529,0.704708471444331,0.2949430854276228,0.3432508698035873,0.39091819835959096,-0.32210827093570604,0.031339045538913084,0.4481750277176376,-1.361673070014513,-0.9675549208190626,-0.6006229626196276,gp_planck_anchor,0.54,0.65
0.6998630136986302,103.51280046692918,62.45306665732797,0.423463556269354,2.0511793251456676,0.6558156625198698,0.0003259887849721186,0.3438583486951581,0.08242838244616967,-0.9200946331932308,99.60631261956546,103.23536368917789,107.20788077941101,51.54264738915551,61.894292805659276,72.9025932241434,0.39477599549984094,0.4257427489861588,0.4573307801396238,1.7117494362122154,2.037642893474941,2.3638442298399687,0.6113873961588081,0.6593454356478106,0.7082656444164515,0.2913822952866449,0.3403268210094674,0.38830869918350913,-0.3189889711699135,0.03367267439439171,0.46176345939740854,-1.3603894595821096,-0.9657555963172783,-0.591997802474379,gp_planck_anchor,0.54,0.65
0.7088356164383562,104.07447909145895,62.74551890988226,0.41890511690031196,2.060481655466917,0.6590835886377353,0.0003293424676997092,0.34058706889456497,0.08191351968291222,-0.9198310533350773,100.14630108139681,103.76490569173136,107.79319912794419,51.86973073814021,62.214333355598825,73.39534301298085,0.3905003720354339,0.4214083781002184,0.4524122264420307,1.7238765509642648,2.0526564447221114,2.371089176677639,0.614393035993237,0.6630220900032475,0.7118019372820396,0.28784237701954635,0.3366465994694908,0.38529995329962374,-0.3130477306655672,0.039107413461959034,0.4686803447459425,-1.3610796962477347,-0.9620810548871104,-0.5823067701776621,gp_planck_anchor,0.54,0.65
0.7178082191780822,104.63878137158963,63.03786236582037,0.4143991067411558,2.069728960372312,0.6623183847923576,0.0003326966570981784,0.3373489185505442,0.08144301936684627,-0.9195264261141699,100.68359709371792,104.29050035795183,108.3496045999218,52.2248743682949,62.649289535820046,73.93634370665303,0.3864999977762099,0.41717152782908434,0.4475965732232272,1.7369121094428954,2.06370270267635,2.382111543178491,0.6177282964301478,0.6667494403304866,0.7153766371436054,0.2842640139069939,0.33291563719866946,0.38196140546559276,-0.31198667347490183,0.041388937538037754,0.4671195211099156,-1.3602093933808295,-0.9540124617834724,-0.574124566145009,gp_planck_anchor,0.54,0.65
0.7267808219178084,105.20570581182913,63.3299807887298,0.40994497594285545,2.0789175916750695,0.665520118969055,0.0003360511267203924,0.33414382990422453,0.08101303026102268,-0.9191834742898556,101.12092916753642,104.89273495967164,108.97731234375972,52.4714154398224,62.959975489557635,74.40521515716391,0.382060355682814,0.41239495076665666,0.4437333625084529,1.7502360727888326,2.0688618401318513,2.392071253728866,0.6202511758622694,0.669497500402886,0.7203734587256652,0.27926279222218103,0.3301644401111057,0.3794356313422655,-0.312250478866698,0.052420021141567213,0.4751056080013034,-1.3531699647233748,-0.9428184091900506,-0.5615408773838022,gp_planck_anchor,0.54,0.65
0.7357534246575343,105.77524986118412,63.621755193538725,0.40554218542571857,2.0880438402146995,0.6686888787753837,0.0003394056607923648,0.3309717155638239,0.08061958124537855,-0.918805165261086,101.62133102552035,105.41247940668832,109.6157852003284,52.85217324164911,63.424352715312395,74.92654714377615,0.37762259649781327,0.4083382954943947,0.4393740460733123,1.7601040792375318,2.0840372796452833,2.4045528955032878,0.6226529316236163,0.6732993182658965,0.7244734303617396,0.2751588494754714,0.32635893595773346,0.37703102912941866,-0.31544079215986875,0.057206464219683284,0.4760994792668875,-1.353387596769474,-0.9387580716722728,-0.5523636392593789,gp_planck_anchor,0.54,0.65
0.7447260273972603,106.347409889867,63.913064152759276,0.4011902065200161,2.097103947026263,0.6718247714862398,0.0003427600544936895,0.32783246845926656,0.08025859234956888,-0.918394708607555,102.17072536272855,105.95415052446623,110.1626286880845,53.51355999867397,63.92764137085011,75.32845464349926,0.3738830184127889,0.40417385193222344,0.43466161255786706,1.7607936868782086,2.093459625938337,2.4208090278819467,0.6260967225161452,0.6768211220069551,0.727875291531974,0.27175335185067745,0.3228335688372833,0.3735838475434356,-0.31280162743109935,0.06414396221273824,0.476223724898248,-1.3621601125355833,-0.9345814929907257,-0.5439058953173848,gp_planck_anchor,0.54,0.65
0.7536986301369863,106.92218116877423,64.20378410777047,0.39688852059615226,2.1060941145912593,0.6749279240430823,0.0003461141142151539,0.3247259618427025,0.07992588600515169,-0.9179555528897853,102.66561880551029,106.5736532793353,110.78862069259684,53.86158450582467,64.38550396036197,75.62369842686272,0.36966994094742367,0.39948865549095114,0.4304811120625591,1.7670356868141859,2.1065540400165883,2.4306265259747457,0.6286414266908186,0.6793495778720784,0.7320537335464503,0.2675708572868544,0.32030204051706884,0.371036195670315,-0.3128982252727319,0.06673462855605758,0.4755373876828938,-1.3626282986798146,-0.9259373624503753,-0.5404945201392765,gp_planck_anchor,0.54,0.65
0.7626712328767125,107.49955785177741,64.4937896844106,0.3926366186863042,2.1150105181392025,0.6779984830071861,0.0003494676577926463,0.32165204933502123,0.0796171984864733,-0.9174913817057151,103.17303729712216,107.20689334092617,111.46317846500673,54.026043794922785,64.71422627137042,75.87954255969792,0.365208864993694,0.39478326520460644,0.4262571975434932,1.7827344552093989,2.116286791488517,2.44122117703794,0.6306366871102487,0.6817052770597409,0.7360539479795184,0.263566660243573,0.31794334465188545,0.3690382574043983,-0.3126146356420431,0.07054552521054397,0.4756668428226203,-1.3528956271047836,-0.9209505723637639,-0.536590241766234,gp_planck_anchor,0.54,0.65
0.7716438356164385,108.07953296086252,64.78295401213839,0.38843400109937853,2.123849316969,0.6810366144669845,0.00035282051471654277,0.318610565018299,0.07932819150918027,-0.9170061090047614,103.79504002879749,107.8440706452298,112.0804523454169,54.5944526679195,65.13130320075635,76.21415315638006,0.3611972667632496,0.3901320352695844,0.4211637675787881,1.7983275973131314,2.128310561389283,2.456894781007628,0.6332827790949151,0.6840137571456718,0.7384213163528764,0.26119613418740434,0.31563187998933273,0.3663891399306775,-0.30754963155622234,0.07522001439154406,0.4779433692025661,-1.3501362943918314,-0.9126698848069679,-0.5295815488085701,gp_planck_anchor,0.54,0.65
0.7806164383561645,108.66209837414637,65.07114904601914,0.3842801770310566,2.132606665759614,0.6840425038997506,0.00035617252631586,0.3156013235739335,0.07905446395509877,-0.9165038736636991,104.34507852411593,108.43934484281905,112.7234464683249,55.08285915621736,65.5279888788476,76.53886489112095,0.3570883352602269,0.38586070626676283,0.4167352303219565,1.815026027346979,2.1369015210582143,2.4621635047544,0.635639342242362,0.6868559437816415,0.7418145078808792,0.2577992384202301,0.31278641876846747,0.3640296881628226,-0.3048668354930258,0.08515159403191445,0.4833964043192325,-1.348283595719827,-0.9038278912610955,-0.52640335878132,gp_planck_anchor,0.54,0.65
0.7895890410958905,109.24724481679155,65.35824589078675,0.3801746641706266,2.141278725839771,0.6870163559880165,0.0003595235459165443,0.31262412046606697,0.07879156369205582,-0.9159890333322206,104.90076404335129,109.0594038778031,113.39690320764085,55.3510469455036,65.85163003424802,76.80632767992876,0.35285946276603225,0.3814853975870035,0.4123318235905086,1.8395645622078496,2.1487335936673713,2.46343122771418,0.6376548600740204,0.689384991723792,0.7451277888783937,0.2544822771957491,0.3102542451960194,0.36201144781753625,-0.298026811886048,0.0902931475927932,0.4860633528221409,-1.3514014594931478,-0.895895114128467,-0.5244063895252684,gp_planck_anchor,0.54,0.65
0.7985616438356166,109.83496185483602,65.64411512623083,0.37611698830621154,2.1498616763869673,0.6899583943912836,0.0003628734389733566,0.30967873216974307,0.07853499945722303,-0.9154661575595102,105.4474193959413,109.61557282298253,114.07002318994353,55.58157203721894,66.29380274439703,76.98071086539257,0.3487073511387093,0.37762404887127804,0.40806772873029873,1.8495605039121237,2.1685270201854117,2.4740740967247516,0.6396774715962174,0.6927229839207445,0.7485696303843477,0.2510366704617661,0.3069126886452036,0.35998609947438803,-0.29787343015628537,0.09465717168427334,0.48941129150529966,-1.3611623212241257,-0.8943230060482213,-0.5276383483950687,gp_planck_anchor,0.54,0.65
0.8075342465753426,110.42523789194516,65.92862713315806,0.37210668292993465,2.158351725526545,0.6928688614737484,0.0003662220831749155,0.3067649164430767,0.07828025277260019,-0.914940020216723,106.04129830154469,110.1914520845778,114.68852624548174,55.96648890475821,66.6081746783258,77.07474466116963,0.34495644748931154,0.3736873084756488,0.4035098020645775,1.8555502694253931,2.183916944378514,2.4813880384770743,0.642314669406118,0.695812012651932,0.7513419940448218,0.24826087737062813,0.30382020963580436,0.35734582938468723,-0.29467778158096575,0.09486350567360455,0.4828832097848108,-1.36052347584904,-0.8879250822460747,-0.5255964516871297,gp_planck_anchor,0.54,0.65
0.8165068493150686,111.01806016908829,66.21165241917834,0.36814328884447417,2.166745121302254,0.6957480179888954,0.0003695693685215424,0.30388241264258303,0.07802278986148166,-0.9144155912336948,106.62676289338015,110.7451806205779,115.383273128507,56.47361937414656,67.04757496963919,77.6702007979634,0.3408148181261608,0.36995976414824433,0.39909079394286917,1.8636515474558095,2.19620622530254,2.4925231324684107,0.6441003853602679,0.6991809451415014,0.7542352048706474,0.2453641583741283,0.30044766197817807,0.35555747960444994,-0.2904575596858005,0.10067331763564505,0.48402143660982344,-1.3628184671511825,-0.8793126441403687,-0.5190726358450924,gp_planck_anchor,0.54,0.65
0.8254794520547946,111.613414767135,66.49306194356923,0.3642263537723791,2.175038162490367,0.6985961427219612,0.00037291519737565237,0.3010309420806631,0.07775807353498074,-0.9138980276716926,107.24393400865473,111.31652602418477,116.04603464138977,56.91421067030326,67.47237255789713,77.58633486927033,0.33693302874892256,0.36617180807945215,0.39451061002253823,1.8814969124794727,2.20740469049799,2.5005547508823955,0.6462467962620965,0.70232757747589,0.7566821773607018,0.24291390073612015,0.29729751546241867,0.3534082329646002,-0.2885335673152482,0.10654154675153635,0.48807463599670214,-1.3690096640905418,-0.8805481546388438,-0.5144393687608461,gp_planck_anchor,0.54,0.65
0.8344520547945207,112.21128661235905,66.77272744047816,0.36035543196944253,2.1832272092302762,0.7014135320914064,0.000376259484484527,0.298210208424109,0.07748157501811892,-0.9133926641573069,107.81170717598818,111.89621894416518,116.58413755044293,57.39453559331504,67.87383290328597,78.12123245274992,0.33382989706700517,0.36238760414502397,0.3903662933933206,1.8881726466441362,2.2144264423130493,2.514046544260757,0.6497829266504147,0.705369051939414,0.759828148453324,0.23976425669092605,0.2942525667153293,0.34986851008722664,-0.2835770044185209,0.10643885148087155,0.48305733930526534,-1.3742760339587208,-0.88243964343745,-0.5095777230945572,gp_planck_anchor,0.54,0.65
0.8434246575342467,112.81165948483246,67.05052173972675,0.35653008384333335,2.191308693445232,0.7042004997106495,0.0003796021569753931,0.2954198981323751,0.07718878568538219,-0.912905002705906,108.3543012273065,112.50048106716329,117.2320162740843,57.91460929321124,68.20903166010876,78.31517205455991,0.3301503484963082,0.35850514931300664,0.386466492568435,1.9039388197004439,2.223220316454353,2.5289063110568697,0.6520965577000428,0.7081015508525677,0.7633294061875077,0.23625911797685945,0.29151674411289785,0.3475519269858373,-0.2757797986414254,0.11019293855717018,0.47620997955251254,-1.3678202946696107,-0.8739030968152092,-0.5076834068538356,gp_planck_anchor,0.54,0.65
0.8523972602739727,113.41451602968424,67.32631908449304,0.35274987557862353,2.1992791290279667,0.7069573759114489,0.00038294315432282753,0.2926596809342283,0.07687522867632846,-0.9124407019660431,108.96823646961315,113.11835255976753,117.88483882164978,58.11968807315325,68.59186485634098,78.51277117217911,0.32650380692797015,0.35459941763766456,0.38212402346312146,1.9126903118069636,2.240874718924421,2.5419197027377427,0.6543567852214545,0.710664102663805,0.7658270508447034,0.2337581176017845,0.28895094633007934,0.3452887641993119,-0.26957688590867174,0.11301836159609671,0.47616102836809876,-1.3565753697084235,-0.8751991660037639,-0.5142149513477026,gp_planck_anchor,0.54,0.65
0.8613698630136988,114.01983777119315,67.59999544515448,0.3490143787692479,2.2071351217667523,0.7096845072304165,0.00038628242828858976,0.2899292103412949,0.07653647036234833,-0.9120055659192897,109.57373232146035,113.80305870958603,118.55249388268255,58.27896708469333,68.86311890819499,78.68109534182452,0.3228366047935302,0.35034529810913184,0.3779124940013858,1.925080389697529,2.25674712217358,2.557225093078681,0.6564547214265791,0.712390793542229,0.7684458245742125,0.23113590911716653,0.2872214509934537,0.3431879692038761,-0.2639549904230715,0.11486680835299709,0.48425607696882544,-1.354297204842596,-0.8708510491589313,-0.4997546048498496,gp_planck_anchor,0.54,0.65
0.8703424657534248,114.62760512967628,67.87142882858852,0.3453231700593695,2.214873378988631,0.7123822558602565,0.00038961994283408035,0.2872281241969094,0.0761681316365251,-0.9116055320725859,110.23387446513631,114.44977523881732,119.22458643515161,58.82268920123046,69.4025960210839,79.13499566538316,0.3192070873190829,0.34639711720467736,0.37339981718036575,1.9330020506304901,2.2667852342428105,2.5714609127143286,0.658506247674765,0.7145977483507187,0.7703027979704455,0.22927590387166064,0.2850114199973538,0.3411335985391682,-0.263129242729754,0.11747361973827773,0.48408954989904085,-1.3462720985397585,-0.8631659041813629,-0.49100682551125996,gp_planck_anchor,0.54,0.65
0.8793150684931508,115.2377974411302,68.14049958224014,0.3416758307935289,2.222490718897572,0.7150509990674138,0.0003929556740056999,0.2845560452585805,0.07576589899930825,-0.9112466591827765,110.81088557402062,115.05933490378271,119.8209422999673,59.16422359539564,69.64712097699011,79.59275618635344,0.3160376151724579,0.34273656392549035,0.369521154140833,1.9375024140936201,2.27783665054866,2.5769505058376665,0.6613959551868566,0.7172708759723483,0.773325025159932,0.2262499947241273,0.28233494842216345,0.3382405752232903,-0.2647722227032431,0.12383051770422758,0.4859952958691045,-1.34635132684056,-0.8573543372710148,-0.4766280416229007,gp_planck_anchor,0.54,0.65
0.8882876712328768,115.8503929795742,68.40709069228113,0.33807194667688745,2.229984079586478,0.717691128577898,0.00039628960979346635,0.28191258181230855,0.07532553541361006,-0.9109351145552865,111.36153810581678,115.65786213987069,120.57146690993709,59.401344725162886,69.81142639539098,80.0385387801972,0.3121153385981916,0.33919843307408104,0.3658759311000323,1.9446210508361388,2.290599645604115,2.5833894004446325,0.6625879840278477,0.7200825405293374,0.7767160584951999,0.22285505992679966,0.2795198493879367,0.33704615282686784,-0.25683839898945193,0.1288377728730466,0.4820093518008324,-1.342199910961482,-0.8523613317950398,-0.46501057034526766,gp_planck_anchor,0.54,0.65
0.8972602739726029,116.46536898203976,68.67108807520208,0.33451110744629164,2.2373505277031547,0.7203030499331331,0.000399621749963337,0.27929732831690357,0.07484289090390203,-0.9106771609609028,111.93448772533313,116.28199564292999,121.24693524288931,59.66189562088277,70.21216979011702,80.66752739399867,0.3086474337121041,0.33556697338242647,0.36213988652189255,1.9609924083292345,2.299336853193842,2.5925187254247186,0.6646107794568773,0.722576646944379,0.7797961232304955,0.2197712484592274,0.277022469921555,0.33502049668063766,-0.25936077363774845,0.13067669924528127,0.4775459805175836,-1.3403830092643598,-0.8477346395011989,-0.45642503941841234,gp_planck_anchor,0.54,0.65
0.9062328767123289,117.08270167614481,68.93238086219685,0.3309929065528084,2.244587266751599,0.7228871818177361,0.0004029521058637392,0.27670986607640013,0.07431391287493563,-0.9104791432163615,112.50847334945168,116.86491101127206,121.9560974815556,59.86440645052779,70.69321666670925,81.0313825992084,0.3050683403033651,0.3322277608237057,0.35845421696061514,1.9588009830392668,2.309070859453299,2.604525923633084,0.6662680329934174,0.7255840985980422,0.7828625737270921,0.21670104265646034,0.2740114459795001,0.33336057557273624,-0.24943997318983568,0.13171317958242146,0.47439152476283375,-1.3313563405305806,-0.8509281281576858,-0.4424873512524769,gp_planck_anchor,0.54,0.65
0.9152054794520549,117.70236631018454,69.19086167571761,0.32751694085631117,2.251691645011173,0.7254439553612023,0.00040628070020690805,0.27414976393859075,0.07373465612673855,-0.9103474744759643,113.08925014317853,117.48399236496462,122.60920667387204,60.27613190527196,71.15456543417179,81.36081022662171,0.30182694502158564,0.3287356198671509,0.35478194586093714,1.9664646962043866,2.314634073528388,2.608365627165547,0.6685410906030328,0.728143306789033,0.785835436247,0.21372446115248017,0.2714489007545725,0.33108449681774593,-0.2532882957835318,0.13122920225912058,0.47599052259330116,-1.339017280178636,-0.8410446899018922,-0.44529673466787867,gp_planck_anchor,0.54,0.65
0.9241780821917809,118.32433718566665,69.44642689760097,0.32408281033261777,2.25866116305758,0.7279738134155086,0.00040960756682567807,0.2716165790176657,0.07310129254375151,-0.9102886222825189,113.7271500136953,118.15980191685972,123.27406918994495,60.48960334087035,71.36671578331342,81.73379450551084,0.298579989975957,0.32498600832822305,0.3508132010518968,1.9776014207072825,2.3232848735796625,2.609810718292015,0.670687882795385,0.7300026297185245,0.7880171845712591,0.21153942337858636,0.26958662116464616,0.3289347425975774,-0.2537163548813964,0.13053994406439912,0.4829225679239514,-1.3368338996853446,-0.8343780466504579,-0.4440250538798878,gp_planck_anchor,0.54,0.65
0.933150684931507,118.94858769221223,69.69897692818661,0.32069011779361467,2.265493480870825,0.730477209810695,0.0004129327504064554,0.2691098574388986,0.0724101204371145,-0.9103090944267929,114.29398644166166,118.80481000659589,123.95334942696044,60.86393227811207,71.76205736408727,82.42745975337141,0.2953164405011049,0.32146680236572467,0.34734209390072884,1.979896706738513,2.338641016531147,2.6204932023268714,0.6726803150426499,0.7322463643547807,0.7911858505278232,0.20836689862717667,0.26733970280632,0.32693942431553374,-0.256706298771417,0.1358800522781486,0.4963210993919456,-1.3412037514510258,-0.8191222959544444,-0.43527512036901805,gp_planck_anchor,0.54,0.65
0.942123287671233,119.57509034473895,69.94841643587432,0.31733846862073234,2.272186424516698,0.7329546085905192,0.00041625630619915386,0.2666291351032816,0.07165757352034363,-0.9104154246651923,114.82268508681801,119.47270049909837,124.57915059922739,61.231747092357345,71.98027061891892,82.39898232662897,0.2923569630725888,0.31788265367883,0.3441507997069022,1.984788117417835,2.3461119515026563,2.6357160325914513,0.6752549867935633,0.734211509299697,0.7948828762918122,0.204665697376914,0.2653715205806694,0.3243615254116253,-0.24905719149082645,0.13540333543106298,0.5013235229490328,-1.3476725994966858,-0.8135042804354051,-0.42684703453969824,gp_planck_anchor,0.54,0.65
0.951095890410959,120.20381682283906,70.19465459658905,0.31402747051206575,2.278737992389598,0.7354064832302857,0.0004195782997049273,0.2641739384700094,0.07084022949992143,-0.9106141583455709,115.40497558681983,120.14146208408977,125.26412489381532,61.472408861635145,72.2475188738788,82.64478760015444,0.28916833954641236,0.3143535230395583,0.3406866324469614,1.9939868626478001,2.362701702367052,2.6400911414963075,0.6771900283137727,0.7361700506411262,0.7978383478453116,0.20170645402268678,0.2634099354139533,0.32242360816192306,-0.2594500466487474,0.13794663565123955,0.5068143111226397,-1.3412796282060204,-0.8213163872870483,-0.43075168027811855,gp_planck_anchor,0.54,0.65
0.960068493150685,120.83473801225811,70.43760532265071,0.310756733243379,2.2851463610059692,0.7378333158389913,0.00042289880634260017,0.26174378535466614,0.06995481826362496,-0.910911837990938,115.93855377811555,120.80745863465015,125.95140862031991,61.65522149830743,72.60214398229262,82.92480689827254,0.28602114475158064,0.3108971248999703,0.337558001278008,1.9996740363441765,2.3718673435365574,2.646622320940202,0.6791033212041244,0.7381666493774726,0.801467877369771,0.19807275084342343,0.26141026076171153,0.32050744185339086,-0.2644883810845999,0.14336597035942433,0.5107595017755211,-1.3320493968773583,-0.8199271852936254,-0.43634552935038495,gp_planck_anchor,0.54,0.65
0.9690410958904111,121.46782404837869,70.67718748057128,0.3075258684431605,2.291409890338834,0.740235596347908,0.00042621791109472836,0.25933818574099726,0.06899822965073113,-0.9113149888904263,116.48460131587274,121.46677731508437,126.65489104412391,61.91913639065097,72.7743036109461,83.15892733830465,0.2828526445371161,0.30753116876623543,0.334400657163451,2.0089666685114302,2.3727844570036956,2.655098995315476,0.6808454751058249,0.7402483545845796,0.8049250332261758,0.19461150153661846,0.25932542015830096,0.3187625030330141,-0.2659595554763405,0.13994163209739166,0.5144613589775554,-1.3350382665666938,-0.8175671077838292,-0.43074029924045965,gp_planck_anchor,0.54,0.65
0.9780136986301371,122.10304436160625,70.91332509732973,0.3043344893818466,2.2975271286853487,0.7426138216877477,0.0004295357081342811,0.25695664260411805,0.06796752078956836,-0.9118301047461368,117.0287941771815,122.11026946930919,127.33574264981733,62.294892732251895,73.17275921818685,83.27727994450947,0.27983596524969934,0.30429847635047996,0.3312979114031727,2.014056956972213,2.3836607623745474,2.652574544529817,0.6828343906136153,0.7425259454338664,0.8084079086928302,0.19112449960152048,0.2570445696865562,0.3167706507350037,-0.2602581998998999,0.13960165000704566,0.5164247834643758,-1.3412776198815963,-0.8083471810119371,-0.4210130156067953,gp_planck_anchor,0.54,0.65
0.9869863013698631,122.74036772455308,71.14594755470557,0.30118221077526686,2.3034968170606143,0.7449684949565254,0.0004328523004329661,0.25459865274304166,0.06685992298930643,-0.9124636334233525,117.61834645684647,122.83325344345461,128.04646232594735,62.437071241518474,73.5835378865003,83.31102612349534,0.27673812419449817,0.300726879365642,0.3279850692769737,2.021069611520707,2.38956052609403,2.662546380818103,0.6845065096892413,0.7438422413372909,0.8112648579029023,0.1882637693311606,0.2557255607543387,0.3150957685018685,-0.25914996320629397,0.13982483263167142,0.5073883025197564,-1.3561150006401652,-0.8083257171968568,-0.43098505914709917,gp_planck_anchor,0.54,0.65
0.9959589041095891,123.37976230091058,71.37498977127923,0.2980686486023168,2.3093178931122678,0.747300124580236,0.0004361677993522592,0.2522637076204118,0.06567284817415078,-0.9132219628503855,118.22623955198242,123.5122413152377,128.73234916891445,62.664215157392675,73.88112919421451,83.25971607756992,0.2737970557199957,0.2974295790242098,0.3246208498979331,2.02504436916768,2.3975434200242827,2.675114518067129,0.686447819348634,0.7456978870501427,0.8138702366303878,0.18565474138260424,0.2538668803094787,0.3131515297951874,-0.26197808933929334,0.1421545289883609,0.5021619688068389,-1.3740629715271522,-0.8067781491603684,-0.4270799751536736,gp_planck_anchor,0.54,0.65
1.0049315068493152,124.02119569589806,71.60039237173943,0.29499341993681066,2.3149894945517246,0.7496092234684297,0.00043948232421823065,0.24995129420735204,0.06440389484956276,-0.914111407112599,118.8535524505491,124.15916917095512,129.45040817521468,62.75643476681599,74.20801300185393,83.43102948507715,0.2707680053284373,0.2943381548247144,0.3212031726112381,2.026474303386858,2.4024847825697306,2.678483524463695,0.6880499038175935,0.7479441260843944,0.8162109542927499,0.18331051599334766,0.25161736780785526,0.31154670497343934,-0.2652675226947971,0.1426286109782839,0.5006427683069631,-1.3908569443965486,-0.8098723996874071,-0.415653367185329,gp_planck_anchor,0.54,0.65
1.0139041095890413,124.66463500817208,71.82210184316912,0.2919561427934215,2.320510962099223,0.7518963081667459,0.0004427960018812859,0.2476608958313728,0.06305085359146005,-0.9151381927833154,119.54275507202837,124.8354498487418,130.14643378089704,62.93987878682787,74.57238978701713,83.6387595253966,0.267879646382466,0.29115776187416564,0.31751018776233125,2.0369849289286024,2.403434572956618,2.6962217241367297,0.6898903212682395,0.7498401785715416,0.8177075354525011,0.18181091194047866,0.24971823629296142,0.3097033984073645,-0.26857404421130576,0.14628368334244057,0.4889857625913897,-1.4110250405489797,-0.8073940470460312,-0.411635440411899,gp_planck_anchor,0.54,0.65
1.0228767123287672,125.31004688307935,72.04007067801194,0.2889564359875652,2.325881841941064,0.7541618980084281,0.00044610896626196423,0.2453919930253099,0.06161171205073178,-0.9163084455321828,120.15220660419251,125.48912292084933,130.84293165376704,63.20559780000229,74.83704641523275,83.93697969089271,0.26503536713981996,0.2881323304120019,0.31429730373932735,2.0360519364564937,2.406810826580124,2.7056813214257374,0.6917291004036633,0.7520110235248679,0.8203002999981035,0.1792144682236498,0.2475441398144519,0.30786172146796753,-0.26904887661396515,0.1394462425812712,0.48706899679219856,-1.422690653786399,-0.8060318458847295,-0.401929718027226,gp_planck_anchor,0.54,0.65
1.0318493150684933,125.95739756713068,72.25425750345435,0.2859939190090557,2.331101887698688,0.7564065142668076,0.00044942135788395287,0.24314406437530844,0.06008465946672946,-0.9176281770492727,120.89859238730872,126.16194791793158,131.54272821785452,63.35188738490957,74.9835408336191,84.22599393365427,0.26222294209943614,0.2850672888826703,0.310428785252247,2.041756193469057,2.410558957421031,2.70926742239963,0.6935362202157206,0.7539557311650467,0.8210326855701311,0.1784794952249091,0.2455963036177142,0.306051713013367,-0.2756802741341389,0.13691894510593206,0.48400761808310766,-1.424871412102835,-0.7972655500045845,-0.39176753718017965,gp_planck_anchor,0.54,0.65
1.0408219178082192,126.60665296357459,72.46462719699142,0.2830682119093054,2.3361710619104614,0.7586306793106934,0.000452733323395496,0.24091658736591112,0.058468090684799044,-0.9191032723205619,121.45803622711608,126.86779031293247,132.2559412441394,63.41159689820421,75.04433474266179,84.57737454887726,0.2594022820327887,0.28190412432160444,0.3075755137309642,2.045284401744177,2.4144846689097132,2.7209963576800114,0.6952053291534194,0.7555108922053941,0.8243109296773223,0.17519714053802518,0.24403823628832771,0.3043797883119118,-0.28640186432504366,0.14366011435199363,0.4796030803538665,-1.4264998691235602,-0.7986310878991392,-0.38363191328847684,gp_planck_anchor,0.54,0.65
1.0497945205479453,127.2577786889452,72.67115098797663,0.2801789352018195,2.341089537028153,0.7608349157645574,0.0004560450150803802,0.2387090392203622,0.05676060967415915,-0.9207394772878554,122.0275241323633,127.48901336606306,132.9214329258752,63.136532613906326,75.14134971186056,85.09147011269795,0.2568113280012493,0.27916350549584973,0.3047112983201402,2.051274542596773,2.4143347332797154,2.7277822842605697,0.6973794263529122,0.7580774837176054,0.8274533373571306,0.17205068649627767,0.24146812407413648,0.30220256389961414,-0.28968111624394005,0.15117898089816784,0.4804263978422792,-1.438468824626349,-0.8028381793164278,-0.3790902309267235,gp_planck_anchor,0.54,0.65
1.0587671232876714,127.91074013045713,72.87380654499022,0.27732570977569876,2.3458576959313167,0.7630197456753515,0.0004593565903596914,0.23652089773428883,0.0549610325438236,-0.9225423869232228,122.70087490493655,128.13624850792104,133.61360472755837,63.148514002709476,75.26300534767327,85.68954151202782,0.25415749921399927,0.2763504323756242,0.3013761208044056,2.0574178349084677,2.42091157366421,2.7264793585291067,0.6992759184447686,0.7603364174171467,0.8291908140604423,0.17030999274401692,0.2392058414218798,0.30030310031138024,-0.28756918659159686,0.14564571492625605,0.48560181422572535,-1.4633519750295036,-0.797262611442125,-0.3758635940365925,gp_planck_anchor,0.54,0.65
1.0677397260273973,128.5655025041211,73.07257804889335,0.27450815682182866,2.350476131963799,0.765185689687737,0.0004626682112855426,0.23435164210097742,0.05306839005544562,-0.9245174337451701,123.4261960755181,128.8115328750507,134.28844373272503,63.262192995876646,75.30319630515092,85.94323467560574,0.2516094762259573,0.2734605392279964,0.29784443634577307,2.0676709611694792,2.42192485775072,2.74157036976329,0.701356101133603,0.7622654777700058,0.830235076012039,0.1692629237771079,0.23727361971982253,0.29821982510605505,-0.292279526054786,0.14593591519355154,0.4875052325999349,-1.4689930631280528,-0.8079007898740791,-0.3678817300488688,gp_planck_anchor,0.54,0.65
1.0767123287671234,129.22203091344946,73.26745625146921,0.2717258977714179,2.3549456484977065,0.7673332662294359,0.0004659800440279649,0.23220075372653617,0.05108192963328679,-0.9266698768005921,124.10414196067707,129.48633302367875,134.9447905603856,63.223332806744004,75.50057976397363,86.06892979817755,0.24916779739223646,0.27061776137250193,0.29459925782286633,2.078091527882753,2.4227595813503626,2.744052212264667,0.7036309066610078,0.7642039733302981,0.8319258951318327,0.16756889952610463,0.23533194695778137,0.2959417979573173,-0.29359880149971357,0.14151257112231708,0.48804390332061715,-1.4799829458228255,-0.8087100078101294,-0.361903480621044,gp_planck_anchor,0.54,0.65
1.0856849315068495,129.88029040862378,73.45843851958686,0.26897855424651196,2.359267258031196,0.7694629907083633,0.0004692922583561571,0.23006771703328052,0.04900111687268125,-0.9290047911334542,124.80117614355544,130.23090349709378,135.66386314325482,63.30130236147029,75.92930705093991,86.34052194010656,0.2465334598453833,0.26753221705631125,0.291317768436693,2.073227145666815,2.422302866045568,2.7612569764441113,0.7052546395518772,0.7653254751987639,0.8333684519039721,0.16612328016428918,0.23420775599627647,0.2943152285944689,-0.3007996530287016,0.13834971510668678,0.48555188238537217,-1.4964267121605823,-0.8136335588061955,-0.3598470667279386,gp_planck_anchor,0.54,0.65
1.0946575342465754,130.54024604599311,73.64552886485521,0.26626574802209696,2.3634421808273838,0.7715753747231242,0.0004726050271152837,0.2279520202497605,0.0468256365495498,-0.931527057757967,125.37827806285068,130.94815953513316,136.3215988345809,63.344458172789004,76.11754820703068,86.77040199754275,0.24416017008976035,0.26460945569626676,0.2886420204082979,2.0739726111347445,2.427994918573183,2.769373722463418,0.7075186205092913,0.7667758299771458,0.8364165376572952,0.1630711408334796,0.23275450481088744,0.29204801048000073,-0.3135141814148717,0.12967989505460253,0.47297065697530427,-1.493807411721664,-0.8207695803739451,-0.3563572318454128,gp_planck_anchor,0.54,0.65
1.1036301369863015,131.20186294777346,73.82873795876998,0.26358710099938387,2.3674718431026465,0.7736709252883888,0.0004759185256999958,0.22585315618591123,0.04455539313468007,-0.9342413541507706,126.07051630025954,131.61645528725217,137.03376816998176,63.57294986261941,76.32051225585326,86.75615191460486,0.24162895367457876,0.26192912562135334,0.28548092915657364,2.084648195953676,2.4321495682461496,2.7836233764658638,0.709220198777153,0.7688044984413889,0.8379328646027769,0.16155168656681926,0.23072257658303014,0.2903435291330397,-0.3229789820021918,0.12797537299413836,0.47241187294305254,-1.52000820369684,-0.8220467903578014,-0.3439434048646838,gp_planck_anchor,0.54,0.65
1.1126027397260274,131.86510636181808,74.00808313338865,0.26094223518984916,2.3713578747734583,0.7757501440765947,0.0004792329315258442,0.22377062299187944,0.04219051081757067,-0.9371521452734783,126.73471914395887,132.32780427239726,137.7150194377154,63.64271398356154,76.54534904963111,86.77765787810183,0.2392442680674936,0.2591206052607473,0.282496417120354,2.0872985773040704,2.4369566784546146,2.8034154037500323,0.7112446756188334,0.770334655553141,0.8398281563074516,0.15965302547201915,0.22918945702607602,0.2883159408070459,-0.3272023198139903,0.12147950861749211,0.4664820309352137,-1.5420738785645813,-0.830593929805509,-0.326596484080668,gp_planck_anchor,0.54,0.65
1.1215753424657535,132.52994172132918,74.18358836760125,0.25833077270959476,2.375102106771735,0.777813526677347,0.00048254842349973324,0.22170392489915322,0.0397313330456951,-0.9402636751337506,127.41756899968105,132.9865540015652,138.41518865210713,63.6924642188119,76.66199946030923,87.2101106130545,0.23682997099964695,0.25655986811018616,0.27947664926397825,2.0847074457796086,2.4412565627970064,2.8041709420354217,0.7130763131081186,0.7724814729795726,0.8414820886722378,0.1579958635086318,0.22703928655444922,0.2864813008457101,-0.3393479236939777,0.1168967165829364,0.46621859372386604,-1.569337027852812,-0.8390038231346494,-0.31699221804418376,gp_planck_anchor,0.54,0.65
1.1305479452054796,133.1963347043823,74.35528425909803,0.255752335783578,2.3787065679394934,0.7798615618758187,0.0004858651814905547,0.21965257294269078,0.03717842158607517,-0.943579958889934,128.10744390215868,133.65441489495674,139.08811144885166,63.70353479681203,76.54579276416963,87.6389133851811,0.23454389683578783,0.2540022410493661,0.27647472002374984,2.0861855400996476,2.439238116772171,2.807080418334941,0.7151910036496459,0.7745250256183038,0.8430500011517228,0.15642476634312594,0.224992433940498,0.2843634218743499,-0.34558008033567433,0.10721969434644857,0.4691885147687125,-1.5863034331640296,-0.8421208396161374,-0.3101191412725965,gp_planck_anchor,0.54,0.65
1.1395205479452055,133.8642512931353,74.52320798216668,0.25320654675925314,2.382173481514347,0.7818947309513729,0.0004891833858011124,0.21761608566282603,0.03453255511702371,-0.9471047755012492,128.8330499777942,134.37849755198366,139.77798989813883,64.03626995383446,76.71071521238974,87.86593012020646,0.2322344156725121,0.2512722884325529,0.27336920541829657,2.075370231370345,2.4426497505651925,2.8149445175059102,0.7171333770155467,0.775921795364586,0.8441564566818156,0.1553154066045336,0.22359275814760926,0.2824179567899483,-0.3487993421102936,0.09911128876711318,0.46862623435574097,-1.6069666446202264,-0.8377740707340599,-0.30132683680457917,gp_planck_anchor,0.54,0.65
1.1484931506849316,134.53365783259574,74.68740323148369,0.2506930281291611,2.385505261218099,0.7839135069975636,0.0004925032166424367,0.215593989785794,0.03179472735883846,-0.9508416609225695,129.47412110013323,135.11315404505294,140.48193554819406,64.04214645297009,76.82244861072306,88.18581666744035,0.22991282219004572,0.24854721770535387,0.2706688101274361,2.0767420344542105,2.4432773082685246,2.8127585937002215,0.718934100767444,0.7772035885477692,0.846377491090566,0.1530907619333519,0.2223081238236481,0.2806142201199738,-0.3499801302256865,0.10136806541361149,0.4750314462928636,-1.632003651174629,-0.83175312945237,-0.2905609409644478,gp_planck_anchor,0.54,0.65
1.1574657534246577,135.20452108882202,74.84792015209423,0.24821140256199564,2.3887045069612993,0.7859183542645857,0.0004958248536115578,0.21358582088180278,0.028966144753096185,-0.9547939018400073,130.16273874236677,135.83389290678525,141.1472279391709,64.10027536056981,76.66538745247762,88.30795042624898,0.22775056618503287,0.24591662666827152,0.267812477112641,2.067886619259688,2.444152817129279,2.8031468610678862,0.7211326647826404,0.7786523444230303,0.8479817570480778,0.15148326316900687,0.22085641474693574,0.2784123827455027,-0.3507602100665245,0.10478373555557483,0.48169680046804514,-1.6415485936791727,-0.836286567054492,-0.29027937008366633,gp_planck_anchor,0.54,0.65
1.1664383561643836,135.87680830643473,75.00481525580703,0.24576129294167676,2.3917740001773162,0.7879097275251778,0.0004991484751737834,0.21159112399964836,0.026048223701087544,-0.9589645299407253,130.8990735707652,136.52934226903682,141.8268394176616,63.96807853413636,76.80681480406338,88.41843499730221,0.22557310241723716,0.24341770471625523,0.2648079581025524,2.064908391287625,2.449375493830581,2.801537886316328,0.7231864690130555,0.7803961929973413,0.8489732602627367,0.15048890692022918,0.21910941842468096,0.27635538532550175,-0.3635533557596052,0.09905155060189932,0.4841211246745226,-1.6619850896828652,-0.8490675610116225,-0.279251399798897,gp_planck_anchor,0.54,0.65
1.1754109589041097,136.55048726531837,75.15815132425854,0.24334232241395337,2.3947166987999724,0.7898880714649078,0.0005024742581505063,0.2096094542769417,0.02304258737264685,-0.9633563167079249,131.55140622826355,137.21797727757604,142.36996068114217,63.95863401251649,76.91466214377137,88.54227664992506,0.22385542259086702,0.24098063510685208,0.2621882229637578,2.062843925595024,2.451258532790008,2.81108707961728,0.7266336832952118,0.7822220452106009,0.8510617789097699,0.14839683218786978,0.21728035714730884,0.27290408068154526,-0.3792380095794669,0.09579769782371954,0.488787075804514,-1.7009569325445786,-0.8545470797651569,-0.291528925922558,gp_planck_anchor,0.54,0.65
1.1843835616438358,137.22552633639393,75.30799729893029,0.24095411444006953,2.397535731899377,0.7918538200976915,0.000505802377213531,0.207640377525095,0.01995106209744882,-0.9679717687294265,132.24225969518068,137.90527237794927,143.02439675988052,64.21873423662682,77.09641158808395,88.83401422542615,0.2218114242542731,0.23858461544040976,0.2594559898339611,2.0618956954691554,2.4412467677469447,2.818136056050984,0.7289446957368386,0.7840668734462163,0.852657018016391,0.14679834112223467,0.21543229814528458,0.2705896855459145,-0.387885459639514,0.0823358024085182,0.48918213866823407,-1.7191734466899826,-0.8625216504238297,-0.28086230013611124,gp_planck_anchor,0.54,0.65
1.1933561643835617,137.90189453634787,75.45442815843056,0.2385962928570157,2.4002343939909916,0.7938073962073231,0.0005091330043868816,0.20568347078829002,0.016775673351474757,-0.9728131235060984,132.91461060591465,138.50713034072646,143.7196454565102,64.44505134592539,77.06219612863279,88.9976314339449,0.21967057998637496,0.2365156593261023,0.25683769158439285,2.046522329128744,2.4347077740361,2.8238287429281286,0.730841745419891,0.7868851499902547,0.8544963409246511,0.1449556013331671,0.2126101568027582,0.2686895065495983,-0.4025699554963593,0.08001249373860883,0.48500349210318267,-1.7339097338394638,-0.8830377972357599,-0.27595060558307677,gp_planck_anchor,0.54,0.65
1.2023287671232878,138.57956158120368,75.59752478337872,0.23626848194390607,2.4028161390334883,0.7957492108157386,0.0005124663085570355,0.2037383228757044,0.01351864135204437,-0.9778823457442324,133.56069152133912,139.14551378802182,144.3939829444143,64.55025981088563,77.13611442346414,88.9734944611004,0.21762358754270644,0.23435042250890303,0.25435884446503015,2.0448483635257224,2.431671494255884,2.8337849567723543,0.7329534460847498,0.7892892112883207,0.8566773193011218,0.14277097639621644,0.21020248267380304,0.26657452838037826,-0.40553761938207217,0.07099983668491346,0.48451236716015306,-1.7165598218954585,-0.8844761790358935,-0.26843837994276615,gp_planck_anchor,0.54,0.65
1.2113013698630137,139.25849793862676,75.73737380925627,0.23397030649401643,2.4052845741312763,0.7976796626786301,0.00051580245499247,0.20180453486637742,0.010182376275416183,-0.9831811241140537,134.2300111031409,139.84779772030691,145.08709360790502,64.45448813537219,77.17829190011093,89.26996936464309,0.21554928986845764,0.2320026710744672,0.25182851699197567,2.0373531183934697,2.4347377804901926,2.8417302723291855,0.7348765209113693,0.7909713637442066,0.8585640182172266,0.14088080976437495,0.2085171715785093,0.2646482869390282,-0.4079914397351903,0.06296364996191875,0.4830351053692353,-1.755648382839592,-0.8993367489626869,-0.2625878075899168,gp_planck_anchor,0.54,0.65
1.2202739726027398,139.9386748788573,75.87406746761307,0.23170139189202668,2.4076434529579447,0.7995991378089986,0.0005191416048734107,0.199881720586128,0.006769473111455225,-0.98871086845493,134.89349460767286,140.52222888310564,145.77458175758187,64.52531409035768,77.26411742246455,89.5226654622663,0.213520991461288,0.2297810309894791,0.24935733861222803,2.0233530093108727,2.4298802943750317,2.8479361341257143,0.736858761539635,0.7929719919406877,0.8605296296778325,0.1389116694533594,0.2065131691443483,0.26266283119109385,-0.41220148676072965,0.04899721092848336,0.4688227829924814,-1.7975714973870025,-0.9055513427218045,-0.2633572312095867,gp_planck_anchor,0.54,0.65
1.229246575342466,140.62006452416637,76.00770341604135,0.22946136419602625,2.409896668917213,0.8015080090291381,0.0005224839148326099,0.19796950705602928,0.003282706170468135,-0.9944727074061646,135.54518901031133,141.2160580721088,146.4425618377837,64.55166678237383,77.14198723494468,89.78862344385199,0.2115775198528886,0.2275285967161807,0.24696531837809876,2.011352041314307,2.42683204942489,2.84733043673912,0.7390397825219086,0.7947568567377055,0.8626492800913328,0.13678837946052172,0.20472506026228637,0.26047845510711165,-0.4189656456439624,0.041561532214638174,0.4440374695761494,-1.82937991837856,-0.9171337391048232,-0.2644139210389552,gp_planck_anchor,0.54,0.65
1.2382191780821918,141.30263989673858,76.13838455735211,0.2272498502238369,2.4120482480581855,0.8034066355514843,0.0005258295365079658,0.19606753491200776,-0.0002749767422993046,-1.0004674864410414,136.2867660548967,141.90733387638045,147.11819750933617,64.46612167835981,77.09135560913745,89.88896552262818,0.20963865901080733,0.22531726906430402,0.24428499399669343,2.0089842948685246,2.4292426629591395,2.855288207818123,0.7411449976820754,0.7965742942945764,0.8636317469485035,0.13580300618755972,0.202904347935363,0.2583699230151517,-0.43661763783779034,0.03716922972521676,0.45710365309887163,-1.872768182818223,-0.9289191234617868,-0.27063570605711346,gp_planck_anchor,0.54,0.65
1.247191780821918,141.98637496488553,76.26621884841057,0.2250664776432266,2.4141023417620016,0.8052953625886999,0.0005291786161077555,0.1941754587951923,-0.003900460468529163,-1.0066957662805425,137.01849879181378,142.52438198250786,147.78767074609405,63.89100169591695,76.87209918694185,90.20360590933076,0.20774365044323143,0.2233705062416355,0.24168281017250529,2.0089442473714327,2.427364328138542,2.848293622950462,0.7433137091805238,0.7992271203560679,0.8647491545046663,0.13468259838735322,0.2002476886132197,0.2561978418127744,-0.4541243091822642,0.028770267865516348,0.45302582201461367,-1.849014740091527,-0.944722819783452,-0.2730296635911188,gp_planck_anchor,0.54,0.65
1.256164383561644,142.67124468749856,76.39131909910543,0.22291087506559779,2.416063219217098,0.8071745209933051,0.0005325312939892198,0.19229294771270566,-0.007590468938774001,-1.0131578216623152,137.6898680151346,143.20199960887842,148.46677395662402,63.80206025314266,76.77252570423951,90.29420728061288,0.20584757020935082,0.2212615730024145,0.2393317650578188,2.0031035851081085,2.4225276767127735,2.852539987064172,0.7453872038879786,0.8012022928441334,0.8666356128303643,0.13279262657472765,0.19826911602388886,0.2541210288400304,-0.4662759073933794,0.016718641213235297,0.4435551584668462,-1.8849310448396108,-0.9643399676816162,-0.2662557115580239,gp_planck_anchor,0.54,0.65
1.26513698630137,143.3572250566565,76.5138027619486,0.22078267214273503,2.4179352597005392,0.8090444269270951,0.0005358877042512088,0.1904196853686537,-0.011341571897750912,-1.0198536404395262,138.3703716651248,143.92533525179596,149.15392955067927,63.147428050637025,76.6683326647833,90.35999221765617,0.20395519064988837,0.21904314145265052,0.2369834275995586,1.9943744939422152,2.410254090083459,2.8597410797974137,0.7473811632801867,0.8026700244587182,0.8684110918340137,0.13101369769439727,0.19679831005745643,0.2521237929836961,-0.47760390466169894,0.010357913025228024,0.4390158396446322,-1.923955004364097,-0.9784418023475414,-0.2608297298211112,gp_planck_anchor,0.54,0.65
1.274109589041096,144.04429313830448,76.63379171281566,0.21868149966622238,2.4197229446828956,0.8109053815605303,0.0005392479743415502,0.18855537046512819,-0.015150191896061394,-1.0267829229838232,139.0811634348166,144.59886452556998,149.92446495201204,62.79012479783077,76.31230854838043,90.4817043524287,0.2018641599399283,0.2170073248257736,0.2345673359201958,1.9895831134557669,2.406179083129935,2.8534598236135102,0.7485440418569046,0.8046972780407295,0.8698125599391234,0.1296090191110718,0.19476760234234733,0.2509581801440149,-0.47921938458785107,0.0012625786358285828,0.44246742299229463,-1.9539064477936088,-0.984943023020318,-0.2545346434921815,gp_planck_anchor,0.54,0.65
1.283082191780822,144.732427110928,76.75141202335669,0.21660698966914207,2.4214308497743335,0.8127576708022327,0.0005426122246797887,0.1866997169730875,-0.01901261153108364,-1.0339450818660931,139.83496276224324,145.33243763879977,150.69225988390534,62.85425662381312,76.46372021511186,90.70869160340517,0.1998123308721937,0.21482226573530375,0.23204527905883443,1.9838531001710906,2.4010538692570993,2.8544743390283247,0.7497403702683221,0.8060609890852343,0.8706855712116476,0.12873314281374526,0.19340086952007005,0.24975908903565222,-0.4850652140638132,-0.004023620824916257,0.4352487237570863,-1.9445637386188026,-0.9972668516227629,-0.2507982955606074,gp_planck_anchor,0.54,0.65
1.292054794520548,145.42160630215002,76.8667937256193,0.2145587755296809,2.4230636365295455,0.8146015650586504,0.000545980568295885,0.18485245437305367,-0.022924980919589614,-1.0413392417885246,140.44064960438476,145.99744358496207,151.25551047788187,62.4463042937212,76.68668230665108,91.08670878708728,0.19832700592110378,0.2128696092393266,0.2300480208977814,1.9638583818831628,2.3929544518473307,2.859930686901788,0.7529754446905781,0.8081884155597777,0.8734085911860283,0.12600601327899516,0.1912699022371127,0.24651987918450502,-0.49637048232574654,-0.01847338331040216,0.43310581332038867,-1.9795014104832684,-1.0006888407773502,-0.24675433954271447,gp_planck_anchor,0.54,0.65
1.3010273972602742,146.11181122318214,76.98007056944051,0.21253649207629108,2.42462604412925,0.8164373190239202,0.0005493531104854505,0.1830133278655943,-0.02688332538445257,-1.0489642397414098,141.00150234284374,146.689061654243,151.98599088621148,62.5363326097182,76.89933830938472,91.25997784191875,0.1964251324310476,0.21086704408675389,0.2282215647286497,1.9435937939903685,2.3878834179651864,2.860631032494354,0.7545471694966986,0.8100243043575336,0.8766899304220154,0.12272017451931141,0.1894306576330579,0.24494512118513032,-0.5100871102603572,-0.02365012909965642,0.4397658061646308,-2.030009613110797,-1.020306561656256,-0.24298220492220182,gp_planck_anchor,0.54,0.65
1.31,146.80302360107,77.09137977317516,0.21053977569405044,2.4261228809559294,0.8182651714998833,0.000552729948482043,0.18118209855163464,-0.030883553337648577,-1.056818625358191,141.6292182229336,147.37595096488496,152.72241010908695,62.22567806882939,76.69875041435455,91.59387376453256,0.19453552950612585,0.208906001435408,0.2262030707770852,1.9403891658911214,2.38455693634693,2.8543392841800594,0.7560644913266569,0.811915489737693,0.8791407414254331,0.12026540778677665,0.18753606946041884,0.24342479466290304,-0.5162572842143215,-0.03494176520365605,0.442421101857991,-2.0650192115200405,-1.0463426947044179,-0.24275749738559732,gp_planck_anchor,0.54,0.65
1.3189726027397262,147.495226408673,77.2008617683387,0.20856826443189797,2.4275590160814464,0.8200853452461775,0.0005561111711470234,0.1793585435826755,-0.03492146434167403,-1.0649006614425682,142.12959193268864,148.03757093451134,153.45221348873082,62.2244491304745,76.36082457854644,91.58959385014107,0.19268952976205192,0.2070428591730321,0.2246131299796994,1.9334614358234916,2.3869035528404634,2.8668866056429305,0.7576505465520306,0.8140874888524221,0.8831733665136395,0.11622774145881139,0.18536046720548555,0.24183568017399776,-0.5305488403129247,-0.048775508654430005,0.4392692050685885,-2.104460785639941,-1.0629815732131296,-0.24504546162126975,gp_planck_anchor,0.54,0.65
1.3279452054794523,148.18840389232884,77.30865993875203,0.2066215981104172,2.4289393706841262,0.8218980468602626,0.0005594968586774294,0.17754245628106,-0.038992757331371426,-1.0732083246417852,142.70377173143032,148.7092540538353,154.2921393807224,62.031234014563644,76.28213002414105,91.48986856261317,0.19059721718815512,0.20517676539713298,0.22280927315421226,1.9360031148211292,2.390043106194552,2.8637550179373745,0.7581563688237105,0.8161508007061915,0.8862892751896161,0.11310739442501269,0.18329361480136858,0.24132752567103416,-0.5544623081497758,-0.05728674097870493,0.43801101757536365,-2.1680023344353465,-1.0731445431939206,-0.24781934790696322,gp_planck_anchor,0.54,0.65
1.3369178082191782,148.88254159715433,77.41492035478218,0.20469941842986636,2.430268909412784,0.8237034666872056,0.0005628870823322973,0.1757336462304621,-0.04309303897816221,-1.0817393062408565,143.35435391667212,149.45817444457606,155.11571999117746,61.81892732635659,76.34156609251224,91.36611665439482,0.18857866181838914,0.20312566984148123,0.22079160647267432,1.9329758268095951,2.3889882462293937,2.8603319790967796,0.7588340928103864,0.817370756130966,0.8884578816196779,0.11093498063599361,0.1820706843161008,0.24064734932777262,-0.5647466808363797,-0.06392622243324787,0.43104513868891425,-2.1737024709830237,-1.080158859789868,-0.24980275740386232,gp_planck_anchor,0.54,0.65
1.3458904109589043,149.57762638994194,77.51979150328054,0.20280136907816154,2.4315526317150824,0.8255017787590003,0.0005662819041778235,0.17393193933682186,-0.04721783217862976,-1.090491013053084,143.97213017250053,150.22936622754196,155.82916289351974,61.333396175871265,76.35617429209114,91.53691371998406,0.18685584519810786,0.20104562102247187,0.21890082152730708,1.9221074123726358,2.386502279132658,2.8671369643532105,0.7605956176908506,0.8183550166359799,0.8910345051613229,0.10835425846190098,0.18108360403203277,0.23888262506309865,-0.5849952785416165,-0.07023699487641065,0.4242544778823067,-2.1841217901644603,-1.10427484477946,-0.24692223411129358,gp_planck_anchor,0.54,0.65
1.3548630136986304,150.27364647961681,77.6234240138219,0.2009270958385301,2.432795563147386,0.8272931407631383,0.0005696813768517137,0.17213717786000998,-0.05136258464943592,-1.099460568383057,144.63793373866758,150.91924914368957,156.513836297542,61.18662396686516,76.30728723287987,91.99095753670169,0.18522461466778067,0.1992117235353711,0.21689012856463866,1.9123349261192546,2.38428508489445,2.8646061237214573,0.7626400639279319,0.820230301705339,0.8930190072769302,0.10636605193297576,0.17920488045127847,0.23683477537599362,-0.5961683417061405,-0.07956526395889693,0.42198472413009136,-2.21006286098236,-1.1147926315179324,-0.2341611862987953,gp_planck_anchor,0.54,0.65
1.3638356164383563,150.97059143522205,77.72597038185384,0.19907624669657456,2.434002746683201,0.8290776940401329,0.0005730855433470503,0.17034922041652006,-0.05552267761058589,-1.1086448130392137,145.15972555481014,151.62562004172233,157.2531463793833,61.168572580649645,76.10150050197744,92.04388526913945,0.18348707163831995,0.19735992768055205,0.21533363953625656,1.913606716562207,2.385016819086927,2.861396461880159,0.764154643079739,0.8219298708535223,0.8967836207405284,0.10259649317129042,0.17750198441165094,0.23531714830727024,-0.6019807358733397,-0.09005602842750199,0.4155433536117294,-2.236589299343539,-1.1379847404477277,-0.22522498534060878,gp_planck_anchor,0.54,0.65
1.3728082191780824,151.66845220140925,77.82758468936557,0.1972484719464869,2.435179234037031,0.8308555636096354,0.0005764944368159608,0.16856794195354863,-0.05969343453913913,-1.118040306374088,145.73285630704166,152.34774210984597,157.95725968626004,61.12968869612774,75.86605478951972,92.35591848115668,0.18185488671672376,0.19549340698395112,0.21364329967472023,1.916497145208685,2.385653658670285,2.8737693274333322,0.7660142707679972,0.8234628295913218,0.8999143182757792,0.09946127042962329,0.17596580546755458,0.23345422534015797,-0.6180320241118572,-0.10006778428344278,0.4120072766741776,-2.284357776639397,-1.155473989640305,-0.2279892972185709,gp_planck_anchor,0.54,0.65
1.3817808219178083,152.36722111141347,77.9284223236853,0.19544342429617917,2.436330077020244,0.8326268582247465,0.000579908080393332,0.1667932336948602,-0.06387012997556867,-1.1276433273314828,146.32321170593752,153.10294434355373,158.63097526781002,61.003093116068385,75.90656053855602,92.64478986684176,0.18031347470228432,0.19356958007979563,0.21192283423215552,1.907414879894165,2.388108859508811,2.8725672247121,0.7681703412514622,0.8246439187715078,0.9028323377378165,0.0965388574587799,0.1747817331069791,0.23129464335285377,-0.6248035301059863,-0.11040942757488498,0.4015531072914905,-2.341336504066797,-1.1868882048356295,-0.23215451491691386,gp_planck_anchor,0.54,0.65
1.3907534246575344,153.06689189749906,78.02863969501573,0.1936607589710996,2.437460318945375,0.8343916704540962,0.0005833264870407963,0.16502500305886297,-0.06804799836507659,-1.137449875480999,147.0091922218661,153.8309044249653,159.4314403521871,60.837767456585176,75.92534180541826,92.55158307169438,0.17850740568409446,0.1917418790257759,0.20994965989700873,1.9050568677548236,2.3845587216392476,2.868755751643946,0.7691031121044299,0.8261241336981423,0.9045727609632934,0.09479484867423041,0.1732983196821659,0.23035920489555653,-0.6320124318037607,-0.11624084984273556,0.3938555862339828,-2.4120428757570123,-1.1845079619483991,-0.24287650171872777,gp_planck_anchor,0.54,0.65
1.3997260273972605,153.7674596988674,78.1283939533127,0.19190013381652174,2.438574986094957,0.8361500767912283,0.0005867496594111674,0.1632631735493605,-0.07222224291637272,-1.1474556720217481,147.74523984239204,154.66261803083387,160.29983801090128,60.79444759965187,75.89709213347038,92.69743300473986,0.1765785678295977,0.18968519843201245,0.20786298839102327,1.9027922371008141,2.383974725117686,2.869805031872106,0.7693907248213264,0.8264991278574678,0.9057036607977837,0.09366078186717433,0.17292089482119416,0.230069372404909,-0.6407798538749991,-0.12725057256895717,0.38865009802921324,-2.4800578427493383,-1.19293735855329,-0.24554155651071738,gp_planck_anchor,0.54,0.65
1.4086986301369864,154.46892106702404,78.22784270510827,0.1901612093981027,2.4396790792706753,0.8379021377907679,0.0005901775897334628,0.1615076846194986,-0.07638804446056251,-1.1576561607383733,148.25831718934674,155.4086349125862,160.97444346522963,60.9120773064907,75.9253153772155,92.69453862045228,0.1751017077075673,0.18786846841409086,0.20642677569674486,1.8970260550236724,2.3806760240811347,2.862459709937233,0.771545867232209,0.8277996958785364,0.9095726578571266,0.08978668331806487,0.17161724220138802,0.2279106933137606,-0.6587302741834721,-0.1339103401730577,0.38827062669849577,-2.5179161396567475,-1.2211713921407314,-0.2441411057402456,gp_planck_anchor,0.54,0.65
1.4176712328767125,155.17127396860658,78.32714373087539,0.18844364910052072,2.4407775654384216,0.8396478982308575,0.0005936102597186436,0.15975849150942387,-0.08054057029302547,-1.1680465088940715,148.84294436137245,156.1542625142077,161.61742042235178,60.72131909927743,75.75964427168773,92.7968401661848,0.17371120211479166,0.18607862894158808,0.20480835223805574,1.8970406293680546,2.370805778703539,2.858820576302002,0.7740045708679575,0.8291100837956142,0.9125640652664131,0.08679077455045046,0.17030375591837277,0.2254482270782954,-0.6820493127409846,-0.14578964523103727,0.37698296336801573,-2.5966347952009294,-1.2424197717727137,-0.24895357266964332,gp_planck_anchor,0.54,0.65
1.4266438356164386,155.8745177856816,78.42645470352257,0.18674711922401382,2.4418753694843733,0.8413873873012662,0.000597047640486126,0.1580155650582477,-0.08467498298136955,-1.17862160804677,149.63042333181437,156.89452459595208,162.29974574822134,60.73881410766374,75.7997915624239,92.92775043046298,0.17225366875656634,0.18432684585103193,0.20265830668921847,1.8909445978799793,2.365631302073174,2.854060856797843,0.776087282686759,0.8304828684079637,0.9130750926101237,0.08627699022608558,0.1689278217871466,0.22336200656105631,-0.7062212359875316,-0.15850054439188427,0.3737921048872757,-2.615874063385723,-1.2632439177279562,-0.25295418451803675,gp_planck_anchor,0.54,0.65
1.4356164383561645,156.57865331352255,78.52593290860014,0.1850712890786515,2.4429773660969674,0.8431206188165867,0.000600489692511125,0.15627889149090216,-0.08878644912283733,-1.1893760747763475,150.20518479306335,157.58646898022454,163.10867713227339,60.75655990355487,75.78202173770056,92.9457117153762,0.1705493380121385,0.18271168401667248,0.20111040487593906,1.8785349645975995,2.356179008351479,2.8505630116283256,0.7769636453034273,0.8323710763569077,0.9161892687600851,0.08315820039201315,0.16703609001935973,0.22248298350620202,-0.7231375067810843,-0.17089095330041065,0.37812062794394996,-2.6767936605114455,-1.2812206454016892,-0.2614402879563719,gp_planck_anchor,0.54,0.65
1.4445890410958906,157.28368275588758,78.62573496679005,0.18341583107618267,2.4440883717892223,0.8448475914538739,0.0006039363655928245,0.15454847218053328,-0.09287014803477053,-1.2003042513123559,150.80522757204056,158.25805126180413,163.909675661152,60.7994747347725,75.36251557106279,93.10718790115472,0.16888651611042332,0.18116427604218271,0.199513109313004,1.8706984720871545,2.3533251525232255,2.8520838748814485,0.7779228517393506,0.8344765082363592,0.9189946629882423,0.08034839686967922,0.16492696913085492,0.2215210528127325,-0.7444881776464715,-0.17904815842922528,0.37574919795896844,-2.738437425162484,-1.2907452383551352,-0.26626743815953435,gp_planck_anchor,0.54,0.65
1.4535616438356167,157.9896097178188,78.72601655924018,0.18178042081931708,2.4452131370754806,0.8465682890140663,0.0006073875988433512,0.15282432338709032,-0.09692128036209169,-1.2114002060535847,151.53949753484605,158.92829386932348,164.62139439224893,60.629286699730045,75.2138553697934,93.17510952615903,0.16742938436440677,0.1796394516351224,0.19758440173629596,1.8657888931065427,2.353671035330425,2.856890107234598,0.7797341804645669,0.8365975968409138,0.9201688947569486,0.07917091139599891,0.16280216923568336,0.21970638342407106,-0.7591279234502973,-0.1886696358333827,0.375543391024307,-2.7613454735975407,-1.3297937984471475,-0.27260335305166994,gp_planck_anchor,0.54,0.65
1.4625342465753426,158.69643919599312,78.82693215629254,0.1801647371882998,2.446356338816235,0.8482826807064915,0.0006108433206974903,0.15110647597281102,-0.10093507658602971,-1.222657733972503,152.26560763135848,159.53698647914166,165.37720766676634,60.41056137163748,75.43122761811166,93.26068598101776,0.16590247776323488,0.17827129397435737,0.19570454461395015,1.8654833607032435,2.3578149114794362,2.8428487554112225,0.781130651697725,0.8393676448878566,0.921449881494046,0.07788658791848588,0.1600279314557953,0.21830686075887232,-0.7637800801002339,-0.19958011811655613,0.3772770730528297,-2.802998060933936,-1.3258908499597868,-0.2716934209178329,gp_planck_anchor,0.54,0.65
1.4715068493150687,159.40417756665516,78.92863475014198,0.1785684624246596,2.4475225727442838,0.849990721455737,0.0006143034489430401,0.14939497509532002,-0.10490680541869926,-1.2340703568995868,152.84695199684433,160.14221081279555,166.0583766257151,60.31725595542838,75.41175927791204,93.3461003386558,0.1645442408829422,0.1769263567223052,0.1942185183862877,1.8558255403668018,2.363690912058274,2.838941454893906,0.7832350467736588,0.8421742538012669,0.9244854120468003,0.07484644586319507,0.1572170918503243,0.21619889529368266,-0.7674173699972474,-0.21491911087433296,0.3704217928094981,-2.8242453331084096,-1.3364618659947298,-0.26922702383994124,gp_planck_anchor,0.54,0.65
1.4804794520547946,160.11283257117177,79.03127559194793,0.17699128221201113,2.4487163461850154,0.8516923522301383,0.0006177678907716792,0.14768987987909005,-0.10883178206848614,-1.24563132368443,153.41351619819577,160.8711220990445,166.71545080276738,59.95425948277117,75.64434381077393,93.28903082959205,0.1632497249588241,0.17532666887602782,0.19278662974005523,1.8437529641568315,2.368456422535533,2.8446680094343346,0.7855671788656519,0.8436821359643505,0.9277004839433027,0.07162661630629699,0.15570590628793493,0.2138630165824151,-0.7804555889824353,-0.22799123296190366,0.36484872137416247,-2.906438568108206,-1.35412474333303,-0.2765254639320418,gp_planck_anchor,0.54,0.65
1.4894520547945207,160.82241329924935,79.13500393390547,0.17543288575380672,2.4499420709831243,0.8533875003911051,0.0006212365428501738,0.1459912630660447,-0.11270537636159171,-1.2573336102325638,154.10057228845875,161.5392297967578,167.4809392602026,59.511630224353766,75.62775642085278,93.1506593104877,0.16176083986335316,0.17387940332884774,0.19107138923668643,1.8421486776326923,2.364491416485942,2.8374474026156684,0.7868802830153374,0.8458306362499217,0.9294604860218663,0.06986289893656414,0.15355362834258768,0.2125468953925565,-0.8003269949682279,-0.23396086571055602,0.36114970492876447,-2.9849159984442797,-1.373637933133308,-0.29523190162826246,gp_planck_anchor,0.54,0.65
1.4984246575342468,161.5329301698608,79.23996677676791,0.17389296584794212,2.451204056647641,0.8550760800624903,0.0006247092914117274,0.14429921064609802,-0.1165230207054766,-1.269169919418931,154.74321065779978,162.18742707323474,168.29849917755735,59.289193905697495,75.64628508347405,93.14373196238847,0.1601930503892973,0.17249233623802146,0.18948767429189023,1.839087695940727,2.360666897835741,2.8422907862019136,0.7877101003608785,0.8481888269143802,0.9317592403096324,0.0675600265154463,0.15119149554650962,0.21171440720036877,-0.8100484154750256,-0.2376650696384823,0.35856681229356574,-3.061516331393344,-1.392159747672859,-0.30386427204213,gp_planck_anchor,0.54,0.65
1.5073972602739727,162.24439490993382,79.34630862329456,0.17237121895812418,2.452506503726626,0.8567579925191742,0.0006281860123672358,0.14261382146845858,-0.12028021788036541,-1.2811326808810684,155.46878108353076,162.85203302800892,168.9687333775863,59.047623011019176,75.83874006609307,93.10729755715458,0.15892475697804428,0.17108737442606137,0.18772312952764966,1.8230458585948377,2.3586310353153888,2.8319641985332593,0.7899233791645084,0.8503767412253367,0.933063492708715,0.06625237310183117,0.14899975157806342,0.20949743882380825,-0.8153938211650709,-0.24190684296505166,0.3517505516747964,-3.125830230195882,-1.4185228475035851,-0.30916784837668815,gp_planck_anchor,0.54,0.65
1.5163698630136988,162.95682053085466,79.4541712380786,0.17086734528192504,2.4538534974223363,0.8584331265940189,0.0006316665714361737,0.14093520683454488,-0.12397254864546511,-1.2932140506973213,156.1743687907161,163.4845370904008,169.74676031169037,58.84222112721561,75.97925456267245,92.88017577178822,0.15747124335064513,0.16976604809914275,0.18603072554577715,1.8118149923609181,2.356610345304228,2.821780187933262,0.7911314567163326,0.8529002380109774,0.9346135571388691,0.06469871993552805,0.14647216671988494,0.20828639974873414,-0.8278514641233008,-0.2502203296805158,0.33946621420366274,-3.2175696151610467,-1.4301583620245806,-0.3161125340529997,gp_planck_anchor,0.54,0.65
1.525342465753425,163.67022130284775,79.563693414194,0.16938104881544738,2.455249001457228,0.8601013591023199,0.000635150824296811,0.13926349007338332,-0.12759567914691922,-1.3054059109574332,156.7885393377696,164.14656563058873,170.50952043640245,58.79054777530858,75.91081491063332,92.70966977085325,0.1560654941275708,0.16839940695791075,0.18457613005423076,1.8037262772623215,2.3550622723651378,2.8173656692436957,0.7924861992934886,0.8551166721983031,0.9372605815569386,0.06204728858574071,0.1442518579714625,0.2069285810025797,-0.8474129778280773,-0.25659657910721534,0.3305105553874196,-3.279807814573367,-1.4511441940649124,-0.3293437241952723,gp_planck_anchor,0.54,0.65
1.5343150684931508,164.38461272729336,79.67501074707734,0.16791203741454006,2.4566968522005235,0.8617625552828706,0.0006386386167554238,0.13759880610037398,-0.13114536811511013,-1.3176998692354054,157.42448064233307,164.7840040994912,171.2574710186181,58.56330424905516,75.91399094547177,92.57584772288875,0.1547052717471681,0.16709907948107763,0.18308789599423406,1.802268076867059,2.3551463255287617,2.8091046196691516,0.7939824466987613,0.8575902712890286,0.9396484940733202,0.059655147271023945,0.1417741821079756,0.20542914545225602,-0.8535820948008933,-0.2626499740544742,0.32079664753713494,-3.3554169108209866,-1.469198692161867,-0.34434194434416954,gp_planck_anchor,0.54,0.65
1.543287671232877,165.10001150705028,79.78825541604222,0.16646002285250516,2.458200753064569,0.8634165692547234,0.0006421297849341183,0.13594130096034246,-0.13461747383933778,-1.3300872579766594,158.04003368561848,165.43790842800183,171.93317641619709,58.4324695901205,76.04220154737075,92.7876359488847,0.15349166217141288,0.16578083854243533,0.1816644422591258,1.7971642148787599,2.352276679871159,2.812698407528849,0.7961505837270877,0.8598936874429641,0.9422808359814343,0.057018382249831995,0.13946680276738635,0.20325731273759895,-0.8667727638584947,-0.27146629438783854,0.307592804657147,-3.371336664294415,-1.485278134085777,-0.3481262610677102,gp_planck_anchor,0.54,0.65
1.5522602739726028,165.8164355148542,79.90355597380264,0.16502472087424924,2.4597642691796233,0.8650632444887195,0.0006456241554768728,0.13429113135580362,-0.1380079609084426,-1.3425591338140102,158.8013776265292,166.10195694685774,172.63114857720362,58.24543505469849,75.98933807198799,92.5265296883328,0.1522529923375924,0.16445787200741066,0.179926787379347,1.7949809940425687,2.3487067445557415,2.8134282419425536,0.798113560422485,0.8620918101649142,0.9431802074030807,0.05611586727267659,0.13726478335535475,0.2012907820961629,-0.8751177317108685,-0.27741447042033973,0.3032569838920189,-3.44163911541755,-1.5025024996447085,-0.35122605228997683,gp_planck_anchor,0.54,0.65
1.561232876712329,166.53390375986427,80.02103714435881,0.16360585124683677,2.461390822355119,0.8667024142928411,0.0006491215457733515,0.13264846416138554,-0.14131290670649801,-1.3551062768294875,159.36453457104605,166.7023095954616,173.29204334271492,58.13167929698522,75.91706040595916,92.2085645813285,0.1510939181690759,0.16327550521224274,0.17865740309359604,1.8010698695877936,2.3462128433225358,2.811391097447158,0.8004204168989645,0.8649524053319588,0.9464380485933432,0.052853111418501235,0.1343997838011156,0.19898010382219913,-0.8726549408934828,-0.2797613543713113,0.2978675287721978,-3.539370776416323,-1.5107934752989471,-0.36281866797763374,gp_planck_anchor,0.54,0.65
1.570205479452055,167.25243635243547,80.14081962957833,0.16220313780640952,2.4630836863348526,0.8683339023104218,0.0006526217642000247,0.13101347592537813,-0.1445285076532131,-1.3677191897814969,159.84532017500268,167.25993199740253,173.9712629876117,58.02983853345357,76.08317386335831,92.27763958581042,0.14991647127351407,0.1621886004501319,0.1775841926994734,1.789389167040109,2.343120210745634,2.807729706224194,0.802558793140651,0.8682560784194877,0.9506744266527147,0.048611066151549656,0.1310913583071358,0.1968380203039696,-0.8887239740588113,-0.2885283467962245,0.28941989788840244,-3.6510464510372818,-1.5190820868640773,-0.37422793957433914,gp_planck_anchor,0.54,0.65
1.579178082191781,167.97205446719525,80.26301992478139,0.16081630850144468,2.464845982352948,0.8699575230302349,0.0006561246103780887,0.12938635235938703,-0.14765108517926906,-1.3803880973194387,160.36852998634774,168.01422005556833,174.8062970783122,57.911868148825626,76.05773661131421,92.17751254632483,0.14848755901230112,0.16073563525109968,0.17642732949264045,1.789703264673097,2.3448757214241205,2.8047083341359142,0.8032634889016053,0.8695211101956232,0.9544074477923846,0.04487273520707547,0.12982309433788625,0.1961306873314472,-0.9044606661770042,-0.29806018504432036,0.2768739721255112,-3.765971863548802,-1.5322892334944493,-0.38270086081382537,gp_planck_anchor,0.54,0.65
1.588150684931507,168.69278030450704,80.38775014361744,0.15944509543232982,2.4666806749968253,0.8715730823074684,0.0006596298754476585,0.1277672878170839,-0.15067709142737054,-1.3931029452105277,161.23796162804334,168.7682414232328,175.65352115742914,57.6083311496365,76.20477671073387,91.96610743028911,0.14705861097249878,0.15930254336352068,0.17452979284228579,1.7887855287129295,2.3503533544744686,2.8017748343157645,0.8038649699297483,0.8707938514025327,0.9540304083332206,0.04524755587632561,0.12854710846485956,0.19552664350949686,-0.9206862702008315,-0.30515286394659175,0.25718016606172245,-3.8012289361558893,-1.534313018953796,-0.3937846850526415,gp_planck_anchor,0.54,0.65
1.5971232876712331,169.41463705040573,80.5151178524939,0.1580892348872362,2.4685905683827096,0.8731803778945748,0.0006631373423576586,0.12615648476306754,-0.15360311467044543,-1.405853399606383,161.8495435846103,169.47255001663606,176.32342266726866,57.47905923997248,76.28885032310419,92.01123751370571,0.14594330761568808,0.1579812155447421,0.17321328706687314,1.7892022801524696,2.346193785229646,2.7977419836928097,0.8060943086096214,0.8725837504874892,0.9567156395266044,0.04255778222833985,0.1267535652791822,0.1932935026020896,-0.9313381198998565,-0.31101964524895065,0.2432887640622736,-3.8724002259157,-1.5503687104869228,-0.394834066253099,gp_planck_anchor,0.54,0.65
1.606095890410959,170.13764883509012,80.64522591479827,0.15674846737428505,2.470578302648705,0.8747791999809857,0.0006666467861708259,0.12455415323284343,-0.1564258844389356,-1.418628846379536,162.42104912377235,170.06625606140236,177.15192121351282,57.7641484304358,76.44090176838195,91.98031807431614,0.14458139958034064,0.15688009947106646,0.17199653503974197,1.7894377455874781,2.3417034105510224,2.795982291913109,0.8068774334808612,0.8755138101640589,0.9598753585405084,0.039393145073992775,0.12381898322219587,0.19250766592722326,-0.9412483547262189,-0.3158604918751691,0.23749830957639348,-3.8522098707718966,-1.5556599972931677,-0.38882337347985146,gp_planck_anchor,0.54,0.65
1.6150684931506851,170.86184069006356,80.77817234512688,0.15542253764999803,2.472646350769671,0.876369331740662,0.0006701579743832035,0.12296051028495479,-0.15914227634984762,-1.4314183905630715,162.92047161436457,170.81395849787015,177.84131507557746,57.6433024679674,76.60430797782843,91.94568134005696,0.1434626554601247,0.15550968834616252,0.17094365368616352,1.796244340464939,2.3363985731684593,2.7932403359249847,0.8089320467695499,0.8768607417929828,0.9638870771986278,0.035375840172172254,0.12246872445229418,0.1904493644206386,-0.9474513600259745,-0.32013650816970923,0.23202757925954287,-3.9523532640134573,-1.559618986651174,-0.40558338989892484,gp_planck_anchor,0.54,0.65
1.6240410958904112,171.58723850401154,80.91405017371083,0.15411119474403637,2.474797015697552,0.8779505498864328,0.000673670667257463,0.1213757794463097,-0.16174931663077677,-1.4442108559292541,163.4228494098234,171.4928645030701,178.60583573023195,57.37167482245244,76.48275598798386,91.71029232489926,0.14223709973072096,0.15428087802312562,0.16989425653379042,1.794287731029832,2.333816437079874,2.7890328484462783,0.8103054429643907,0.8789172124863198,0.9678645097400359,0.03139282664391446,0.12040837510505839,0.1890727919390275,-0.9566794701149973,-0.31957796395306615,0.22649614643481505,-3.944416560143336,-1.556909956611324,-0.4098752129071769,gp_planck_anchor,0.54,0.65
1.6330136986301371,172.31386897750946,81.0529473212064,0.15281419198023513,2.47703242783015,0.8795226252301006,0.0006771846181693902,0.11980019015173,-0.1642441863328294,-1.4569947847461955,164.00575483664502,172.1323224225299,179.33472932329852,57.52716807893711,76.44809154690888,91.67832488721737,0.14108322507837734,0.15313671254116185,0.16868871129108845,1.7967012968397722,2.338001548558482,2.783709892137734,0.8120050035203066,0.8813788934651456,0.9708884775611033,0.02836399108029151,0.11794249269103477,0.18736979676056545,-0.9728192389101392,-0.32130584543106017,0.21921007511235055,-3.997830111636784,-1.5744500471548335,-0.4256992744487385,gp_planck_anchor,0.54,0.65
1.6419863013698632,173.0417595766541,81.19494648399042,0.15153128699394358,2.4793545428106385,0.8810853232472458,0.0006806995739668236,0.11823397717878742,-0.1666242252269663,-1.469758437754334,164.69519103349177,172.74955762539616,180.16923283101553,57.576510354800405,76.6641421841792,91.72623794971362,0.1397793124529362,0.15204435059073224,0.16727949459242403,1.79663669758167,2.343622972241657,2.775013639746041,0.8127529511499194,0.8840685540637372,0.9726539679656562,0.02659458932596766,0.1152484416094052,0.18661914077694522,-0.9816646862408259,-0.32686090063345796,0.21213606776837682,-4.089920561350318,-1.588068747164364,-0.4375826425715024,gp_planck_anchor,0.54,0.65
1.6509589041095891,173.7709384857129,81.34012503007891,0.15026224174569225,2.4817651396594553,0.8826384046456914,0.0006842152753403174,0.11667738007896825,-0.16888693537898045,-1.4824897944076687,165.37368498235875,173.31360930402323,180.92928694907542,57.639857231222344,76.68333071913031,91.77409729599644,0.13860740318108966,0.1510563119367278,0.1659095374428219,1.7971552953445438,2.3482095379039403,2.777097340438565,0.8141780383051312,0.8873027623609087,0.9745504109533563,0.024694124210473185,0.11200940658544185,0.18519081642889923,-0.9880470915379314,-0.33493878129648136,0.2062306233453953,-4.102268110384058,-1.589593877275286,-0.4528603480211577,gp_planck_anchor,0.54,0.65
1.6599315068493152,174.50143455888835,81.48855490576098,0.1490068225312049,2.4842658192395186,0.8841816259365686,0.00068773145720478,0.11513064260622664,-0.1710299843990061,-1.4951765534277093,165.86838699359703,174.05492120242155,181.67699304079431,58.039902947791695,76.87321002200333,91.89704317865049,0.13746884717271476,0.14977248442617447,0.1649213696389616,1.8071372703662598,2.347569551651221,2.7822184844891247,0.81571720505175,0.8887249358851457,0.9786158934335056,0.0206229225351909,0.11058379879415378,0.1836483162782108,-0.9936214639819948,-0.3394362504214756,0.19579605404967038,-4.22693274456739,-1.6259935791466127,-0.4660183124924168,gp_planck_anchor,0.54,0.65
1.6689041095890413,175.2332772712919,81.64030255301782,0.14776479998778796,2.48685800305509,0.8857147400069344,0.0006912478490913112,0.11359401214397429,-0.17305120836207813,-1.5078061337210422,166.48722944064565,174.64472672780516,182.49292347362132,58.00878272875906,76.8078249976142,91.89340598901379,0.13624234227293322,0.1487624104698373,0.16369760152899007,1.8109294661915192,2.3506209562825067,2.7801251143976513,0.8166481514824894,0.8916945018230743,0.9812173033766556,0.01801691468496882,0.10760958347821928,0.1827145030464708,-1.0054148157339589,-0.3399901935388487,0.1929362147853505,-4.1988181346335125,-1.6530598916827133,-0.4698495837419277,gp_planck_anchor,0.54,0.65
1.6778767123287672,175.9664966692263,81.79542883777016,0.14653594909712575,2.489542932383853,0.8872374966928871,0.0006947641755484462,0.11206773913156445,-0.17494861439700213,-1.52036567571457,167.19515705557362,175.36907736910672,183.19541668250667,57.93472174153757,76.66181992787037,91.98068459498367,0.13519946158396298,0.14753604058667402,0.16231429905281372,1.8133186756751682,2.3539970405344524,2.7769837675293574,0.8185979794656023,0.8932927935338182,0.9827713489856794,0.016459077671697298,0.10600770060271658,0.18076100552722205,-1.0100445274147816,-0.3418352887411711,0.19126127018461977,-4.0536720823878145,-1.6159672469296558,-0.47657869100882344,gp_planck_anchor,0.54,0.65
1.6868493150684933,176.70112331987255,81.95398898897587,0.1453200491845206,2.492321667741161,0.8887496433521379,0.0006982801565519921,0.1105520764913101,-0.17672038294146053,-1.532842043165517,167.87492377443598,175.99508894665286,183.94076968580998,58.13314887136399,76.69548284237597,92.14189149433707,0.13410598432855073,0.14648836094241652,0.16100256102998395,1.815252021535484,2.366103356292638,2.776664779078509,0.820166566225485,0.8958948147443915,0.9846608881372512,0.014565475367632153,0.10340129122181255,0.17918903853616358,-1.0061658236837998,-0.3497455052364976,0.1817887778240607,-4.126187563164581,-1.6407747837959947,-0.4834961594872253,gp_planck_anchor,0.54,0.65
1.6958219178082194,177.43718826047848,82.1160325485744,0.14411688391462013,2.4951950886747336,0.8902509254349922,0.000701795507922626,0.1090472790570852,-0.17836486966193343,-1.5452218255061068,168.2455130047902,176.66197013665908,184.71650587019082,58.51823989002236,77.00188987544794,92.10077964187792,0.13298196577465665,0.14538447021928436,0.16029396715166958,1.8154952918539387,2.364842810433464,2.772284989008677,0.8214673734355048,0.8980811660712289,0.9901813633644871,0.009038064761916275,0.10121086574801275,0.17788505395759185,-1.010408422854405,-0.3539336916640864,0.1753887303721492,-4.075414021616443,-1.668025385055264,-0.49980760910896643,gp_planck_anchor,0.54,0.65
1.7047945205479453,178.17472294714804,82.28160333225249,0.14292624128367518,2.4981638938873783,0.8917410870527119,0.0007053099417504115,0.10755360300553765,-0.17988060703775932,-1.557491340785976,168.8215763236829,177.3638399021798,185.56485540980898,59.03512399791438,77.24264261855899,92.08641329799082,0.13176883619055615,0.1442361078033795,0.15920191273506634,1.82479605813577,2.367993824858475,2.771059606380485,0.8221281422424026,0.8999135666735589,0.9932877647112258,0.0059266084452412,0.09937465947806015,0.1772216071853905,-1.0189408287958257,-0.357452368533831,0.16947065944966494,-3.8119175977253335,-1.6709194910987675,-0.5064105647683308,gp_planck_anchor,0.54,0.65
1.7137671232876714,178.9137592033256,82.45073940098162,0.14174791360838265,2.501228601684697,0.8932198715422356,0.0007088231668253691,0.10607130529093904,-0.1812663056093114,-1.569636639278087,169.46201790566116,178.12702179783912,186.30567781350652,58.998996570781756,77.33285250502593,92.16834018998995,0.13072300114702126,0.14300282756805469,0.158000924736345,1.8296392366724117,2.3806621051778585,2.776340573825655,0.8237467439185833,0.9011276710810114,0.9956376930277896,0.0035722091641934317,0.09815723044225313,0.17559956397906984,-1.0208213145530225,-0.36070637293760205,0.15745922869105786,-3.901144769164931,-1.6939649178439664,-0.5127183834268472,gp_planck_anchor,0.54,0.65
1.7227397260273976,179.65432916807384,82.6234730432564,0.14058169751136473,2.5043895507440492,0.8946870220262426,0.000712334889073233,0.10460064308468416,-0.18252085489097178,-1.5816435078166897,170.1290106153719,178.86225222358473,187.11976310140597,59.085397868542664,77.4405408349056,92.23791050049965,0.12958801574895915,0.1418295641625357,0.15676446182791726,1.8376324019653567,2.385374961805831,2.77759294843854,0.8247212685090344,0.9026286681849238,0.9976770233623586,0.0015286428267425162,0.09665267391974905,0.17462210216824534,-1.0240782560697574,-0.3620059417550908,0.15460942416536033,-3.902469930277652,-1.6725316786569648,-0.48759438904841096,gp_planck_anchor,0.54,0.65
1.7317123287671234,180.39646524423944,82.79983076794106,0.13942739390334585,2.507646901200452,0.8961422819675708,0.000715844811995513,0.10314187322043364,-0.18364332395024272,-1.5934974749384352,170.82400267782876,179.53221114127325,187.9759736302815,59.27915096417617,77.36821700850204,92.3423468461732,0.1284101848414301,0.14077302362864855,0.15549140363958408,1.8474602551452524,2.3882790244883356,2.785183859871626,0.8253313272960437,0.9047910536253994,0.9993905600825672,-0.0001888803515557796,0.09448619286245113,0.17400939218487949,-1.022421341856228,-0.36044720575614114,0.14828259080183587,-4.0543236144076635,-1.6899641294954775,-0.5003428659018613,gp_planck_anchor,0.54,0.65
1.7406849315068496,181.14020004660196,82.97983330760846,0.13828480796208933,2.511000636044389,0.8975853957170019,0.0007193526371129681,0.10169525164588512,-0.18463296165506898,-1.6051838169002646,171.50702803204837,180.2546353696015,188.84414024412408,59.61593179813835,77.60982095005943,92.38506954012905,0.1272322291968261,0.1396469035771056,0.1542553796002615,1.858733086208103,2.386609060672484,2.7813495786928244,0.8258448088013963,0.9064265486218384,1.0012479171098465,-0.0020503480908024233,0.09284701316825798,0.17349333368187927,-1.0226741713530454,-0.3663180651476437,0.14232856385285295,-4.008943269831222,-1.6685430359581273,-0.5286005453666451,gp_planck_anchor,0.54,0.65
1.7496575342465754,181.88556635009954,83.1634956322376,0.1371537491081602,2.514450562825972,0.8990161090534541,0.0007228580644116007,0.10026103288213432,-0.18548919659203675,-1.6166875646496868,172.1938203680901,180.93124334632188,189.68383773436054,59.97537961637175,77.90438184212013,92.46465508666066,0.12610825103584353,0.13860440314207262,0.1530273418118361,1.8668945336130545,2.3856452596748023,2.774696226327571,0.8266150207558193,0.9085248636710341,1.0030644171890497,-0.003870935777301409,0.09074463270638394,0.17272033560999017,-1.0203807462972487,-0.36806538624663887,0.13819246463044838,-3.948196766605015,-1.663142240771857,-0.5196777277192449,gp_planck_anchor,0.54,0.65
1.7586301369863016,182.6325970382226,83.35082697311286,0.13603403097758723,2.517996315659221,0.9004341697156439,0.0007263607927902721,0.09883946949156579,-0.1862116366588718,-1.6279935118252926,172.77922501176624,181.62047742673707,190.55544467173624,60.35969977233022,78.00059213192752,92.53225254228903,0.12495724241783177,0.1375544329040621,0.1519922448984472,1.8779447910634555,2.384738994764085,2.7720308864850627,0.8271148771956535,0.9104979885737723,1.0060645108788906,-0.006876081385983744,0.08876753236817148,0.1722179071009285,-1.0169318723602012,-0.37535031909212335,0.13239313917717616,-3.967334028605338,-1.6759709313664666,-0.5109267187416181,gp_planck_anchor,0.54,0.65
1.7676027397260277,183.3813250516679,83.54183085675125,0.13492547139149585,2.521637357519685,0.9018393279242957,0.0007298605205090375,0.0974308115551953,-0.18680006833523816,-1.639086223866716,173.24794930307812,182.3316420475179,191.39292389889002,60.749131085342945,78.42086903375878,92.2531974082273,0.1238660832664691,0.13648348043425573,0.151170864455957,1.8857886581347947,2.3865160387784385,2.7676228434180623,0.8279185844866952,0.9122530312342186,1.0104232314083865,-0.011240969117062048,0.08700868041263865,0.1714113792104931,-1.0137675373113852,-0.38065777617304614,0.1318212812898355,-3.8873862269349706,-1.6733189019637877,-0.49692922232669334,gp_planck_anchor,0.54,0.65
1.7765753424657535,184.13178333734095,83.73650514866243,0.1338278923227919,2.5253729828280314,0.9032313368940021,0.0007333569456373003,0.09603530616036056,-0.18725445563652407,-1.6499500483146792,173.8442502464973,183.02503220789617,192.13922024030637,61.21013029669302,78.80981402249807,92.58619660157787,0.12290572422813999,0.1354513045678549,0.15013556854596735,1.8902662483660888,2.388550741771821,2.762644072956675,0.8295154297039032,0.9141880723471885,1.0132951206167973,-0.014117841202688395,0.08506967464952223,0.1698110652071584,-1.004196604910745,-0.37784654622162883,0.13206990652408984,-3.851105987923029,-1.6484160606814606,-0.5103033893530711,gp_planck_anchor,0.54,0.65
1.7855479452054797,184.8840047977942,83.93484210673085,0.13274111985997775,2.5292023203117027,0.904609953333876,0.0007368497665008936,0.09465319689962316,-0.18757493875592865,-1.6605691263826556,174.57392482211168,183.69474704700093,192.93273553280866,61.54225503607879,79.2350498510904,92.45637443820775,0.12189680742514336,0.13446544185677334,0.1488833668309042,1.9002112336748513,2.3970725883684825,2.7605651551053403,0.8307076615951783,0.916360937826844,1.0146168396286208,-0.015443295471399247,0.08289264064575644,0.16861568572791827,-0.9966105737005412,-0.376550195998665,0.13053891968251327,-3.755026056721167,-1.599667736319967,-0.5188466488598366,gp_planck_anchor,0.54,0.65
1.7945205479452058,185.63802224118723,84.13682844398984,0.13166498416818403,2.5331243361361784,0.9059749379361438,0.000740338682127191,0.093284723381729,-0.1877618324007617,-1.6709274058819696,175.32962856134225,184.36388180985492,193.59145590402417,61.75203951164612,79.46575250400244,92.72106669697628,0.12106867421936968,0.13349114982416366,0.14760285422555108,1.9126232607954252,2.3993680335491403,2.7573396802678203,0.8330626802931659,0.9185406199000279,1.0156419912326615,-0.01647194692107754,0.08070877307593431,0.16625656298715863,-0.9916821707513259,-0.3727051026149524,0.1253541640323204,-3.823463928829041,-1.6180314707730168,-0.524871328386301,gp_planck_anchor,0.54,0.65
1.8034931506849317,186.3938683318502,84.34244540054202,0.13059931944750805,2.5371378372969065,0.9073260558518826,0.0007438233926873664,0.09193012075543,-0.18781562382949105,-1.681008655582189,175.77723033118838,185.03527134273315,194.13179919366002,62.09399233918395,79.7818280189154,92.64968274602283,0.1203956609207257,0.13252418539485042,0.14685170564010122,1.930546254473634,2.4052956018140392,2.753847566945827,0.836437131732443,0.9206988746034208,1.0202379264855892,-0.021074314717727465,0.07854633900404259,0.16287715941892178,-0.9936961864626792,-0.37568781119744665,0.1230615349110616,-3.9026452349482996,-1.5778809922828911,-0.5301077761499003,gp_planck_anchor,0.54,0.65
1.8124657534246578,187.15157554153419,84.55166882436504,0.1295439638887459,2.5412414752624484,0.9086630771531176,0.0007473035999349289,0.09058961924694751,-0.18773697059664413,-1.6907964810878706,176.39153960891423,185.80659998649907,194.92217355589807,62.395850414873046,80.00308790475049,92.72229983946798,0.11942135064221729,0.1314261851408203,0.14583069892066713,1.944892492466179,2.4095302114850874,2.756909744439735,0.8376598082603963,0.9218655831090241,1.0229034811567557,-0.02374473846441413,0.07737625527284134,0.16165128271933726,-0.9909455274281695,-0.37573728051174815,0.1180111065642265,-3.923914622063113,-1.5730974991288216,-0.5383554794718167,gp_planck_anchor,0.54,0.65
1.8214383561643837,187.91117610142388,84.76446926072504,0.12849875962661692,2.5454337498589505,0.9099857772805415,0.0007507790076396691,0.0892634437118188,-0.1875266980132327,-1.7002743423113962,176.92095362851512,186.5705335251798,195.76278661302024,62.76338537490801,80.31847986212699,92.91029527431492,0.1183978676089212,0.13035211282952516,0.14495914965689657,1.9501802905139034,2.41902074279685,2.7581748531123207,0.8384545959628527,0.9231106125694147,1.026552823215997,-0.027399775255409244,0.07612777984621436,0.16085364145664954,-0.9839524801043591,-0.3725178966583603,0.1126617750770778,-3.7880136726532467,-1.5542779991648905,-0.540808127065822,gp_planck_anchor,0.54,0.65
1.8304109589041098,188.67270195499125,84.98081204990866,0.12746355269057277,2.549713013385599,0.9112939374761481,0.0007542493220161646,0.08795181320183577,-0.18718579633090998,-1.7094255726195116,177.49419099598342,187.31237083649123,196.5616829844696,63.1042713613349,80.44298231275883,93.15116831070077,0.117437412346484,0.12932165095631892,0.14402433261208955,1.948915425360566,2.4243986494676846,2.759308448216918,0.8396125766558258,0.9245783128843871,1.0296943588027945,-0.030546604428571114,0.0746564427340084,0.15969250242935634,-0.9766140790038413,-0.36950185066594643,0.09789453929019724,-3.6480218555392177,-1.5348964579197375,-0.5303527619689644,gp_planck_anchor,0.54,0.65
1.8393835616438359,189.4361847117618,85.20065743296895,0.1264381929532936,2.5540774749503226,0.912587345200113,0.0007577142521460225,0.086654940547741,-0.18671541765860025,-1.718233399728404,178.2052122874249,188.0898931231443,197.44772988780335,63.55990515551266,80.69059584172659,93.31882400695254,0.11638577426185301,0.12825468716388522,0.14287734581942174,1.9491489499269181,2.4281909656015284,2.760973651979837,0.8400324480429657,0.9256981750094853,1.0312394907348132,-0.03209572095060075,0.07353322491724024,0.15927007947782987,-0.9678500395367315,-0.3627119361909643,0.07916263128756147,-3.7142470247857746,-1.5431127799952644,-0.539986993775041,gp_planck_anchor,0.54,0.65
1.8483561643835618,190.2016556020643,85.42396066516976,0.1254225340769716,2.558525205014613,0.913865794531291,0.0007611735103930322,0.08537303195831594,-0.1861168726208325,-1.7266809684183233,178.93665801171352,188.86592381496166,198.2227968067815,64.05361213821202,80.73931908605795,93.32757773287912,0.11547740591368644,0.12720288257253526,0.14171167708949775,1.9641294219994654,2.4341592795752294,2.760880591094745,0.841402640142475,0.9268379418763797,1.032553323298972,-0.03341335355994347,0.07239007990317999,0.15789654207324655,-0.9588772375283299,-0.361509741785485,0.07750660827112948,-3.7372498880607994,-1.5500218955568332,-0.5443176781331097,gp_planck_anchor,0.54,0.65
1.8573287671232879,190.96914543283202,85.65067213680156,0.12441643345748557,2.5630541401360114,0.9151290865507447,0.0007646268128104502,0.0841062866364449,-0.18539162676746435,-1.7347513651341038,179.50956429250883,189.5878166475678,198.931674433686,64.5644608397537,80.99418014532647,93.45857204945077,0.11465596652968117,0.1262360320316138,0.14080853266505786,1.9716278354042152,2.4393111960682834,2.7596313031420276,0.8433372264585441,0.9285129100116543,1.0356990655929488,-0.036564433427054,0.07071128045778916,0.15595813168811695,-0.9537755932823334,-0.3586307429522916,0.07008548262268866,-3.7479613610135547,-1.558336333882672,-0.5470597907689927,gp_planck_anchor,0.54,0.65
1.866301369863014,191.73868454451994,85.88073750103035,0.12341975216657283,2.567662087896437,0.9163770297077474,0.0007680738795396306,0.082854896412713,-0.18454129674496372,-1.7424276445322557,180.1831888951152,190.359052903874,199.58056487575752,64.72380024516761,81.05601711017887,93.40606997380257,0.11391153435552094,0.125215210630994,0.1397576639047173,1.985096674914842,2.44596904965611,2.772661127410515,0.8457796395611002,0.9297080959731316,1.0376840876738151,-0.0385538367150044,0.06951265653269975,0.15351145872275732,-0.9515825507876919,-0.3565547839924783,0.0724950195620747,-3.7359376699525906,-1.5489146735257397,-0.553668420423944,gp_planck_anchor,0.54,0.65
1.8752739726027399,192.5103027691985,86.11409780843374,0.1224323548921069,2.5723467320043323,0.9176094401677727,0.000771514435199273,0.08161904539702805,-0.18356764623978297,-1.749692858028563,180.81842891388663,190.9839193587818,200.2492761848627,65.25323623947976,81.43519888362758,93.33218562731254,0.11315200377457224,0.12439718840077404,0.13877740932308727,2.001521250316932,2.452152115436493,2.7743660469187192,0.8480548048671137,0.932335529341666,1.0401128115939038,-0.04098732531755691,0.06688057471323043,0.15123216135712705,-0.9465968582876151,-0.35531381456097655,0.07099434310198546,-3.7569432094210264,-1.573134821104106,-0.5657572476243774,gp_planck_anchor,0.54,0.65
1.884246575342466,193.28402938988455,86.35068964786733,0.12145410987658764,2.5771056375582346,0.9188261421419915,0.0007749482092645518,0.08039890964874391,-0.1824725817047981,-1.7565300843921288,181.53876031606794,191.5806740458496,200.9625781298546,65.53000485510755,81.8762458797425,93.47627577573935,0.11235018562065478,0.12362343834456682,0.137678288085096,2.012975854720051,2.4593077830615004,2.7806520663317675,0.8499530211670696,0.9352375728403639,1.041565496848847,-0.04244396479789033,0.06397363736680327,0.14933011898153686,-0.9352708175790622,-0.3532584997644155,0.0640436707990719,-3.748449013745415,-1.581936838608672,-0.5682160710662927,gp_planck_anchor,0.54,0.65
1.893219178082192,194.05989310116175,86.59044529329898,0.12048488885395868,2.5819362564592665,0.9200269681978798,0.0007783749364354497,0.07919465686568478,-0.1812581478801147,-1.7629224624229005,182.22013847660446,192.37625633039158,201.73617925261217,66.13017501737819,82.24376436319474,93.49155710982197,0.11149016979167119,0.12260303560752661,0.13665056779018098,2.0253131442038077,2.4622684015505527,2.7957573101575584,0.8513429681761114,0.9362012134033959,1.0434686771293666,-0.044351488061337443,0.0630067276840256,0.14793676594946872,-0.9274330173915174,-0.35225486733565514,0.0646266015690166,-3.549618710192686,-1.5536879462717166,-0.5617384668861646,gp_planck_anchor,0.54,0.65
1.902191780821918,194.8379219711452,86.83329285624083,0.11952456698485946,2.586835932959766,0.9212117595505531,0.0007817943569936288,0.07800644609245325,-0.1799265231198678,-1.7688532257390577,182.87568311122504,193.12330974451527,202.4097290994538,66.6679973893336,82.49322448468912,93.70385115785889,0.11074941534183956,0.12165634658983425,0.1356726270114909,2.0306466284488947,2.4644338938361408,2.807923952544167,0.8535790285621758,0.9376420256490832,1.0456697112982092,-0.04655712797640154,0.06156223630596383,0.14569657418511914,-0.920583439961413,-0.3509429226673727,0.06564268710384172,-3.5874238519591595,-1.5673470602023856,-0.5789422859390568,gp_planck_anchor,0.54,0.65
1.911164383561644,195.61814340483656,87.0791564434037,0.11857302279042861,2.5918019093351807,0.9223803663345137,0.0007852062171472095,0.07683442744833908,-0.1784800145369491,-1.7743057396892086,183.69797914957573,193.81711750442406,203.03804912471736,67.04026538695193,82.83408824809626,93.87182090566299,0.11006501406680971,0.12078691949520569,0.13446071125780817,2.0437421300078005,2.4738908262969144,2.819156328555087,0.856196507488821,0.9396022841495657,1.045970805069058,-0.04686122165756201,0.05959784891691325,0.1430746274514731,-0.9231687018569976,-0.3488193691342869,0.06732727434979703,-3.5118825189931613,-1.572753657606052,-0.5851333232558001,gp_planck_anchor,0.54,0.65
1.92013698630137,196.40058410891632,87.32795631919282,0.11763013808477037,2.59683133166617,0.9235326478555337,0.0007886102693628668,0.07567874187510346,-0.17692105297788277,-1.7792635403914119,184.33823200232894,194.62157300539187,203.83751000286736,67.53775053658212,82.84944445658277,93.91546037126024,0.10920334805245267,0.11979048918246636,0.13352830129004012,2.0625334767290484,2.485758063116557,2.8225129881199953,0.8573725987543368,0.9404939028709361,1.0483516185722155,-0.04924681253664006,0.05870300353859968,0.14189528545352745,-0.9086776401136996,-0.3446137439897956,0.06525234447798758,-3.5437809721105156,-1.5494883826822323,-0.5914696535383028,gp_planck_anchor,0.54,0.65
1.929109589041096,197.18527005801394,87.5796090726623,0.1166957979061984,2.6019212557178526,0.9246684728224426,0.0007920062726846824,0.07453952090487274,-0.17525218784021387,-1.7837103758862387,184.9152722342194,195.40924883354353,204.7089890587409,68.390515764413,83.09440647308975,94.0731392327398,0.10827553290239451,0.11882681051141018,0.13269623444132594,2.0802719720649354,2.4973091572426167,2.8234231195506583,0.8579483875963572,0.9415540865855916,1.0514519515842167,-0.0523525517079988,0.05763944410722903,0.14131675388452195,-0.8904091464657738,-0.34239331565884223,0.06368578675288149,-3.6050905229867882,-1.563576861351574,-0.600436125856671,gp_planck_anchor,0.54,0.65
1.9380821917808222,197.9722264624946,87.83402778853932,0.1157698904473729,2.6070686529029743,0.9257877195586429,0.0007953939930392214,0.07341688644831786,-0.17347608174511123,-1.7876302493760772,185.60655970531707,196.0777388976954,205.5007226967748,68.92469988154217,83.57223357739787,94.17762562708053,0.10744283532711618,0.11801782897145885,0.13170962640202868,2.0980115275271505,2.505726269847024,2.8284229929476488,0.8591979928116351,0.9437640160885907,1.0532544705662021,-0.05415937809665569,0.05542514551575497,0.14006382400892117,-0.8880370465977914,-0.330700728280517,0.051709195111096035,-3.5565696733189465,-1.5691372487204447,-0.6037207649238425,gp_planck_anchor,0.54,0.65
1.947054794520548,198.76147773779817,88.09112222193045,0.11485230698444303,2.6122704163158494,0.926890276193213,0.0007987732035263583,0.07231095060326068,-0.17159550507789487,-1.7910074645050011,186.40412723668769,196.8143890682691,206.2933003751745,69.6098571698453,83.92410963374216,94.32864482953394,0.10661883912841842,0.11713603037354378,0.13058497396820812,2.1126236503207285,2.5152231271495133,2.829083800064485,0.8604438852109901,0.9453205633894397,1.0538573039239931,-0.05476549445779872,0.053864780599841094,0.13881460359151684,-0.8850530590611007,-0.3209732072326841,0.048576010902210844,-3.431359782184575,-1.5727873652588276,-0.6097953816956873,gp_planck_anchor,0.54,0.65
1.9560273972602742,199.55304747535908,88.35079897631977,0.11394294180531302,2.617523366823905,0.9279760408315271,0.0008021436846953955,0.07122181548377754,-0.16961333040945784,-1.7938266726159267,187.21128764002228,197.6155096689871,207.1406913075606,69.8046350559918,84.46067309702971,94.24493868465312,0.1057482871518719,0.11618822651241287,0.12946141858605087,2.1342771826970894,2.520112022478977,2.832868435871194,0.8612369952987625,0.946262126656783,1.054361882855255,-0.055273274624549076,0.052919923142386305,0.13801855033344382,-0.8844064993704812,-0.31938277483314614,0.049570382607423295,-3.2773440092011934,-1.5448927535913044,-0.6186065688325348,gp_planck_anchor,0.54,0.65
1.965,200.34695841513837,88.61296168446765,0.11304169213714203,2.6228242592036666,0.9290449217053347,0.0008055052248060653,0.07014957306985924,-0.16753252681156203,-1.7960729219013345,187.84111180427618,198.4375585961347,207.9843641456687,70.51390520701194,84.86777652118073,94.45948043661896,0.10489210251701288,0.11522758035012529,0.12859465065827952,2.1551305572183668,2.525646100647103,2.8543682673264756,0.8620666705183482,0.9470098716746247,1.056868531369869,-0.05778486286693885,0.05216904703882507,0.13718589607879866,-0.8641549154608302,-0.3222219141408639,0.05200995261661193,-3.1085604790148467,-1.5032366628892273,-0.6278886743673239,gp_planck_anchor,0.54,0.65
