z,H,dH_dz,S_rel,dlnS_dlna,Omega_m,Omega_r,Omega_geom,Delta_H,w_geom,H_p16,H_p50,H_p84,dH_dz_p16,dH_dz_p50,dH_dz_p84,S_rel_p16,S_rel_p50,S_rel_p84,dlnS_dlna_p16,dlnS_dlna_p50,dlnS_dlna_p84,Omega_m_p16,Omega_m_p50,Omega_m_p84,Omega_geom_p16,Omega_geom_p50,Omega_geom_p84,Delta_H_p16,Delta_H_p50,Delta_H_p84,w_geom_p16,w_geom_p50,w_geom_p84,reconstruction,H0_anchor_sigma
0.0,67.38940198078892,41.80427143960373,0.9991275908114297,1.2406779170268083,0.3150249293828438,9.211956387281383e-05,0.6848829510532835,0.29523465062278553,-0.8563089502282868,67.35973118360074,67.39046642078841,67.42297638385176,22.75500095978602,41.688871347585334,65.12574213800305,0.9981327738496206,0.9990960283953492,1.0000079815323322,0.6755010985388841,1.237259874379653,1.932626619218866,0.3147112635947854,0.3150149777530536,0.31530251657714436,0.6846052826869583,0.6848929055931283,0.6851967085634657,-0.27042394584672313,0.29180508518364656,0.9873723257903463,-1.131646423791516,-0.8579776088487568,-0.5194770298580126,planck_anchor,0.54
0.008972602739726028,67.76595337752767,42.129067677489296,0.9880548440269363,1.2545259956351622,0.31999496403533734,9.44124934639026e-05,0.6799106234711988,0.2941634535552946,-0.855783273369334,67.59501245446691,67.7690694922739,67.97045292960662,23.82280254846953,41.92511269234634,64.66636065441993,0.9821183582572367,0.9879639828725195,0.9930585437128647,0.7110908738625895,1.2481012661403796,1.920060053245428,0.3180723525913925,0.3199655374179632,0.32161548005296703,0.6782896293305511,0.6799400587707105,0.6818338021695095,-0.25385754288018314,0.28827916512961527,0.9652616390265784,-1.1247367491341789,-0.8587055307983305,-0.5280295017397435,planck_anchor,0.54
0.017945205479452057,68.14541218699696,42.45233595664004,0.9770817721999644,1.2682923314010124,0.3249586379578836,9.672961010601602e-05,0.6749446324320104,0.29302949908693754,-0.8552822038991692,67.81397961067361,68.149160973141,68.54310480328535,24.862915781334443,42.39266716656765,64.16572305377554,0.9657764505179298,0.9769742797236587,0.98665584857379,0.7465828330774247,1.2666390576550914,1.9060543818283688,0.32119870502289705,0.3249228880240655,0.3281427919423941,0.6717595306284931,0.6749803930074202,0.6787056845766574,-0.23845354082963977,0.2911768129198393,0.9418913383014417,-1.1183019907442695,-0.8561830677086573,-0.537366093189669,planck_anchor,0.54
0.026917808219178087,68.52776469943007,42.774076277055954,0.9662088816201161,1.2819755861495232,0.3299149923586061,9.907057581513671e-05,0.6699859370655787,0.29183432677044435,-0.8548057451033337,68.04532265912219,68.53112465358016,69.11458098021964,25.90193975870741,42.78415068310848,63.685750141202696,0.9498713714789417,0.9661141419537758,0.97995831317053,0.7823082905825929,1.282893763761563,1.8918447468072288,0.3243364993061034,0.3298826432083434,0.3346097780216025,0.6652897415996641,0.6700182959300074,0.6755661052905704,-0.2232105690582863,0.29180083384935046,0.919130300956986,-1.1119084609375705,-0.8547535225772402,-0.5466419607509809,planck_anchor,0.54
0.03589041095890411,68.91299720506024,43.09428863873704,0.9554366117011611,1.2955744831451037,0.3348630963021806,0.00010143505098282553,0.6650354686468366,0.29057945403463065,-0.8543539065538467,68.28346479098074,68.91933113274072,69.68428957958955,26.867195177170313,43.274725785084215,63.334032464170285,0.9344033863767895,0.9552610038724576,0.9731349222813057,0.8153173957067554,1.3008525606435297,1.8827559738581001,0.32749133466872177,0.334801548962949,0.341066031177821,0.6588306548092493,0.6650970346296796,0.6724094632973862,-0.20826583775757335,0.2960840132695739,0.90015261620843,-1.1054400423543016,-0.8516116845248741,-0.5538968925668432,planck_anchor,0.54
0.04486301369863014,69.30109599412079,43.41297304168331,0.9447653372499645,1.3090878057628068,0.33980204661503904,0.00010382269471270353,0.6600941306902482,0.2892663751388389,-0.853926704445239,68.52813777180496,69.3115317039665,70.25285529287302,27.941763005596172,43.636857893512015,62.71935510493408,0.9193400859202031,0.9444808664342331,0.9661983618308,0.8521086530071813,1.3163259899338315,1.8645872298943702,0.33065739227928326,0.33969973150929106,0.3475108239490146,0.6523829980260334,0.6601964770572264,0.6692415790723166,-0.19094716913838125,0.29591088588700504,0.8733264893667478,-1.0975687520198603,-0.8505965316289603,-0.5652583749037277,planck_anchor,0.54
0.053835616438356174,69.69204735684492,43.73012948589475,0.9341953707038453,1.322514396161466,0.3447309677603538,0.00010623316514612874,0.6551627990745,0.28789656021982024,-0.853524161920004,68.78513953768032,69.70214066668296,70.8133242212619,28.827444216509296,44.05356288170036,62.06124051721318,0.904845004463386,0.9339248368737019,0.958991841717622,0.8825756236838748,1.3311956387952297,1.8471828495113314,0.3339002780829138,0.34463113704827586,0.35388120733302525,0.6460097397409063,0.6552626605506622,0.6659968263646084,-0.17773290011325513,0.2978491271476527,0.8451300200539671,-1.0916243316266707,-0.8484601746636656,-0.5770464674257269,planck_anchor,0.54
0.0628082191780822,70.08583758346596,44.04575797137136,0.9237269643346522,1.3358531539600385,0.3496490116844961,0.00010866611977703941,0.6502423221957269,0.2864714544274421,-0.8531463093840205,69.04884945220299,70.09448169040533,71.37121833983481,29.749564442004313,44.40425559096715,61.49947285270626,0.8907543177240652,0.9234991507305574,0.9516807048651313,0.9156983591899799,1.3460706644024563,1.8311836256164171,0.33716820973202954,0.3495627797083868,0.3602300579533001,0.6396579874827895,0.6503285809715522,0.662727003010351,-0.16516084853406932,0.2976694840212504,0.8194215219327715,-1.086055813296849,-0.847476883202196,-0.5880037071414222,planck_anchor,0.54
0.07178082191780823,70.48245296421716,44.35985849811315,0.9133603124180262,1.3491030349185706,0.3545553576366456,0.00011112121575596558,0.6453335211475985,0.28499247714561005,-0.8527931848125049,69.32220007055966,70.49073043191271,71.92881230527054,30.61378575487696,44.764509427442945,60.968151826838586,0.8769975467930167,0.9131458199182421,0.9441901869651785,0.9457291749708927,1.3610092552471031,1.818382559858489,0.34043977455782654,0.3544720942586147,0.3665231397346219,0.6333619882263218,0.6454168106212097,0.6594535281921511,-0.15220278256084752,0.29721938948464044,0.795015710934111,-1.0801471819285104,-0.8464601149760962,-0.5978625802628276,planck_anchor,0.54
0.08075342465753425,70.88187978933176,44.67243106612011,0.903095553366463,1.3622630496250865,0.3594492119631677,0.00011359811018322648,0.6404371899266491,0.28346102129485035,-0.8524648340470277,69.61581116340655,70.8958602128995,72.47888419233836,31.527811060861346,44.97674123992353,60.54306103893715,0.863736276395415,0.9027394138337215,0.9362425639169759,0.9787345275226452,1.3703890004831942,1.8066510661969566,0.34378347090404593,0.3593074616534517,0.372642352796275,0.6272398796147499,0.640578985034258,0.6561078818898756,-0.1418806832552596,0.29218240832941844,0.7739992649803115,-1.075600003502757,-0.8480252005615097,-0.6068773040181383,planck_anchor,0.54
0.08972602739726028,71.28410434904309,44.98347567539225,0.89293277182494,1.3753322621896567,0.36432980787834796,0.00011609646039135685,0.6355540956612608,0.2818784527130473,-0.852161311084114,69.91215118035223,71.30387660320602,73.0148763764428,32.564414711079806,45.22055691243237,60.06873234214202,0.8511016827467854,0.8924376330222625,0.9283223917235254,1.0148695580174192,1.3820933689245507,1.7935493423738786,0.34726210342391456,0.36412778390684125,0.3787692974181799,0.6211100048684179,0.6357561840092403,0.6526272388693488,-0.12199817578740274,0.29127488419182224,0.7509033445183408,-1.0656766319635818,-0.8477011002062304,-0.6164533827037796,planck_anchor,0.54
0.0986986301369863,71.68911293358438,45.29299232592955,0.8828720007280265,1.3883097889467977,0.36919640521302755,0.00011861592421682429,0.6306849788627557,0.28024610961084784,-0.8518826783559548,70.21173971956924,71.71783414029167,73.55087102923952,33.34773885372208,45.45587118247087,59.64845794671846,0.8387422483592254,0.8821650201599407,0.9204171213223753,1.0408466519673343,1.3953209395115964,1.7827239333329081,0.3507423757228325,0.36890076248783354,0.38489689582241693,0.6149794439783463,0.6309807165724473,0.6491449372886948,-0.11038334470804628,0.2846347686653411,0.7293395765699913,-1.0595375632142574,-0.8492115818690416,-0.6254617684964725,planck_anchor,0.54
0.10767123287671235,72.09689183318889,45.600981017732046,0.8729132233175191,1.4011947971672964,0.37404829014263374,0.00012115616026111496,0.6258305536971052,0.2785653020983506,-0.8516290070037216,70.50646076341859,72.1267915293972,74.07836566787479,34.00824148538161,45.92507968479624,59.29533764623042,0.8268397987196435,0.8721896779039378,0.9127384109065446,1.0655746027565238,1.4142534397458073,1.7745135674551622,0.3543055651712397,0.3737382468100766,0.39111360995262606,0.6087597063424715,0.6261406974542884,0.645579673438409,-0.10278852761757007,0.2879626149863783,0.7093960694035619,-1.056135207769906,-0.8465307742318652,-0.6339960379886816,planck_anchor,0.54
0.11664383561643837,72.50742733808993,45.90744175079971,0.863056375119778,1.4139865037804722,0.3788847748960637,0.00012371682814128632,0.620991508275795,0.276837311779716,-0.8514003771439835,70.80855491596547,72.53344239384086,74.59930616539042,34.64058293804239,46.33904192388488,59.032067908324876,0.8153321850002451,0.8624374006726401,0.9049668998900613,1.0905106233679822,1.4261874296359216,1.7682325606023443,0.35793368809362086,0.3786130429433999,0.397283642225166,0.6025866331848132,0.6212633289567939,0.6419494362135303,-0.09745051418310506,0.2916179312557579,0.691800765153327,-1.0537783426311962,-0.8435384084745375,-0.640282921832773,planck_anchor,0.54
0.1256164383561644,72.92070573852074,46.21237452513254,0.8533013458820771,1.4266841741078315,0.3837051974468331,0.00012629758873009914,0.6161685049644369,0.2750633914124117,-0.851196878128715,71.11793303363476,72.95409606182253,75.1317021477318,35.48055099761936,46.61909942232256,58.725895063516006,0.8038179533531026,0.8525204306958556,0.8971104287507362,1.125173380081521,1.4368045645733059,1.762654091564775,0.36145393182736785,0.3833540422340066,0.40340488838627125,0.5964623298192049,0.6165197757609379,0.6384270946473045,-0.09103998109851426,0.2898597492321497,0.6735029997103137,-1.0509781934720435,-0.8440957029284237,-0.6472319086993547,planck_anchor,0.54
0.13458904109589043,73.33671332471458,46.51577934073056,0.8436479814673709,1.4392871206089848,0.38850892118784536,0.00012889810438585297,0.6113621807077687,0.27324476462790537,-0.8510186087993579,71.4353769178246,73.377188701356,75.65971722278519,36.349410352207535,46.760340585364446,58.4958723317503,0.7926377086795081,0.8427175233284449,0.8891550020573803,1.1532972525749883,1.4466111294695727,1.758624188609121,0.3650181448384009,0.388080435260414,0.40946539102393353,0.5903987580088527,0.611790808796733,0.6348607507432186,-0.07632725874559844,0.28534352682548114,0.6572028555771912,-1.0431135154117186,-0.8457018402024733,-0.6535271031065196,planck_anchor,0.54
0.14356164383561645,73.75543638690475,46.81765619759375,0.8340960857070164,1.4517947016406467,0.39329533459110777,0.00013151803917206813,0.6065731473697201,0.27138262571063526,-0.8508656777354167,71.78757794239381,73.79493375841797,76.15922060479728,37.13655590557377,47.06054465282847,58.315164392313136,0.7822745129791395,0.8332034557307968,0.8804517566825032,1.183916195560946,1.4608455135902139,1.7537992769093946,0.3688602807234567,0.39287443919166976,0.4151530910761362,0.5847080816465169,0.6069941835166646,0.6310163723243105,-0.06575048725485753,0.28096985874338143,0.6429725048783883,-1.0372880567487817,-0.8464598939364312,-0.6601551552925585,planck_anchor,0.54
0.15253424657534248,74.17686121532451,47.118005095722104,0.8246454222110828,1.4642063202294708,0.3980638508536588,0.00013415705906716336,0.601801992087274,0.26947813943222565,-0.8507382034980339,72.10567414980964,74.23376791398617,76.6731407084771,37.78212081483167,47.441938152435384,58.127680277854594,0.771822885502893,0.8233815927802717,0.8727006083137451,1.2066161085618672,1.4711799401944177,1.7432020809482358,0.37256593161760365,0.39745378888459826,0.42126052656214114,0.5785974985430689,0.6024122596618409,0.6273085047332803,-0.05325819962005862,0.2794889692223559,0.6291385480031487,-1.0304669204180552,-0.845608276660406,-0.6664350508742474,planck_anchor,0.54
0.1615068493150685,74.60097410020711,47.41682603511563,0.8152957161359742,1.476521422859409,0.40281390753093504,0.00013681483216429336,0.5970492776369006,0.2675324409379466,-0.8506363148690003,72.45815639702104,74.66220735846503,77.19648835468949,38.39148941925125,47.65404850805897,57.66458988441872,0.7613933335961551,0.8139589977741707,0.8642305326384873,1.2196813163086755,1.4853401138125366,1.7378321098785208,0.37618230760177446,0.4021534738552396,0.42699117751967997,0.5728637958931149,0.5977099356273996,0.6236899229287124,-0.046762887439322644,0.27619360104278556,0.6067365304274236,-1.0269529915024127,-0.8460185749815429,-0.6758628944696774,planck_anchor,0.54
0.17047945205479453,75.02776133178584,47.71411901577435,0.8060466559091957,1.4887394982742315,0.4075449661587549,0.0001394910288615187,0.5923155428123835,0.2655466356825207,-0.8505601510856448,72.82937663842198,75.08487382106992,77.70970423577467,38.72172327595107,48.0250910634914,57.48716689052127,0.7513696442748773,0.8048209072587917,0.8554428070765813,1.2479179184934346,1.4946982959018247,1.7341763164522959,0.37989974153954825,0.40692521581479435,0.4325201367748746,0.5673318239070331,0.5929355052792271,0.6199702296042225,-0.041232852508724466,0.2730765817654575,0.5908195519396681,-1.0239731317034815,-0.8458794724924317,-0.6825272368024412,planck_anchor,0.54
0.17945205479452056,75.45720920029397,48.009884037698235,0.7968978949111685,1.5008600762957778,0.41225651186504814,0.0001421853220424877,0.5876013028129095,0.26352179941246334,-0.8505098620720338,73.20812229091989,75.5204731902119,78.20818135180883,39.53616893444003,48.22207922374936,57.21439390248684,0.7418221266686266,0.7955633490440173,0.8466143463577882,1.2732743560079998,1.5096608296819496,1.7330059510893672,0.38376434963328676,0.4115661157332111,0.4379761567362096,0.5618727873578189,0.5882919370591085,0.6161032918567306,-0.04382233102276582,0.27375002547514626,0.5749001117891108,-1.0254160997082764,-0.8457854335316877,-0.6900875146763302,planck_anchor,0.54
0.1884246575342466,75.88930399596475,48.304121100887286,0.7878490531140906,1.5128827266584808,0.41694805297242327,0.00014489738724782233,0.5829070496403289,0.26145897819221964,-0.850485608666912,73.58547445594652,75.93711332181209,78.70623744466427,40.26572742504254,48.558361738155014,57.067867886658135,0.7324632859173745,0.786857352802967,0.8379536025211292,1.2943308087449048,1.5221964356300068,1.7363440579675204,0.38763661608768474,0.41642322208988203,0.44346454650344996,0.5563813411229167,0.5834320629115948,0.612228672807485,-0.030423976546994178,0.2678855119026464,0.5580878974316108,-1.0180458985085772,-0.8463386456632478,-0.6955280333816378,planck_anchor,0.54
0.1973972602739726,76.32403200903148,48.596830205341526,0.7788997186779029,1.5248070578606159,0.4216191205926084,0.00014762690283740172,0.5782332525045542,0.2593591884714411,-0.8504875628488128,73.94648914239586,76.36214430334732,79.21872754315906,40.65215762847647,48.99753191307663,57.007390851608974,0.7230168750232928,0.7781224241946499,0.8297916083537367,1.3200439033032128,1.5341999801338035,1.7395344696811934,0.39136968689418106,0.4211983703873999,0.4491669463985311,0.5506757810255465,0.5786541500324212,0.6084932778246405,-0.02351103238972655,0.26770989776574516,0.5420487292099482,-1.0141766732163375,-0.8452477087708923,-0.699359743330056,planck_anchor,0.54
0.20636986301369864,76.7613795297274,48.88801135106093,0.770049449503509,1.5366327160327147,0.42626926821376304,0.00015037355014374624,0.5735803582360932,0.2572234171908505,-0.8505159079587508,74.31027508285976,76.78755284477229,79.69572863149907,41.350555208366444,49.23776433740461,57.09604405235715,0.7143878690596946,0.76952459120001,0.8216870069897958,1.3353478008780704,1.5444924601780443,1.7474654039859956,0.39545719351037334,0.42597872717760926,0.45485380113722346,0.5449857416448307,0.5738710017654135,0.6044033024095712,-0.02248697731119037,0.269973442959686,0.5327683616026935,-1.013462684135804,-0.8438793132897343,-0.7009416344884618,planck_anchor,0.54
0.2153424657534247,77.20133284828582,49.17766453804551,0.7612977747434406,1.5483593838235157,0.4308980712816111,0.00015313701361670937,0.5689487917047722,0.25505262192421546,-0.8505708389209116,74.69037062489063,77.24216271736822,80.18230494407194,41.914063753721265,49.52545698506519,57.16614125590783,0.7057438254605851,0.7604932002778163,0.8133452384490181,1.3568650999417198,1.5567320029656027,1.751362851638996,0.39945427833721947,0.4304426784025806,0.46035717712674645,0.539479216377888,0.5694043464260345,0.6004037594695429,-0.015154477101522483,0.26534656527669415,0.5284621720906578,-1.0095482500774224,-0.8435972997069261,-0.7034291018885707,planck_anchor,0.54
0.22431506849315072,77.64387825493996,49.46578976629527,0.7526441962702481,1.5599867793037878,0.435505126775309,0.00015591698095968992,0.5643389562437313,0.252847731054022,-0.850652562461758,75.05170300969753,77.70294500199577,80.68793220239536,42.4006265194092,49.75091591307558,57.389983024577774,0.6969265138722784,0.7515003699641389,0.805532476595486,1.3727282624207957,1.568519001202,1.7567409783084822,0.4032650105868074,0.43484327058493444,0.4661080562101098,0.5337250705283435,0.5650010493879618,0.5965906148487806,-0.008710370865193785,0.26373049659631226,0.5203952242016723,-1.0056136915494842,-0.8439365362751323,-0.7031087498604836,planck_anchor,0.54
0.23328767123287675,78.08900203992312,49.75238703581021,0.7440881901029207,1.5715146548883094,0.4400900527789022,0.00015871314325757667,0.5597512340778402,0.25060964397857266,-0.850761297327947,75.44437220092196,78.17385217268856,81.18257052847363,42.93321957446788,50.0722543101579,57.49194956922375,0.6884597587431366,0.7424737974179941,0.7971691061813353,1.3932766322004841,1.576436167116845,1.7589977279357107,0.40718868487821197,0.4391352221938113,0.4714846958725801,0.5283452688866612,0.5607064090110083,0.5926644674580704,-0.008466054874069914,0.26093133959621095,0.5180709191946171,-1.0054499870803686,-0.845003268504886,-0.7055017448209182,planck_anchor,0.54
0.24226027397260277,78.53669049346854,50.03745634659032,0.7356292077917234,1.5829427962762677,0.44465248804920665,0.00016152519509664816,0.5551859867556967,0.2483392313482611,-0.850897274503472,75.81476433510382,78.63981012148565,81.69742188360348,43.29712149575837,50.349217809031614,57.52724671391248,0.6798098508181555,0.7337012278801249,0.7893990120186218,1.4070260664364067,1.5873742517002303,1.7691171458292236,0.4109123704781394,0.44348711688732123,0.47715374952464606,0.5226729188184881,0.5563517812522296,0.5889383608174387,-0.0029695085694235366,0.2579327277181277,0.5099524873718909,-1.0019298331352304,-0.8450320208461737,-0.7082019711547983,planck_anchor,0.54
0.2512328767123288,78.98692990580955,50.320997698635594,0.7272666777618619,1.5942710214102724,0.4491920915808859,0.0001643528346766431,0.5506435555844374,0.24603733532890826,-0.8510607374264275,76.21608155927495,79.1032852882213,82.19369104971734,43.770644303767284,50.590121156200496,57.68180593726943,0.6716255205901758,0.7251287601283325,0.7811077100102257,1.424685899260431,1.6001518936916175,1.7769475771177057,0.41482565003725935,0.4478716190186228,0.48244669629197323,0.517376783498517,0.5519645112883514,0.5850225713077776,-7.792049914771649e-05,0.255817870470772,0.5037875568124829,-1.0000476609650562,-0.8452141228263531,-0.7092636461647593,planck_anchor,0.54
0.2602054794520548,79.43970656717936,50.60301109194605,0.7190000066164476,1.6054991794541769,0.4537085421694733,0.00016719576391522752,0.5461242620666115,0.243704769890096,-0.8512519422058009,76.65199518328885,79.54463463331962,82.6876913685972,44.19652363644321,50.80969513557922,57.74217590653505,0.6636245261005,0.7171043786208531,0.7722487790155962,1.4280884381484296,1.6102870804081344,1.7847946244371955,0.41876510919920457,0.4525123493927524,0.48730996452720593,0.5125104572761989,0.5473208956513544,0.5810805720127938,0.0013125438880851287,0.25217717179759414,0.4958628639116155,-0.9991470037039197,-0.8458858745150634,-0.7122007824546166,planck_anchor,0.54
0.26917808219178085,79.89500676781127,50.883496526521675,0.7108285803992571,1.6166271497898292,0.4582015379730382,0.0001700536885450788,0.5416284083384167,0.24134232111653434,-0.8514711578386903,77.08045560840002,79.98757960670304,83.20207152109944,44.51547933237079,51.079967980766924,57.905029090790414,0.6554444337316725,0.7091841918276627,0.7636873749326991,1.4388117406163359,1.6213449573601049,1.7964806925900658,0.4225008052194989,0.4571415617800344,0.4922744236426325,0.5075428770982442,0.5426887779235121,0.5773423908102249,-0.0005112547455116671,0.24900457509829096,0.4889567612487619,-1.000336261259264,-0.847973477058071,-0.7143569301134558,planck_anchor,0.54
0.27815068493150685,80.35281679793853,51.16245400236249,0.7027517658178376,1.6276548410328786,0.46267079607315986,0.00017292631820381066,0.5371562776086364,0.2389507475405839,-0.8517186664283452,77.51484501959214,80.43128041640315,83.7224149917045,44.93040275364823,51.37384583247882,58.14318631520487,0.6473224405227085,0.7013813284155406,0.7551520242075552,1.444813906347956,1.6333569881024033,1.8101947891674874,0.4261777820282215,0.461768540974375,0.4971695628395379,0.5026446166964205,0.5380588699313256,0.57366293116273,0.0039033403090286906,0.24537239149429677,0.4820602740188062,-0.9974114309062777,-0.8468756469306684,-0.7129825330873298,planck_anchor,0.54
0.2871232876712329,80.81312294779443,51.439883519468474,0.6947689114275195,1.638582190067697,0.4671160520358396,0.0001758133665169639,0.5327081345976434,0.23653078049411008,-0.8519947634034394,77.96757903678807,80.8847268466333,84.19071621928741,44.92848383147521,51.61562849334567,58.34884979337371,0.6401411597754016,0.6935393559479468,0.7464076148410448,1.4478420265928973,1.6446455505677502,1.825272389466565,0.43038801302370017,0.4662893813372372,0.5018344553409247,0.49797666396306156,0.5335351164389649,0.569449997326943,0.0013725379516222476,0.24259970762782568,0.48042348824998704,-0.999150312832578,-0.8486694612022874,-0.7127659308485961,planck_anchor,0.54
0.29609589041095896,81.27591150761224,51.71578507783963,0.6868793487769477,1.649409161101478,0.4715370594729379,0.00017871455117428287,0.5282842259758879,0.23408312447796714,-0.8522997577389643,78.38399777254611,81.35573898497672,84.67427656672783,45.21056476446491,51.863227932675926,58.56687072997954,0.6328505632927144,0.68553205753989,0.7384980237194749,1.4550454670229616,1.653477797450774,1.8397044739508543,0.43444673978361703,0.47061215504931964,0.5069728579717987,0.4928349971586734,0.5292094809422168,0.5653886030541307,-0.00013060976718035444,0.2398555526327374,0.47763448975704714,-1.0000808087549253,-0.8498001480823245,-0.7127567611098576,planck_anchor,0.54
0.30506849315068496,81.7411687676252,51.990158677475954,0.6790823935157546,1.6601357447375245,0.47593358960469656,0.00018162959399950284,0.523884780801304,0.23160845754743675,-0.8526339721791614,78.83311419013616,81.817573065081,85.1827717916725,45.405539109679026,52.17615894539492,58.776966222596585,0.6253175568624577,0.6778146809394463,0.7301074687989446,1.4600371517614903,1.6629583513065838,1.8537606893858176,0.4382526072272318,0.4750451156834309,0.5116944154945452,0.4881103075782363,0.524773593789114,0.5615801432975084,0.00043648742498140385,0.23503504537533668,0.4756126719953492,-0.9996411234515702,-0.8494176574475305,-0.713364833418273,planck_anchor,0.54
0.314041095890411,82.2088810180666,52.263004318377455,0.6713773464650244,1.6707619570677161,0.4803054308238644,0.00018455822101386555,0.5195100109551218,0.2291074317120674,-0.8529977434628884,79.29329080655731,82.31357458367867,85.66705480800172,45.445544490482845,52.45910208284916,59.22874527143826,0.618267614817219,0.6696706005250498,0.7216577403870406,1.4641607605951552,1.6716039180606082,1.8740802648875312,0.4423105644877422,0.47908441949793473,0.5162761801973177,0.48352543975687345,0.5207314914568377,0.5575194768866026,-0.013211235817579662,0.2341335100452664,0.4695626013804703,-1.0087328537071578,-0.8506483450378035,-0.7102838382931076,planck_anchor,0.54
0.323013698630137,82.67903454916973,52.53432200054414,0.6637634946512271,1.6812878387841415,0.48465238826192,0.0001875001624935852,0.5151601115755864,0.22658067334840723,-0.8533914225518329,79.71448257665479,82.7805361403112,86.18255724526648,45.4877458713252,52.75975998634564,59.5569304969606,0.6108933636393418,0.6621367419799207,0.7140517626315367,1.4656096941547743,1.6786939652881143,1.896041514302851,0.44604882619634617,0.48346460138660474,0.5213707817478691,0.47842751264071787,0.5163483579766103,0.5537786084157234,-0.01745071353129859,0.22957792809514335,0.46547749765483487,-1.0119588654787266,-0.8498220518764272,-0.706116917730608,planck_anchor,0.54
0.33198630136986307,83.15161565116784,52.80411172397599,0.6562401123043006,1.6917134543098196,0.4889742833578412,0.00019045515302147686,0.5108352614891373,0.22402878362421003,-0.8538153748619839,80.16753385242248,83.24016756675718,86.65673980095747,45.62741945069036,52.98961931217601,59.974861012447505,0.6042260777642581,0.6548446224928817,0.706003925883418,1.4639447170020934,1.686964289618468,1.910882764183095,0.4502178513950634,0.487934483111441,0.5260540421622203,0.4737410601437546,0.511875466737031,0.5496067890559813,-0.024377495228714168,0.23161406988355004,0.4675247454214611,-1.0160368923796608,-0.8503559172418453,-0.7034505008826664,planck_anchor,0.54
0.34095890410958907,83.62661061429418,53.07237348867302,0.6488064618205962,1.7020388909484552,0.49327095342985966,0.00019342293153296728,0.5065356236386074,0.22145233893274427,-0.8542699804987842,80.6444348606787,83.71370519436937,87.0879364477478,45.703223613883964,53.21575919557377,60.41194376845173,0.5982575123618995,0.6474571491578887,0.6976785186380945,1.4667880057205174,1.6986421606417865,1.927825263566556,0.4548398804340673,0.49224510553410805,0.530427127853276,0.46936487942118327,0.507561873793008,0.544981766345578,-0.0295719503267501,0.22526184288153606,0.46977108584441124,-1.0195766090608591,-0.8500899814807388,-0.6992951172061641,planck_anchor,0.54
0.3499315068493151,84.10400572878204,53.33910729463523,0.6414617946913936,1.7122642580531213,0.49754225125058515,0.00019640324135669353,0.5022613455080581,0.21885189133593907,-0.8547556344963787,81.06339567893596,84.18965783554242,87.57385695444157,45.85170878915542,53.42039498373788,60.69494289833942,0.5916368334055926,0.6401572495262924,0.6904855167699668,1.4626446051011528,1.7077224991853002,1.944746298189361,0.45889610956020255,0.4965303962287053,0.535566921230176,0.4642216654093935,0.5032735999565305,0.5409227426415208,-0.0421038804185373,0.22528892290779048,0.47039599454224496,-1.0275764702914825,-0.8504262461012676,-0.697226426462632,planck_anchor,0.54
0.3589041095890411,84.58378728486471,53.604313141862605,0.6342053523977202,1.7223896862137635,0.5017880446258782,0.000199395830249903,0.49801255954387186,0.21622796901512925,-0.8552727470613916,81.47242316755911,84.68404114019532,88.0854053249099,45.82888881221292,53.713876533710604,61.12355685526041,0.5847850468188889,0.632704623998118,0.6835698373597083,1.4638850271251784,1.7143683530795697,1.9640023898086552,0.4626863271656579,0.5006006570292523,0.5408455963942298,0.4589394874516589,0.49920041897345246,0.5371298148781023,-0.05060611772096728,0.22170227773513473,0.47275855522418503,-1.0364553829328649,-0.8535984727808208,-0.6933873327552974,planck_anchor,0.54
0.3678767123287672,85.06594157277543,53.86799103035516,0.6270363672722062,1.7324153264633906,0.5060082159778092,0.00020240045042885853,0.49378938357176194,0.21358107672824753,-0.85582174382167,81.89649135934265,85.18093026169171,88.53244197525706,45.88105790330462,53.94109304160228,61.67651935731878,0.5788943082345527,0.6253445967163724,0.6765090024826109,1.471100085438605,1.7262513233243826,1.9828599705262344,0.4671583522719513,0.5046429844769229,0.5459318331540205,0.4538497971724352,0.495155161157597,0.5326547870053651,-0.06275339850450919,0.21670851820834497,0.47372314873577115,-1.0433076377174557,-0.8534729912508736,-0.6889704602813312,planck_anchor,0.54
0.3768493150684932,85.55045488274746,54.13014096011288,0.6199540633287174,1.7423413495028022,0.5102026619320149,0.00020541685859444775,0.48959192120939066,0.21091169627237977,-0.8564030660804305,82.3716612068724,85.65953370202709,89.02319651633988,45.886780325493035,54.04993064269543,62.20302019461961,0.5725294292172359,0.6183761703791106,0.6687264875146349,1.4760144961591264,1.7369278850903598,1.999868140626333,0.4711736822122705,0.5089041057473669,0.5503408304197314,0.4494375923660044,0.49089100021634446,0.5286366147052604,-0.0679572334419956,0.21126079449249574,0.4721195119209435,-1.049687853075322,-0.8542492586309054,-0.6799500767936629,planck_anchor,0.54
0.38582191780821923,86.03731350501411,54.39076293113578,0.6129576570605114,1.7521679449437018,0.5143712929097514,0.00020844481595320055,0.4854202622742954,0.20822028695063474,-0.857017171076269,82.87240170327195,86.12238010227753,89.50978705836998,45.91370841467086,54.31222742293512,62.77919682889134,0.5663215937488368,0.6117473734476613,0.6606695746199415,1.4744584527075548,1.740766805252028,2.0176971689847654,0.47523604122387675,0.513355667866882,0.5544093615096918,0.44536596857012495,0.4864362988910183,0.5245713732051306,-0.07671049453389914,0.20877272556612048,0.4777953286265254,-1.0540073645789363,-0.8581141498089303,-0.6722210408190125,planck_anchor,0.54
0.3947945205479452,86.52650372980861,54.649856943423856,0.6060463582076704,1.7618953205700103,0.5185140327249005,0.00021148408823390432,0.4812744831868656,0.20550728604237323,-0.8576645322494825,83.34248452054715,86.6320661889252,89.99225304856984,45.68252701076927,54.599201579338924,63.186922074588146,0.5602655441076237,0.6045703133478582,0.6532377681289173,1.4723946732082418,1.7547620187906476,2.030830571110074,0.47934542091994353,0.517251175581418,0.5588895055527643,0.4408825425885672,0.4825378554064592,0.5204590705250428,-0.0855082646754817,0.2057585318405267,0.4800883523464369,-1.0592307854528078,-0.8577428219052164,-0.6681808743776438,planck_anchor,0.54
0.4037671232876713,87.01801184736426,54.90742299697712,0.5992193704945532,1.7715237016171965,0.5226308181861781,0.00021453444570000986,0.4771546473681219,0.20277310927586228,-0.8583456395151877,83.85234292362834,87.09213313364802,90.44129306930803,45.66488647021093,54.79381849309071,63.581211436702645,0.5547159212964023,0.5981998829527374,0.6453179945017912,1.474080216617602,1.7616479479622325,2.0470452534092054,0.4838155274732954,0.5217416353020032,0.5628373982276001,0.43693156294911145,0.4780441952525045,0.5159858713489789,-0.09663517904249935,0.20224075472501835,0.48531840424471784,-1.070471472609151,-0.8597577877238216,-0.6632245524524194,planck_anchor,0.54
0.4127397260273973,87.51182414791433,55.16346109179554,0.592475892338024,1.7810533300694218,0.5267215987047625,0.00021759566315801532,0.4730608056320795,0.200018151302502,-0.859060999543707,84.29951802772422,87.61399854080818,90.93450424896268,45.616316862687704,54.953349569594224,64.04185113253308,0.5487149230440834,0.5910948265385272,0.6384898148490304,1.4775840736790045,1.7724345061770475,2.0623997246697123,0.48781731921346494,0.5254938066625296,0.5676287936490704,0.43213671138416654,0.4742891048914538,0.5119811569961016,-0.10830455606066428,0.19856852290035698,0.4919994498195461,-1.0779397293049173,-0.8618213807459548,-0.6590489147115611,planck_anchor,0.54
0.42171232876712333,88.00792692169205,55.41797122787914,0.5858151175272007,1.790484463974298,0.5307863359075443,0.00022066751996200902,0.46899299657249366,0.19724278617181717,-0.8598111360487173,84.75880585604283,88.15964657677448,91.4731476936269,45.788005021125294,55.177918914996894,64.56545815681167,0.5422716624988437,0.5838005183656556,0.631588914735773,1.4790203532686772,1.7826406404443327,2.082226860201482,0.4913331530589754,0.5289609789386209,0.5722603528353936,0.4275017373611883,0.4708191124098508,0.5084625815690171,-0.11974906209190317,0.19513571790044726,0.4992044715285188,-1.0872956304400068,-0.8611107190585464,-0.650602097301244,planck_anchor,0.54
0.4306849315068494,88.50630645893074,55.67095340522791,0.5792362358754706,1.7998173767750227,0.5348250032561728,0.00022374980001454954,0.4649512469438127,0.19444736780644623,-0.8605965900836736,85.24193553748206,88.67673949622505,92.02072594851994,46.01492898589365,55.471323117343935,64.98250937008712,0.5358371828974717,0.5770118626185394,0.6244498311660843,1.4782743891415793,1.7929598273049985,2.0964230850698855,0.49475344486136424,0.5327711772682612,0.5765719792753397,0.42318680562762595,0.4670059321719454,0.5050395697066342,-0.13234637079801465,0.19196461350479782,0.5023418404712164,-1.0944680803776872,-0.8631412231475395,-0.645245552619225,planck_anchor,0.54
0.4396575342465754,89.00694904986364,55.92240762384186,0.5727384338455153,1.8090523566596832,0.5388375856720679,0.00022684229176405993,0.4609355720361681,0.1916322304764233,-0.8614179203470208,85.73880969401824,89.17205054197066,92.52966543778975,46.019697721031065,55.81067761500606,65.41034409582596,0.5299588804733271,0.5706195542155487,0.6172331705298146,1.4772403522965099,1.801177073486087,2.1125337919042715,0.4985901884432364,0.5368441242302102,0.5806986431343808,0.41905689171594224,0.46292987269446867,0.5011999127969055,-0.13894294740944182,0.19058926252438335,0.5071141243411801,-1.1055224720896317,-0.8655693607058441,-0.6396169114888626,planck_anchor,0.54
0.44863013698630144,89.50984098472401,56.172333883720995,0.5663208951480784,1.8181897059274708,0.5428240791675283,0.00022994478819890064,0.45694597604427284,0.1887976892720903,-0.8622757034967317,86.24858287279767,89.65122659966252,93.08486105104299,45.97052678644581,55.98108497084732,65.94793855534213,0.5236559559299189,0.5645360609608518,0.6099584153441137,1.4776888654643698,1.812183892263651,2.1254927502099035,0.5019293204852084,0.5411132982614226,0.584651066164668,0.41510127078805953,0.45865748165137876,0.4978580580860097,-0.15547403360248194,0.18516890510093847,0.5107338897971304,-1.1122998863165308,-0.8671751040427685,-0.6316930174873175,planck_anchor,0.54
0.45760273972602744,90.01496855374515,56.42073218486529,0.5599828013152081,1.8272297403715856,0.54678449048307,0.00023305708683829136,0.4529824524300917,0.18594404057502237,-0.8631705344747183,86.75486187344862,90.14582340429652,93.60653518697681,45.989875013200894,56.17079117155542,66.49082547005311,0.5178354963511471,0.5583582499483761,0.6028600718835037,1.4772041730201375,1.820840276544217,2.1396204758309825,0.5056305610840196,0.5451982283884298,0.5886511808277143,0.41109791715923405,0.4545693906405127,0.49415392295378013,-0.1690703663981881,0.1805852287218046,0.5152958124800084,-1.1240105883526448,-0.8681586129201043,-0.6223773143489344,planck_anchor,0.54
0.4665753424657535,90.52231804716031,56.66760252727477,0.5537233322486965,1.8361727886785655,0.5507188367311011,0.00023617898972024042,0.44904498427917866,0.18307156252638118,-0.8641030268416919,87.2604092132364,90.64435784973688,94.12429999558984,45.97932523747425,56.421622884133455,67.0636201892558,0.5121540975638235,0.552233344607071,0.5958949057864414,1.4781653633296525,1.8297727578857206,2.152202477360842,0.5093751561668632,0.549236933742821,0.5926615878655177,0.40708424575096264,0.45052752279021063,0.49040639532230285,-0.18765097806825784,0.17747171982048088,0.5181008588824316,-1.1366832365812427,-0.8726516886477143,-0.6185000900055619,planck_anchor,0.54
0.4755479452054795,91.03187575520276,56.91294491094941,0.5475416667444323,1.8450191918437857,0.5546271450460202,0.00023931030338663657,0.4451335446505932,0.18018051549217853,-0.8650738131230475,87.72884615237089,91.1696587991185,94.72157315488506,45.93808045474373,56.68240739036146,67.41034508897367,0.5057156029283897,0.545887937828954,0.5895482839312882,1.4830363689417843,1.837971211270241,2.165433938351236,0.5122598298775984,0.5529520160051103,0.5971773500412165,0.4025649801096056,0.4468093964755257,0.4875191404515754,-0.19604520989876534,0.1710121114518288,0.5234495580244345,-1.1481382143990964,-0.872646332130273,-0.6131208603094586,planck_anchor,0.54
0.48452054794520555,91.54362796810578,57.156759335889234,0.5414369829933684,1.8537693026028812,0.5585094522408243,0.0002424508388656585,0.4412480969203101,0.17727114252494577,-0.866083545166382,88.22542236717099,91.69286357803205,95.24312013152573,45.97310901121539,56.848607527390705,67.82647493226828,0.5001922223671434,0.539675976265539,0.5829303517193007,1.4875528026573293,1.8463918025348898,2.178065452707008,0.5159641710932323,0.5566929178446793,0.6013111805428433,0.39842778824352726,0.44306541988016934,0.48381184711809017,-0.2018685268297637,0.16433252616338562,0.5269317036607705,-1.1621537502248447,-0.8722274874477922,-0.607193497502457,planck_anchor,0.54
0.49349315068493155,92.05756097610264,57.399045802094236,0.5354084590598095,1.8624234848788124,0.5623658044702853,0.0002456004116516463,0.43738859511806305,0.17434366982134994,-0.8671328945112756,88.70805044252815,92.1776474499678,95.78962934886539,45.9473126801356,57.114202522712574,68.17898048617857,0.4945009988593835,0.534014341756278,0.5766045809405932,1.4893933806306892,1.8558444955080522,2.193500909936178,0.519398689597192,0.5609014945856355,0.6056361148856739,0.39409938738358813,0.43885354450658665,0.4803744748965194,-0.21076619100796834,0.16231996580903407,0.5293725348988982,-1.1698398776408314,-0.8746725916202964,-0.603012273530197,planck_anchor,0.54
0.5024657534246576,92.5736610694266,57.639804309564404,0.5294552733376987,1.870982113244318,0.5661962569007472,0.00024875884168258015,0.4335549842575703,0.17139830717534618,-0.868222552771976,89.21377065080321,92.69078010068081,96.34156378501189,45.88474088456432,57.4165455821569,68.6087700374241,0.488851301206005,0.5281181410799043,0.5700859898623177,1.4898052389025889,1.866941314589833,2.2074522177798532,0.5227746154628616,0.564766335777152,0.6096464986301586,0.39008565262484046,0.4349855336183147,0.47699570303321,-0.22196438307301528,0.16239987986646448,0.5331369930939398,-1.1794704833253296,-0.8762611230939892,-0.5989653607516381,planck_anchor,0.54
0.5114383561643836,93.09191453831093,57.879034858299754,0.523576604985585,1.8794455723994803,0.5700008733865811,0.00025192595331530296,0.4297472006601036,0.16843524842647573,-0.8693532320336588,89.75455798056629,93.25316425924174,96.81208079082106,45.8604667312305,57.69307455838202,68.91162962442242,0.4841111115901759,0.5217674741962618,0.5632369464448426,1.4911398005951424,1.8735184562541503,2.218482604386728,0.527036070357166,0.568031331355548,0.6131778011853495,0.3865511897525107,0.4317176131788446,0.4727309930445663,-0.23209056278415338,0.1565174600087269,0.5390681735978862,-1.1844180326293798,-0.8791535313366553,-0.5956527001193702,planck_anchor,0.54
0.5204109589041096,93.6123076729889,58.116737448300285,0.5177716343409345,1.887814256664128,0.5737797261533277,0.0002551015752986229,0.42596517227137365,0.16545467190295038,-0.8705256652629629,90.28196821904493,93.78865887574582,97.368336076787,45.908684931391676,57.912121592877,69.25552264592613,0.4785955544305224,0.51582632902,0.5566755156489023,1.4912366781550797,1.880216725636482,2.2311509715663376,0.5303659141329575,0.5716239943976644,0.6168918954624886,0.3828338353586814,0.42812186246202816,0.4693982860051563,-0.2375079313177517,0.15316534022721223,0.5438311637511941,-1.1946876775176667,-0.8782565651111349,-0.5894534609081891,planck_anchor,0.54
0.5293835616438357,94.1348267636938,58.352912079565975,0.5120395433144438,1.8960885694848084,0.5775328954875406,0.00025828554074442414,0.42220881897171497,0.162456740859209,-0.871740606733519,90.81002308011867,94.28118784595026,97.95620947231679,45.902620124104544,58.17512217255293,69.59654959360492,0.47286834122553034,0.5104510083729857,0.5502202826281994,1.4951534076131423,1.8865152386137338,2.247170177011414,0.5333514293146336,0.5757411760855881,0.6205972119366062,0.3791252432036603,0.4240013396703871,0.46641004407778486,-0.25145938196645934,0.14785767890161716,0.5453398922602019,-1.2073002887443034,-0.8777525121377556,-0.5842121203918701,planck_anchor,0.54
0.5383561643835617,94.65945810065888,58.58755875209685,0.5063795157649918,1.9042689229560448,0.5812604694333336,0.00026147768709691146,0.41847805287956946,0.1594416039076562,-0.8729988324672145,91.28588055307641,94.76433484509226,98.49979448208894,46.02255803828022,58.33396641330326,70.01685406342669,0.46766353765355095,0.505259304297899,0.544498825195425,1.4982504345997432,1.8941264079959312,2.256401345648673,0.5368193597300122,0.5799746065124308,0.6250166779769099,0.3747021607813602,0.4197644942407416,0.4629391542375592,-0.26309468971972727,0.14878946975880322,0.5493517508648063,-1.218058372076645,-0.8813700453209208,-0.5798344563973862,planck_anchor,0.54
0.5473287671232877,95.18618797411742,58.8206774658929,0.5007907378558681,1.9123557373556124,0.5849625434956348,0.0002646778561001115,0.41477277864826506,0.15640939544430738,-0.8743011406919856,91.78538581910387,95.3007352213555,99.05402875778522,46.055293967575345,58.543475968055176,70.38346416695518,0.4624447668622971,0.499587605033139,0.5385885077868423,1.5013580775808195,1.9020897344213545,2.2652655647276663,0.540171466046305,0.5835571907545677,0.6291132794536328,0.3706020658177843,0.4161787672689363,0.45958412270523247,-0.2705652014041065,0.14548262686621238,0.5490550428285874,-1.2285619742439857,-0.8825498879267543,-0.5759683285861282,planck_anchor,0.54
0.5563013698630137,95.71500267430265,59.052268220954105,0.49527239839289,1.920349440693542,0.5886392203501248,0.00026788589376374497,0.4110928937561114,0.15336023606811258,-0.8756483523169369,92.26504909098898,95.78358323285593,99.61189617319378,46.12130188663224,58.83350246944893,70.73071738359072,0.4572795146097989,0.4945634331985273,0.5330030849737933,1.5065981182874795,1.9098766394040636,2.2713544989285803,0.5434840662137326,0.5877966038008902,0.6334827488898261,0.3662289572172366,0.411935893774676,0.4562685977104664,-0.28070195734772213,0.14185404595392226,0.5534966368016069,-1.2356359722330579,-0.8842371053168906,-0.5707743352132738,planck_anchor,0.54
0.5652739726027398,96.24588849144791,59.28233101728051,0.48982368914501706,1.9282504682745918,0.5922906095598461,0.0002711016503275857,0.4074382887898263,0.15029423299374303,-0.8770413114256336,92.82802912645413,96.3227488846972,100.1267537571178,46.409458646789645,59.07396793906043,71.05730005422102,0.4525888860526852,0.48904229776799424,0.5265576253890845,1.514167721768895,1.9160637295471303,2.2774562018325946,0.5472666045777823,0.5913457577993901,0.6367089706389277,0.3629995966590632,0.4083835730252657,0.45248290203725505,-0.2920308960247197,0.1407726619831941,0.5580242492227778,-1.2456609636299356,-0.8844752094763662,-0.5649386514777976,planck_anchor,0.54
0.5742465753424658,96.77883171578641,59.51086585487208,0.4844438051480584,1.936059262273891,0.5959168272984464,0.0002743249802244122,0.4038088477213292,0.14721148045765423,-0.8784808857884447,93.35536015523311,96.87646312035207,100.5872740292281,46.57833819515598,59.23759613865937,71.50642268703054,0.4484541867956605,0.48346785966076555,0.5206257577626959,1.5182401344700103,1.922879463346853,2.289393446754303,0.5516458118445732,0.5947163117128956,0.6404244341218793,0.3592807522192713,0.4050099159534897,0.44810024294110695,-0.30037840296669815,0.13787257254078072,0.5563763742955098,-1.2584363191520749,-0.8879717338862964,-0.5594203833826106,planck_anchor,0.54
0.5832191780821918,97.31381863755145,59.73787273372883,0.4791319449920472,1.9437762713254974,0.5995179960800244,0.00027755574204165986,0.40020444817793394,0.1441120601172573,-0.8799679673948518,93.84756141218504,97.42006644426935,101.16896412547567,46.65874411236201,59.46961605656929,71.92721167490834,0.4433120645055449,0.47808744463835556,0.5151790372523897,1.5240352853742687,1.9287608880304568,2.297110915566137,0.5546980603743176,0.5982110559657299,0.6446222324856996,0.3550793300975022,0.40151199335952525,0.44504513393717443,-0.3107431275615562,0.13369757140330935,0.5607809470918274,-1.2707309981643364,-0.8887738273887051,-0.5569711007956002,planck_anchor,0.54
0.5921917808219179,97.85083554697628,59.96335165385075,0.47388731109285576,1.9514019501235778,0.6030942444955302,0.0002807937984818706,0.39662496170598793,0.14099604144305963,-0.8815034730066755,94.34323562394088,97.95804425667168,101.73927677879166,46.76823328118077,59.723161298866486,72.21957344680654,0.4383559087440935,0.4728506074677449,0.5097798021328601,1.5298662604631112,1.9363241779125668,2.3052661726988397,0.557875088477245,0.6017748802185882,0.6487729412239016,0.3509249974976478,0.3979449402638824,0.44186517124733093,-0.31826176753410146,0.1311352053834997,0.5595013698139901,-1.282274005685577,-0.8900406121803632,-0.555151573090663,planck_anchor,0.54
0.6011643835616439,98.3898687342942,60.18730261523784,0.46870910994860115,1.9589367590359503,0.606645706955673,0.00028403901632204065,0.393070254028005,0.1378634821036432,-0.8830883447332201,94.86513704734003,98.51611173657393,102.32232454877688,46.81152232598133,60.086489258499476,72.51948132689499,0.4333745089746795,0.4675086326331227,0.5041861203854395,1.5339257493047433,1.9459488148394757,2.3166424604888176,0.5609124717083958,0.6050919406765995,0.6525632614053608,0.34713120041192025,0.3946247477996502,0.43882490214115094,-0.32666002556395973,0.12729968149555457,0.5619708285848384,-1.289652430447684,-0.8905423809330237,-0.553047016506719,planck_anchor,0.54
0.6101369863013699,98.93090448973844,60.4097256178901,0.46359655238138586,1.9663811637297082,0.6101725234402786,0.0002872912663719574,0.38954018529334944,0.1347144283433845,-0.8847235506293695,95.34231866311937,99.04535002060467,102.86889353019036,46.79600015956667,60.30329970645475,72.82575012562538,0.4287814812182749,0.4625258125567362,0.49915192060361463,1.5367522660678195,1.9532808261915475,2.32284117946642,0.5643499224821245,0.6087632463061015,0.6569694822152394,0.3427211928196685,0.3909501259661111,0.4353843611873651,-0.3370723564397223,0.12405535020164071,0.5576308380634395,-1.298568625169618,-0.8908778953519338,-0.5517792931796939,planck_anchor,0.54
0.6191095890410959,99.47392910354232,60.63062066180755,0.4585488537648996,1.9737356348086583,0.613674839254037,0.0002905504234316163,0.3860346103225314,0.1315489153528209,-0.8864100853177284,95.83522271791283,99.60204838994035,103.41389510210163,46.79700151536069,60.52038640542375,73.03781101605722,0.42427395769113957,0.45736994145920606,0.49403059356211215,1.5405435582544487,1.9611965132395541,2.3299003340122533,0.5678048274421711,0.6120971037221496,0.6611599671476762,0.3385270001253437,0.3876130928489141,0.4319263397452594,-0.34683467341298807,0.12172523592766514,0.5573107169270382,-1.309178417267792,-0.8920642085289621,-0.5490000242641587,planck_anchor,0.54
0.628082191780822,100.01892886593905,60.84998774699018,0.45356523423839823,1.9810006474623088,0.6171528047885713,0.00029381636624780137,0.3825533788451809,0.12836696763160377,-0.8881489706359351,96.35998160739472,100.13054961340855,104.02821695962142,46.824664624569586,60.71132610349067,73.19075002397324,0.4192777809728325,0.45255457840507246,0.4886644441142452,1.5432737447449851,1.9688422377332953,2.3381231117207952,0.5704988808223029,0.615777635275722,0.6649112619752526,0.3347721846373934,0.38392920305376527,0.42922951398233694,-0.3546658007408466,0.11926437318417686,0.558183522868531,-1.3231547370188894,-0.89478093453077,-0.5451381657460981,planck_anchor,0.54
0.637054794520548,100.56589006716194,61.067826873437966,0.4486449189075599,1.9881766811261248,0.6206065752907568,0.0002970889774699129,0.37909633573177326,0.12516859934397473,-0.8899412563103425,96.91282775008817,100.62460432093049,104.60640707101176,46.96416930646109,60.938579361895336,73.50426428128407,0.41465565133667426,0.4481215048704882,0.4831051203248636,1.5481392170813628,1.976890180323625,2.3471669437011795,0.573589520032064,0.6198825412511043,0.6682750692023729,0.33140502255803916,0.37982071637189874,0.42613589840406213,-0.36221410571333557,0.11737272196479585,0.5567306029017373,-1.3374655092285865,-0.8987600679934935,-0.5426467932171006,planck_anchor,0.54
0.646027397260274,101.11479899744425,61.28413804115093,0.4437871380327123,1.9952642191528207,0.6240363106372231,0.0003003681436051231,0.3756633212191718,0.12195381466673094,-0.8917880206573057,97.353298360902,101.15261446551226,105.1992453429258,47.1677604003297,61.18174362566532,73.72747616617879,0.40999532852763315,0.4434553924657133,0.47874343374591266,1.5501284679961602,1.9832653132639029,2.355426912318695,0.5765195749634843,0.623569822850718,0.6731905017819005,0.3264854706288933,0.37613003354080093,0.4232029281801117,-0.36974081376399665,0.1141044218536933,0.5548119480611606,-1.3523808984410994,-0.9023563217879231,-0.5424340319846447,planck_anchor,0.54
0.655,101.66564194701927,61.49892125012907,0.43899112720490063,2.0022637484943897,0.627442175114948,0.00030365375497293066,0.372254171130079,0.11872260812965396,-0.8936903713133788,97.85235200819423,101.7214804266907,105.78071031697198,47.34625789307444,61.36522471104403,73.93100999431827,0.40550031830118316,0.4385093043388441,0.4738726232085355,1.557907636248457,1.9927428012422086,2.362528929051907,0.5795743602944007,0.6267535143007228,0.6772976741614439,0.3223745442673605,0.3729431652251236,0.4201451518172019,-0.3793647932278549,0.10870046030485615,0.5568237672304008,-1.3668900376598223,-0.9036475007205047,-0.5420060541971368,planck_anchor,0.54
0.6639726027397261,102.21840520612022,61.712176500372394,0.4342561275102654,2.009175759394644,0.6308243372078745,0.0003069457056591919,0.36886871708646635,0.11547496494838398,-0.8956494459957909,98.36450911557765,102.29747087982165,106.32388509695224,47.52607017024603,61.58143626229365,74.14226628868902,0.40136775761371407,0.4335851141828091,0.4689508216846785,1.564493433652215,2.000770482981529,2.3663347063220654,0.5830488820616511,0.6298495863391254,0.68122375835752,0.3184447726504205,0.36984394224825645,0.41666741875304114,-0.38830261581638326,0.10385576429844828,0.5552865715138237,-1.3802326402471932,-0.9061719974250113,-0.5408505121353614,planck_anchor,0.54
0.6729452054794521,102.77307506498042,61.923903791880875,0.4295813856831768,2.016000745091994,0.634182969389453,0.0003102438934696912,0.36550678671707737,0.11221086134975626,-0.8976664132946148,98.87544125698454,102.84641628304973,106.87787296543843,47.696050989191725,61.863650451021726,74.30985379243617,0.39721767063468955,0.428968923148819,0.4641168197397314,1.5726507974050303,2.0096012465209636,2.36974495060561,0.5864050218480739,0.6332788023989278,0.6851669851058425,0.3144978294927886,0.3664113960283538,0.4133081073497924,-0.3972453592739775,0.10034512202837644,0.5527787484044225,-1.3937156475418364,-0.9091929609865659,-0.5396103707992131,planck_anchor,0.54
0.6819178082191781,103.3296378138331,62.134103124654544,0.42496615424856593,2.0227392015322248,0.6375182479210348,0.00031354821988332306,0.3621682038590818,0.10893026488958693,-0.899742473498151,99.3701721201928,103.39234144838132,107.49973902079637,47.9499081210512,62.07309722780056,74.4305762934989,0.39263529547385423,0.42445085804401544,0.45950693817851024,1.5781496995687014,2.0148927363756775,2.375934389613384,0.5890167090719415,0.6367452199276262,0.6893350334054555,0.3103259335184995,0.3629416120479626,0.4106935970389607,-0.40560060070159837,0.09539932449318748,0.549662577137518,-1.4080525731803109,-0.9120144458677817,-0.5381841078386272,planck_anchor,0.54
0.6908904109589041,103.88807974291157,62.34277449869339,0.4204096916538775,2.02939162709101,0.6408303526560142,0.0003168585900049429,0.35885278875398086,0.10563313476294786,-0.9018788594530825,99.85332236561403,103.96390125017675,108.12176065276512,48.06119118234544,62.26594641248794,74.69078642547969,0.3881306492711802,0.4197967031483151,0.45507095564652716,1.5917796828897184,2.023728067131796,2.3826280790252476,0.5916274191267544,0.6398959744815997,0.6936645057901432,0.3059925117710099,0.3597876289317159,0.4080800506754237,-0.4148741215214457,0.09082228996888286,0.5473581194401029,-1.4222135250270318,-0.9138167404198185,-0.5368261291041629,planck_anchor,0.54
0.6998630136986302,104.44838714244905,62.549917913997405,0.4159112623910578,2.0359585223059384,0.6441194668496355,0.00032017491251795123,0.35556035823784654,0.10231942210696013,-0.904076837461058,100.33141814803471,104.48487056350223,108.73004402347995,48.28404222958872,62.34622989441549,74.96737956884974,0.38380005496565583,0.41562086290452793,0.4507443122191093,1.5983111389656086,2.0287204488464283,2.3923567377923134,0.5943890178883845,0.6436697267744049,0.6980652180538802,0.3015877920139332,0.3560103218670864,0.4053155269024525,-0.4229502010986164,0.08744341282814866,0.5456376116605285,-1.433827933762203,-0.9182301037882247,-0.5358333059926488,planck_anchor,0.54
0.7088356164383562,105.01054630267885,62.755533370566596,0.4114701371089792,2.0424403896177865,0.6473857769743682,0.00032349709963666465,0.3522907259259952,0.09898907029613546,-0.9063377082134432,100.84090031804153,105.03300729377878,109.27520379249138,48.60016253731528,62.54384583529243,75.23229531677237,0.37998016475791313,0.41129417684389424,0.4462011940069756,1.6042777990513757,2.036841725480797,2.3965251738482904,0.59784108738734,0.6471089302176898,0.7020298209213419,0.2976193764830436,0.3525677110223252,0.4018601728740187,-0.42522525476141515,0.0848711392119726,0.5465902469837498,-1.444108950108861,-0.9202200159591343,-0.5370913158504426,planck_anchor,0.54
0.7178082191780822,105.57454351383424,62.95962086840096,0.40708559271669,2.048837733120826,0.6506294725407535,0.0003268250670585303,0.3490437023921879,0.09564201523033132,-0.9086628077660532,101.35447584702463,105.59004346131242,109.89798360927371,48.807719635527455,62.704142522256475,75.31827091607603,0.37568574132308935,0.40696608780348337,0.44169074807299513,1.6090057035792662,2.0403231643994855,2.4017744191057093,0.6004442802480496,0.6504384723677267,0.7059375806622143,0.2937078118278644,0.3492347985086772,0.39925410377782206,-0.4317676395954571,0.08238611065321744,0.5398556914194845,-1.4543183706435097,-0.9228550780166176,-0.5405489330387302,planck_anchor,0.54
0.7267808219178084,106.14036506614848,63.1621804075005,0.4027569124778693,2.0551510583219126,0.6538507459236307,0.0003301587339162347,0.3458190953424531,0.0922781856153556,-0.9110535085557998,101.85619554465165,106.18159210863979,110.52722223512681,49.018725723939205,62.917341063754414,75.31845493458441,0.3714203179269751,0.4024442177451929,0.437350149713358,1.6207572116369446,2.0448292014906055,2.4060788480586632,0.602977737697026,0.6533431055135654,0.7100107105811715,0.2896307729856304,0.3463269920830587,0.39671779164556653,-0.4381412174239031,0.08005104879148928,0.5371562851379879,-1.4612836397755828,-0.923783656683445,-0.5405411247907287,planck_anchor,0.54
0.7357534246575343,106.70799724985481,63.36321198786522,0.39848338609685036,2.0613808719081366,0.6570497921936355,0.00033349802272975433,0.3426167097836348,0.08889750323631106,-0.9135112204612451,102.35621660162931,106.77068257382027,111.16393451572782,49.257102827275375,63.14454144443171,75.51275596148162,0.36717773421120736,0.3980156278514695,0.4330875632619055,1.6247514351205326,2.048582693530225,2.410542179496628,0.6054306462427207,0.6562785167311006,0.7141077981447421,0.2855297429647344,0.3433883767215872,0.3942620560063008,-0.43764090599082694,0.07622107062303932,0.5323967070571551,-1.4743455389322935,-0.927660188444966,-0.541787005465743,planck_anchor,0.54
0.7447260273972603,107.27742635518653,63.56271560949511,0.3942643097965685,2.067527681522807,0.6602268089538833,0.0003368428593583987,0.3394363481867583,0.08549988322372358,-0.9160373919092076,102.85961094801533,107.3330255468698,111.77435007064226,49.38513747200959,63.345529454400165,75.65818463984073,0.36317826578696866,0.39385595277247376,0.42885887681363494,1.632764079646693,2.056635911138669,2.4137276752535017,0.6081707665237482,0.6595429827788204,0.7181581510035965,0.2814754499926447,0.34012052324490344,0.3915189492266639,-0.436896541437023,0.07204276588924155,0.5257759162102013,-1.488064215500894,-0.9294754435543024,-0.5391397633629657,planck_anchor,0.54
0.7536986301369863,107.84863867237692,63.760691272390176,0.3900989863887778,2.073591995549545,0.6633819961817282,0.0003401931729528843,0.3362778106453189,0.0820852343125488,-0.9186335110296386,103.37549487215264,107.91905110997074,112.38602788893242,49.556855969276896,63.56227709036698,75.81599761831966,0.3592357204065821,0.3895901259768305,0.4245892135068468,1.6412794394222596,2.063434582212867,2.414896372746267,0.6108975352876108,0.6625166546975567,0.7220342780708768,0.2775954509036032,0.3371435958908028,0.38878918643219046,-0.4432906598898688,0.06689723221866271,0.5223665577953125,-1.4983578849024664,-0.9305319318253666,-0.5391352238848103,planck_anchor,0.54
0.7626712328767125,108.42162049165924,63.957138976550404,0.38598672533686934,2.0795743229042767,0.666515556075507,0.0003435488959074881,0.33314089502858546,0.07865345909412545,-0.921301106861131,103.87496285052175,108.4943658268173,112.98638411026077,49.797720995746936,63.69034692216683,76.04251342703759,0.3554282474043517,0.38546929781406547,0.4205159029340618,1.6463248033268176,2.067201568928132,2.418536635612844,0.6137476768324133,0.6656220707029481,0.7261399744721165,0.27348574381123003,0.33403484093940256,0.3859359729566733,-0.4405158036377422,0.06606668439835621,0.5181730149516993,-1.5090013765437447,-0.935543608310323,-0.5393650495036397,planck_anchor,0.54
0.7716438356164385,108.99635810326676,64.15205872197582,0.381926842811612,2.085475172834896,0.6696276929061568,0.00034690996381231225,0.33002539713003093,0.07520445426117629,-0.9240417506095291,104.34858698526749,109.0730329473164,113.6748358039509,50.01149725787694,63.8816752738296,76.09394431525938,0.351136103757399,0.3813900669099252,0.4167072079192183,1.6553252101236389,2.074264439693758,2.4246765861492126,0.6156426642447429,0.6686865702398155,0.7306076844511031,0.2690138140501403,0.3309670073580928,0.3840383934883273,-0.44840103256005326,0.06153149921462661,0.5114370784989447,-1.518980981788093,-0.9417118477753295,-0.5403778214823544,planck_anchor,0.54
0.7806164383561645,109.57283779743274,64.34545050866642,0.3779186617401284,2.0912950547284064,0.6727186128736169,0.0003502763154057048,0.3269311108109774,0.07173811084593287,-0.9268570569622644,104.89570067220022,109.60442357521994,114.35192430258412,50.200709561255266,64.04749354620739,76.24097326147053,0.3469901972742924,0.37770087755980575,0.4123716310912278,1.66396611572859,2.0822524315179836,2.422016028177451,0.6176640315042659,0.6723309435507581,0.7340470311224789,0.2655707596083323,0.32731898198848897,0.3820143584243407,-0.45399817970222445,0.055187238550852974,0.5036778128083824,-1.5335813946372114,-0.9469565894850145,-0.5389520847321396,planck_anchor,0.54
0.7895890410958905,110.15104586439045,64.53731433662217,0.37396151184840704,2.0970344779253156,0.6757885239679058,0.00035364789252686585,0.32385782813956737,0.06825431445149079,-0.9297486854611643,105.38497454996227,110.15766204270071,115.00335661948661,50.50165183744132,64.28208022459555,76.39441531482902,0.3430703015824757,0.3739165943752063,0.40855146019514277,1.6723240064405835,2.0912842279160246,2.42602221257932,0.6199647968522168,0.6757073532806748,0.7382962671359845,0.26131737395191085,0.3239390413043508,0.3797107684525026,-0.4549784094044309,0.05181106813320895,0.498190390140693,-1.5540208105463276,-0.9496387180907278,-0.5402237618327008,planck_anchor,0.54
0.7985616438356166,110.73096859437317,64.7276502058431,0.370054729697643,2.1026939515411,0.6788376358347801,0.0003570246400686762,0.3208053395251512,0.06475294547648514,-0.9327183419366492,105.98113203896071,110.75196516762462,115.6114724567974,50.63905372086663,64.54041359185294,76.51341941521886,0.3394706975130433,0.36991443375256655,0.40396810602914446,1.682075760991258,2.0962097855808315,2.4306483956011227,0.6227335235607605,0.6785802734501654,0.7410491801402986,0.25856107597567607,0.32106283726571544,0.37693895892934987,-0.4561827554169762,0.04632005930719538,0.49709151696711334,-1.5684514634559596,-0.9543687030161455,-0.5423531765747859,planck_anchor,0.54
0.8075342465753426,111.31259227761416,64.91645811632922,0.36619765871468785,2.1082739842945273,0.6818661596458702,0.0003604065059307783,0.31777343384819906,0.06123387933319368,-0.9357677800063832,106.51313849440666,111.36532813214407,116.24917849584831,51.00149844388877,64.63718179931962,76.64484564583752,0.33575645586643893,0.36585092456710044,0.39994271786316427,1.6920348165527481,2.102051224960239,2.43470022992602,0.6251841312735684,0.6812205348691762,0.7447000236562396,0.25490635843253884,0.31841939987568924,0.37448542201760426,-0.4554312694364253,0.045922056600794216,0.48564851302042045,-1.58563097406749,-0.953586577339363,-0.5438822328981855,planck_anchor,0.54
0.8165068493150686,111.8959032043467,65.1037380680805,0.36238964921687994,2.113775084342649,0.6848743079731949,0.0003637934409729383,0.31476189858583214,0.05769698665917251,-0.9388988026416215,106.96873098418519,111.97982814954726,116.8788950031351,51.284311264160806,64.84667163289326,76.79135887189611,0.3321482463491851,0.3618466578607346,0.3965431662182959,1.7002592297097465,2.1071024771796534,2.437536944737862,0.6277215722206464,0.6838481174346984,0.7494204846417143,0.2501814360995524,0.3157886342190749,0.3719449928876186,-0.45982689908820845,0.04310939226571589,0.4807680452125363,-1.603359363270364,-0.9554449046839629,-0.544883439672631,planck_anchor,0.54
0.8254794520547946,112.48088766480404,65.28949006109697,0.3586300584315216,2.11919775912227,0.6878622946679591,0.00036718539896871843,0.31177051993307214,0.05414213352251815,-0.9421132638046932,107.40554338049272,112.52383148642937,117.54256467141869,51.54267755143269,65.0107822595169,76.95267059136211,0.3284080790678064,0.3583563755520353,0.39332429713992717,1.7083827419186717,2.11074936836357,2.4418153971317516,0.6298957088066061,0.687337363393882,0.7544067966935154,0.24519049601641232,0.3122957314189021,0.3697680487376878,-0.4607167454234413,0.04076093202094807,0.47613211132533234,-1.606339835020073,-0.9572415250509497,-0.5443650328523583,planck_anchor,0.54
0.8344520547945207,113.06753194921947,65.4737140953786,0.35491825051025194,2.124542515197713,0.6908303347435275,0.0003705823365594824,0.30879908291991304,0.05056918162089252,-0.9454130701612137,107.90662100561266,113.06604456838824,118.18956139426491,51.854316727488346,65.23997149983023,77.05445395770148,0.3248223584839191,0.3549275886636686,0.3896798764355514,1.7211801491004723,2.1176841590116133,2.4422845416357624,0.6322502106358887,0.690848510984511,0.758492072734401,0.24110104912137253,0.30878089692864275,0.36741063118219003,-0.4673293840765296,0.03572878310768112,0.47156563171234606,-1.6196143602716935,-0.9589692260560974,-0.5472159455651261,planck_anchor,0.54
0.8434246575342467,113.65582234782626,65.65641017092541,0.3512535965385637,2.1298098581146916,0.6937786442624893,0.0003739842132087628,0.30584737152430197,0.04697798847438867,-0.9488001828708911,108.42361128997271,113.64401129765488,118.85801074528526,52.14669666068222,65.44694922656456,77.26830379538838,0.3211790743129852,0.35132661266980236,0.3859725547530925,1.7305799550490983,2.1252109049624934,2.4425350119754707,0.6343769428646412,0.6939228620955286,0.7623538047666103,0.2372352452996894,0.3057030759500504,0.3652810936520244,-0.4684328142671978,0.03427697337545378,0.4654019498729137,-1.636222468628358,-0.9600800654091856,-0.5492793365015379,planck_anchor,0.54
0.8523972602739727,114.24574515085767,65.8375782877374,0.34763547454069915,2.1350002922601163,0.6967074402277044,0.000377390991157009,0.3029151687811386,0.043368407612375315,-0.9522766194609535,108.92504201213947,114.2313629998957,119.53721322959194,52.415194869718,65.55620917938256,77.27572683779069,0.3175396074426397,0.3477230177707052,0.38242712337706997,1.7434635431388559,2.126372330672995,2.446173971384426,0.6363913445961369,0.6968828884317961,0.7664345031349489,0.23315033626808596,0.30273962554064016,0.3632639363059554,-0.46733675138945474,0.03384516177966232,0.45811685894072374,-1.6335417965530044,-0.963278610144823,-0.5551191009551671,planck_anchor,0.54
0.8613698630136988,114.83728664854699,66.01721844581456,0.34406326948015264,2.1401143207276587,0.6996169404772467,0.00038080263537673844,0.3000022568873766,0.039740288754411705,-0.9558444557865103,109.39013528205297,114.82075826610586,120.1715305377201,52.589184557679495,65.6733590384321,77.30260881582872,0.314196231672516,0.3441623325609141,0.37918210968246835,1.754417389985584,2.1311303893604197,2.450991028760107,0.6388854196622867,0.6998183749680056,0.7710274562599282,0.2285528722451373,0.2998007127554976,0.3607668339676136,-0.4706856878207455,0.03250556281449152,0.4505207424215844,-1.6441121300736425,-0.9654489576485927,-0.5615689396918556,planck_anchor,0.54
0.8703424657534248,115.43043313112746,66.1953306451569,0.34053637325599906,2.1451524451889012,0.7025073635831369,0.00038421911352810905,0.297108417303335,0.03609347798537782,-0.9595058280823596,109.84857878750657,115.39993435154744,120.82355212783447,52.843753966313216,65.78117706992984,77.35293960634029,0.31081427594374755,0.3407164008741248,0.3760237533656115,1.76841837257488,2.130235089919685,2.456082153228282,0.6411923503780875,0.702878750422588,0.7757158305756928,0.22385991074144676,0.296736827342992,0.35845696524587023,-0.4806582496459325,0.024925184557978198,0.444508556576889,-1.651733808256301,-0.9737835368424824,-0.5576810541632441,planck_anchor,0.54
0.8793150684931508,116.02517088883235,66.37191488576441,0.33705418469526105,2.1501151657699094,0.7053789287537852,0.0003876403959149352,0.2942334308502999,0.03242781792489402,-0.9632629351110993,110.40878445329135,115.98520999995976,121.4975873664199,53.29930974524702,65.95668216476042,77.43579391335165,0.3073752321935102,0.3372864889812044,0.3722175984049355,1.7773170789420032,2.1330915586483625,2.455492615398447,0.6432675274633748,0.7058650896021124,0.7789680791637759,0.22060383958471072,0.29374700283268823,0.35637896540895175,-0.47909292602968623,0.017448283402074268,0.442549976646928,-1.663770262016727,-0.9798516491036018,-0.5619065991721655,planck_anchor,0.54
0.8882876712328768,116.62148621189495,66.5469711676371,0.33361610954151716,2.155002980933063,0.7082318557400377,0.0003910664554411568,0.29137707780452116,0.028743147891185133,-0.9671180404126043,110.92380739908562,116.54176293150496,122.10706753588451,53.502472889364974,66.1279082183193,77.63697749895228,0.30431444599034674,0.3340727055352,0.3687692012880502,1.7852443933204976,2.1407108341326637,2.4558920206420254,0.6460275108070689,0.7092011609344838,0.782858166312575,0.21670956060378468,0.2904072373859905,0.35361577029258623,-0.483059101565651,0.01046324451772884,0.43423108721623727,-1.6776434908127424,-0.9873448024643917,-0.5661746606051724,planck_anchor,0.54
0.8972602739726029,117.21936539054853,66.72049949077496,0.3302215604399485,2.159816387363983,0.7110663647447449,0.00039449726756778585,0.28853913798768727,0.025039304059476776,-0.9710734746603131,111.44153495056563,117.13481570932643,122.77970122548037,53.903757889388835,66.36974837624147,77.62719209518077,0.3009892700411565,0.33069845036138185,0.36535075008932777,1.79650873191108,2.146119810378126,2.4568092188714576,0.6481204491620715,0.7120932522149792,0.7867100784596626,0.21285345739056463,0.2875116808036805,0.3515199757561554,-0.4825292131677829,0.006531265638637989,0.42835571076741735,-1.6887684407099397,-0.9909365214243399,-0.5703228375908481,planck_anchor,0.54
0.9062328767123289,117.81879471502634,66.89249985517799,0.32686995691901294,2.164555879863407,0.7138826763357574,0.00039793281027033665,0.28571939085397224,0.021316119615053544,-0.9751316381300514,111.90714239771842,117.72278957578018,123.51000657854199,54.251390265899836,66.4952403309623,77.64480716587686,0.2974403427180139,0.32740331734719574,0.3623168826790255,1.8072694621922043,2.1522440923144597,2.457170666278896,0.6496085168279033,0.7150475333740476,0.791298620180674,0.2082602937779784,0.2845538845005353,0.350029378093425,-0.48615607972481306,0.0069227510929331815,0.42401538935044125,-1.7045334989743948,-0.9926030286609484,-0.5723459382318742,planck_anchor,0.54
0.9152054794520549,118.41976047556166,67.0629722608462,0.3235607253689271,2.169221951243853,0.7166810113622589,0.00040137306399675864,0.28291761557374434,0.01757342490108917,-0.9792950032874987,112.42737334507663,118.30434414668025,124.18332244537652,54.53162876200419,66.69887315099348,77.7878432454271,0.2942236750766895,0.3241923669837683,0.3589715779990063,1.8125317053164685,2.157353823554859,2.458151967936887,0.6516999885577975,0.7180800858353017,0.795115393802181,0.20443930641063082,0.28151775755711783,0.34793503062498093,-0.4880934925027184,0.0028239034410746833,0.41392222294788633,-1.7130048424834563,-0.9962076212094797,-0.5763868131935652,planck_anchor,0.54
0.9241780821917809,119.02224896238776,67.23191670777958,0.320293299017133,2.1738150922309303,0.7194615908743521,0.00040481801162587896,0.280133591114022,0.013811047561370261,-0.9835661175007644,112.9077122509852,118.86751256998102,124.917733566447,54.885552493235004,66.83343823437703,77.78278911415842,0.2907742641317873,0.32112772940776174,0.3559237289334458,1.821103831463396,2.160163859334115,2.4612608797566584,0.6531542036612644,0.7213359373504035,0.7994967519900902,0.20005339677455947,0.27825819000319496,0.34647828737180114,-0.4952925639767477,0.0004155934252531772,0.40766934354657325,-1.7253455303866305,-0.9981917386096999,-0.5813994367640731,planck_anchor,0.54
0.933150684931507,119.62624646573794,67.39933319597814,0.3170671179009167,2.178335791369148,0.7222246360458069,0.0004082676384263698,0.2773670963157667,0.010028812678021975,-0.9879476058849644,113.46809548949291,119.45048230845987,125.60801997309588,55.29400608670935,67.09750747102945,77.80899527917275,0.2875871107665478,0.3180008948774429,0.3524168184057415,1.8314666168008065,2.162577409033891,2.4596518068549513,0.6550742245991653,0.7243516202045059,0.8027452045312581,0.1968010102161279,0.27523890979044097,0.3445554673369401,-0.497290615359917,-0.004274447481599101,0.39972761431161213,-1.7334778373222501,-1.0019806749422404,-0.5847997774829653,planck_anchor,0.54
0.942123287671233,120.23173927584541,67.56522172544187,0.31388162883734116,2.1827845349320856,0.724970368099891,0.0004117219320162481,0.2746179099680927,0.006226542904347422,-0.9924421742861189,114.05076008296383,120.07527332339562,126.24430918120127,55.592646526773095,67.29411550897599,77.79590412002919,0.28469546222809455,0.31470018372895425,0.3488251536276924,1.8441642490403822,2.165434879386132,2.4687386731615146,0.657559267843701,0.7268609790390557,0.8056792013113327,0.19386324095673044,0.27272622532161145,0.3420672940351226,-0.4957407315955545,-0.009353070814649662,0.38928138200622014,-1.7530066181337671,-1.0106092141650285,-0.5913917267253187,planck_anchor,0.54
0.951095890410959,120.83871368294348,67.72958229617078,0.3107362853906476,2.1871618068367824,0.7276990082381929,0.00041518088232291614,0.2718858108794842,0.0024040585929118495,-0.9970526124121308,114.5630288037009,120.68304083045848,126.92177559142574,55.87790676711661,67.39617534726543,77.84726895128199,0.2816643538562592,0.31153845980074146,0.34571257997794697,1.8577050664757415,2.1721206943406814,2.4674913186940763,0.6596167895216147,0.7295775835771672,0.8096083830993452,0.18992970350098554,0.2700061637394522,0.34000687317742945,-0.4929552597866259,-0.01030564304308541,0.38101435116920856,-1.761466691331851,-1.011350551668244,-0.5967110317202214,planck_anchor,0.54
0.960068493150685,121.4471559772654,67.89241490816487,0.30763054783727684,2.1914680885622198,0.7304107775723616,0.0004186444815437523,0.2691705779460946,-0.0014388220810400984,-1.001781797119159,115.1079633523162,121.28785719380423,127.54362763821965,56.19570606055517,67.63618620459167,77.71352770527666,0.2789244814259985,0.3084391626197462,0.34244704083525535,1.8682767390797017,2.1769948263577006,2.4750668523703854,0.6622536311644033,0.7323306810285435,0.8130759806927217,0.18645799418436848,0.26724957407215916,0.3373667895131355,-0.4902124914715287,-0.01000345355935087,0.37249283626288743,-1.7724534091331714,-1.0125308276934857,-0.605398532844546,planck_anchor,0.54
0.9690410958904111,122.05705244904448,68.05371956142412,0.3045638831286516,2.195703859071754,0.7331058970586776,0.00042211272410725857,0.2664719902172152,-0.005302283000707493,-1.0066326958621872,115.63689806153383,121.85914227979181,128.21416888508767,56.36285891288491,67.89957833913343,77.90455655118915,0.27601463942852716,0.3055539649276132,0.33932169103070153,1.8737778765885862,2.1792013986733307,2.4776467781390736,0.6643859336207094,0.7354890910143529,0.8167702950827267,0.1827594193342347,0.2640874240498352,0.33523152170542514,-0.48340131451287166,-0.014372011014098574,0.36471810412957345,-1.7847707581281838,-1.0171911589924625,-0.6052995011861051,planck_anchor,0.54
0.9780136986301371,122.66838938851393,68.21349625594854,0.30153576485186045,2.199869594739388,0.735784587435377,0.0004255856066347694,0.26378982695798825,-0.00918650999328205,-1.0116083703191798,116.10798092362083,122.47024746133505,128.91320626278969,56.61899289618963,68.03938662722004,77.83720596251295,0.2730293527647991,0.30251225460368636,0.3365735714835049,1.883305004843986,2.1868248328501236,2.4763622717725906,0.6662254136934306,0.738167343290342,0.8212811722593049,0.17824379000290833,0.2614056928917733,0.33338923446353813,-0.4863134317199897,-0.015109819506802262,0.36247879339032485,-1.8006419415827475,-1.0171373865954019,-0.6133347717614268,planck_anchor,0.54
0.9869863013698631,123.28115308590706,68.37174499173815,0.29854567318837116,2.203965769279739,0.7384470691626508,0.0004290631279027288,0.26112386770944646,-0.013091690719824321,-1.0167119801988527,116.70447218428963,123.12611446907854,129.53732705221572,56.969159013954254,68.0717546294971,78.03036743989736,0.27040473773598106,0.2992979953129469,0.3331419794903869,1.8931091715038373,2.1875324771795226,2.4768463286730333,0.668840998217516,0.7403079236912932,0.8240203776609365,0.17550083817773462,0.2592619319603646,0.3307703821741888,-0.4849845090000345,-0.01983125896569305,0.34804350748908286,-1.8195748701162835,-1.0244669089098462,-0.6158748178695719,planck_anchor,0.54
0.9959589041095891,123.89532983145712,68.52846576879293,0.2955930948709062,2.2079928536816062,0.7410935623652462,0.0004325452888055419,0.2584738923459483,-0.01701801456935437,-1.021946787242735,117.22604012965837,123.7800400039995,130.1969696118895,57.16740367485878,68.10854128559083,78.23375616745706,0.26767172130730643,0.2961439936160185,0.3301839757783479,1.898638420966045,2.1904956544816327,2.485337528151278,0.6710907424096044,0.7424747431864563,0.8278177775173069,0.17169905989993933,0.2570919053873115,0.3285175700171506,-0.48070552020543683,-0.025317622977601664,0.34074263354125206,-1.8362282348083336,-1.0312118737802578,-0.617500561336691,planck_anchor,0.54
1.0049315068493152,124.5109059153974,68.68365858711289,0.29267752313859574,2.21195131614499,0.7437242867775883,0.00043603209231900025,0.2558396811300927,-0.020965672557050775,-1.0273161594329197,117.79189081387955,124.42696792027655,130.8707372052227,57.34131990134,68.35028206774669,78.3937488188569,0.26492265134001874,0.2930725390925814,0.3270192894684861,1.8980572602501176,2.1921919320683845,2.487796477705993,0.6731962461831448,0.7447280637519638,0.830990317310058,0.16852248810292175,0.2548353156594396,0.3264090710385955,-0.47951499543160997,-0.026855485558956768,0.33915984304428304,-1.8396835452288012,-1.0326520540095006,-0.6187252622255802,planck_anchor,0.54
1.0139041095890413,125.12786762796117,68.83732344669801,0.2897984576905305,2.215841622021479,0.7463394616913557,0.00043952354346428663,0.25322101476518005,-0.024934857226445235,-1.0328235754176618,118.41980275958183,125.09407325429136,131.58492219428229,57.66960567759619,68.38266527568595,78.45519891566367,0.26205466847160447,0.2899550615954085,0.3235604954340289,1.8995598238864653,2.193961807145759,2.4950546676209466,0.6748888236308749,0.7467427753424941,0.8332893415350718,0.16621992964390014,0.2528174636003442,0.324713730511801,-0.48687813743639113,-0.031528235219641744,0.3298168735379056,-1.8344967376768737,-1.035016380279554,-0.6220947924768838,planck_anchor,0.54
1.0228767123287672,125.74620125938165,68.98946034754833,0.28695540463782077,2.2196642337578742,0.7489393059054352,0.0004430196492725662,0.2506176744452922,-0.028925762555521695,-1.0384726291678414,119.06715905648737,125.65640296476786,132.2152218587806,58.00364816216347,68.60518419403584,78.72559504265016,0.25956208605760556,0.28736568716599425,0.32005174028281186,1.9067170783940481,2.1937304206628623,2.506571112954503,0.677444109535787,0.7500101228578575,0.8353190926087313,0.1641867915550184,0.24954622407311616,0.32215516232851243,-0.4900354203542945,-0.039301719211719835,0.32756557056143665,-1.8446588822390049,-1.0444946946451497,-0.6232852000697839,planck_anchor,0.54
1.0318493150684933,126.36589309989219,69.14006928966378,0.2841478764542731,2.223419610842942,0.751524037678181,0.0004465204187501537,0.24802944190306886,-0.032938583866601874,-1.044267034878161,119.68633482812055,126.27841630672475,132.8828389329839,58.067056340890076,68.78091968779627,78.92728938678546,0.2569604962476143,0.2845416886208377,0.3167488388879923,1.9056551056451794,2.196923189760923,2.513557973467113,0.67961792315162,0.7525656055871042,0.8377481799315409,0.1617540692988817,0.24698725514323003,0.31997827967833437,-0.48804428841388686,-0.05047468380991235,0.3220286660536092,-1.8605225162238643,-1.0575485200089134,-0.6185617337448877,planck_anchor,0.54
1.0408219178082192,126.98692943972597,69.28915027304444,0.2813753919257848,2.227108209757207,0.7540938746819192,0.0004500258628442733,0.2454560994552365,-0.03697351773992801,-1.0502106321279538,120.29105290328044,126.91000387886749,133.52120596543585,58.36999792561419,68.73811676855902,79.27127167288434,0.2545093047828967,0.28171662449665863,0.31357216970899915,1.9049970751939695,2.202518986175373,2.513544025957104,0.6820920140626857,0.7550083874606549,0.840382134449926,0.1591163448404219,0.2445410409163294,0.31750092912718275,-0.4890183586926259,-0.057196562964187105,0.317475406036161,-1.8638756839504131,-1.0641819351055555,-0.6130445696883056,planck_anchor,0.54
1.0497945205479453,127.60929656911634,69.43670329769029,0.2786374760985544,2.2307304839256603,0.7566490339596228,0.00045353599440940093,0.2428974300459678,-0.04103076193084546,-1.0563073913175072,120.89943802984011,127.5778965122339,134.16662991179925,58.53023693184728,68.77333448417983,79.36377661475052,0.25206650235010114,0.2787746886801519,0.310424223026375,1.90562805446962,2.203762859108522,2.5168221605336245,0.6844946995906791,0.7570216391409739,0.8429669682605618,0.15652775671093042,0.2425246015247936,0.3150950137766634,-0.4931813575477288,-0.058641138806934515,0.31134401445123694,-1.851367338093407,-1.067446599862386,-0.6113423065037448,planck_anchor,0.54
1.0587671232876714,128.23298077829654,69.58272836360129,0.27593366022620286,2.234286883673295,0.7591897318836879,0.0004570508281741899,0.24035321728813794,-0.04511051529046531,-1.0625614193968902,121.44000578257317,128.2720346040424,134.79014177518303,58.69132231924378,68.79960620989549,79.67542601034684,0.24973987935579092,0.2757656641216645,0.3076667792820636,1.9049266598573984,2.2051780613251513,2.52236367149449,0.6871215055581062,0.7587275160110123,0.8464986094164344,0.1529917776709645,0.24081571142609892,0.3124648304525345,-0.49606495529487826,-0.06175704327283947,0.3077383498877173,-1.8714527947302677,-1.0747157097140818,-0.6085053012473355,planck_anchor,0.54
1.0677397260273973,128.8579683574998,69.72722547077747,0.27326348171589515,2.237777856183381,0.7617161841167639,0.0004605703807089901,0.23782324550252712,-0.04921297768974666,-1.0689769659055801,122.00359607360008,128.8541804990302,135.50155042108497,58.90611648555549,68.81889094890546,79.84696151667964,0.2471244001516681,0.2732795482722814,0.3048308334894432,1.9060597909811192,2.2093312952413946,2.5312421902161297,0.6888540462987279,0.7617609693033742,0.8497095105013625,0.14977671410446308,0.23777843323663078,0.31072943928688473,-0.4985318415951172,-0.06705914958556777,0.3054817736797608,-1.8805592033710543,-1.085943685383913,-0.6053451446713786,planck_anchor,0.54
1.0767123287671234,129.48424559695948,69.87019461921882,0.27062648407354645,2.241203845458358,0.7642286055745476,0.00046409467039394323,0.23530729975505843,-0.05333834994686075,-1.075558429342372,122.60374899271532,129.49887396865722,136.11802943440765,59.03819687324138,68.91913856847344,79.71330202403998,0.24489102033616927,0.27056537352798704,0.30185380653504396,1.901715081326198,2.2132196571585796,2.5372447376222693,0.6915536135716027,0.7640560340423171,0.8524121888711899,0.14707016503319384,0.2354799760851567,0.3080264252492303,-0.5014119490173041,-0.07648643234676192,0.3033246100339607,-1.8972494646513802,-1.0911859667703865,-0.6150296700678833,planck_anchor,0.54
1.0856849315068495,130.11179878690876,70.01163580892533,0.268022216848198,2.2445652922832853,0.7667272103905076,0.0004676237173876683,0.2328051658921047,-0.05748683375778826,-1.0823103638866143,123.170402349577,130.13855417723147,136.80383087196844,59.025574771091684,69.09963375222154,79.93390055608278,0.24244187807934572,0.2679120228527221,0.2990828092077866,1.9011034811131062,2.2192376331507266,2.542828678264239,0.6935499118227746,0.76641198004973,0.8555817897346983,0.14389639451176767,0.2331205884905482,0.3060270949880372,-0.49584454651046944,-0.079738950650613,0.30311769255006815,-1.9114526079255336,-1.0998857732858105,-0.6161906942521325,planck_anchor,0.54
1.0946575342465754,130.74061421758097,70.15154903989703,0.2654502355756377,2.2478626341917347,0.7692122118824575,0.00047115754359652585,0.230316630573946,-0.06165863163002393,-1.0892374864932266,123.75121999906986,130.77281980428106,137.4630481730111,59.118140059170806,69.28374142194221,80.45414733596871,0.24012214715106067,0.26531950995094555,0.29628193970546535,1.8987078527948296,2.222888116114839,2.5569820104017675,0.6958173818587637,0.7688333998361951,0.8585552229307656,0.14091889518172757,0.23069567465000507,0.3037564163683522,-0.4951977181029589,-0.08167084474072012,0.30168604221894474,-1.9069410471587633,-1.1056277478345706,-0.6006547342644212,planck_anchor,0.54
1.1036301369863015,131.37067817920934,70.28993431213391,0.2629101017213425,2.251096305434058,0.7716838225209317,0.00047469617264446376,0.22784148130642384,-0.06585394681931495,-1.0963446843857023,124.29742118101713,131.35208777751495,138.09699761751511,59.11546407455898,69.4279643435901,80.69008152372395,0.23792259384234932,0.262984531656237,0.29368375298501903,1.8956589823580345,2.2307131560439903,2.5678152468770366,0.6983414310757724,0.7719022864608613,0.8620094839717417,0.13746025662553057,0.22762288297985406,0.30122898883604105,-0.49655617281435604,-0.08851452698909312,0.2955013908376662,-1.908382082679983,-1.1107636174986422,-0.6002564294705962,planck_anchor,0.54
1.1126027397260274,132.00197696202716,70.42679162563597,0.2604013826228136,2.2542667369479337,0.7741422538993039,0.00047823962984344247,0.22537950647085264,-0.07007298326935206,-1.1036370229730925,124.91084949977574,131.95433129209317,138.75587466656978,59.0785373640675,69.63526566719395,81.03171824646665,0.23566842434195812,0.2605894683273978,0.2908063192284353,1.8924370905255425,2.23477346632054,2.575748740645716,0.7006141186939978,0.774701410267087,0.8645325041985332,0.13493341604711545,0.22482000467465113,0.29895306494040574,-0.49864284441507867,-0.09183714060157155,0.2921122077642634,-1.9382629964877118,-1.118505153517065,-0.5919440112642045,planck_anchor,0.54
1.1215753424657535,132.63449685626767,70.56212098040321,0.25792365143137114,2.257374356331109,0.7765877167055847,0.0004817879421644304,0.22293049535225087,-0.07431594555430261,-1.111119754218875,125.45841385087638,132.61417532624762,139.3995593236389,58.94059355845568,69.72992278092752,81.39515620038293,0.23349702700863553,0.2580027069488807,0.2882734143009424,1.8842775669783693,2.2411288858830156,2.5903195893242192,0.7030410823352795,0.7768257466167428,0.8679684525110704,0.1314930677710519,0.2226923177695052,0.29652275738426664,-0.5022356310876248,-0.09822291505439507,0.2906793602495497,-1.9762364754110548,-1.1263001315527528,-0.592172609017912,planck_anchor,0.54
1.1305479452054796,133.2682241521642,70.69592237643559,0.2554764870534759,2.260419587816275,0.7790204206958574,0.00048534113820897787,0.2204942381659336,-0.07858303882413334,-1.1187983254918366,126.04959058312573,133.22887568095044,140.01015495364916,58.807879892800784,69.86168557233049,81.63934257026868,0.23146487493251092,0.2556274167195095,0.28557571856008673,1.8850139553756782,2.2469580344325877,2.6073970575368355,0.70580219074523,0.7794806481449079,0.8708015323799002,0.12865594550430998,0.22003372398843796,0.2937580841467932,-0.5050092095588316,-0.10086760047323712,0.29238210653300484,-2.0115631828419747,-1.1319965071394171,-0.591962806756201,planck_anchor,0.54
1.1395205479452055,133.90314513994997,70.82819581373316,0.2530594740916371,2.2634028522479754,0.7814405746692872,0.0004888992481813549,0.21807052608253147,-0.08287446875261152,-1.1266783889313048,126.67170355196792,133.85343742781527,140.6341771461542,58.73209728135431,69.93394010971863,82.14181011822386,0.2294153165486693,0.25324746099038686,0.2827775617378863,1.875330203276885,2.2493891698597883,2.6243969741793065,0.7084280778075523,0.7820210729522169,0.8732091977240709,0.12624448905121202,0.2174896646175719,0.29112870236760396,-0.5162632652958523,-0.10758186187531102,0.29478297131649533,-2.036415741673249,-1.1454857518153125,-0.5740021258831047,planck_anchor,0.54
1.1484931506849316,134.53924610985825,70.95894129229592,0.25067220278496716,2.266324567061491,0.7838483864446574,0.0004924623038612566,0.21565915125148136,-0.08719044148792594,-1.1347658113616714,127.24334908259641,134.48653948815706,141.2564610822835,58.31499389618615,70.14558832331632,82.33780924207632,0.22739845792715885,0.25086872573342617,0.2802425007473382,1.8746705230243674,2.2488003212758443,2.6404561181516093,0.711071719743535,0.7844629108886823,0.876314284485915,0.12313516038262409,0.21504424072498357,0.288481540780603,-0.5264510926326463,-0.11394228301592813,0.29818162898876244,-2.0439293478391223,-1.1569838517421347,-0.5693787576924596,planck_anchor,0.54
1.1574657534246577,135.17651335212238,71.08815881212385,0.24831426894943914,2.2691851462636126,0.7862440628383832,0.0004960303385770723,0.21325990682303972,-0.09153116360584526,-1.143066684793838,127.90716193457737,135.14125899407065,141.94570796620124,58.34854524621719,70.18953126959593,82.7432319388954,0.22519545829692306,0.2484438415472307,0.2773412412126272,1.869229309497192,2.2540162405659236,2.6574150970535686,0.7130423588351119,0.78665433199509,0.878152935818828,0.12129304982524258,0.2128493788332831,0.2865077927534471,-0.541421305058461,-0.11794900641229605,0.3010334183391174,-2.053340611634655,-1.1647251864049446,-0.5572699755537748,planck_anchor,0.54
1.1664383561643836,135.8149331569755,71.21584837321694,0.24598527391789995,2.2719850004152504,0.7886278096439464,0.000499603387179704,0.2108725869688739,-0.0958968420653075,-1.1515873375541577,128.4932632289495,135.79287778356206,142.63871343289824,58.24981814182221,70.34740364665265,83.1450989847364,0.2230125657272162,0.24606518594930318,0.27481690402393777,1.8578072105683603,2.25576909828282,2.6736161617928285,0.7149773985707406,0.7888840072987326,0.8810619010708093,0.11837993764612781,0.21061622701038163,0.2845696562937789,-0.5541120273812997,-0.12328000696508759,0.31242569801597553,-2.0555035066517666,-1.1729959015068585,-0.5524270697833074,planck_anchor,0.54
1.1754109589041097,136.454491814651,71.34200997557521,0.24368482447988932,2.2747245366157918,0.7909998316127159,0.0005031814860169497,0.20849698690126714,-0.1002876841664239,-1.1603343460848425,129.1538457068501,136.43045290859652,143.2553091513066,58.21354409548226,70.51378370753619,83.5850050107207,0.22109692864363303,0.2437707174764063,0.2720128838972296,1.8467497027439619,2.2553889156656854,2.6917573247040507,0.7176796244923139,0.7912786398886381,0.8829525836023271,0.11648574068632196,0.20821800126606244,0.2818638354611479,-0.568118723245875,-0.1303537147049177,0.3076615264297065,-2.089459917700869,-1.1861315089252078,-0.534616062987971,planck_anchor,0.54
1.1843835616438358,137.0951756153821,71.46664361919866,0.2414125328213152,2.2774041584891527,0.793360332436092,0.0005067646729084239,0.20613290289099953,-0.1047038975107574,-1.1693145474631375,129.76853311219753,137.08641690602548,143.87720815197025,57.839957557948324,70.74183120216136,84.03222852427378,0.21918970541368132,0.24144339994871286,0.26944204535376826,1.834803999395582,2.2632186976670825,2.713875387617475,0.7203288724130952,0.7934617718856822,0.8854744539395849,0.11395994282355855,0.20603139864622436,0.2792110122893653,-0.5761450411371409,-0.13906254778328653,0.3141235803099882,-2.132403673966949,-1.1863840728342014,-0.5067879997404572,planck_anchor,0.54
1.1933561643835617,137.736970849402,71.58974930408729,0.23916801646402933,2.280024266171458,0.7957095147289455,0.0005103529871210317,0.2037801322839335,-0.10914568996386294,-1.1785350526906564,130.43415758409094,137.71903126446958,144.6163531969108,57.64235637369448,70.74717948319073,84.71715549480867,0.21695484139713436,0.23923032964530375,0.266699059387102,1.8275379357759247,2.268724872992977,2.7316960884702475,0.7218065112488524,0.7959168300379327,0.8873050095119808,0.11212588988822796,0.2035726840068402,0.27773053574842427,-0.5995712084973307,-0.13945897995579545,0.31587658681815867,-2.146407711627553,-1.1962606506483089,-0.49167835582686015,planck_anchor,0.54
1.2023287671232878,138.37986380694414,71.7113270302411,0.23695089820534587,2.2825852563002806,0.7980475800142908,0.0005139464693449749,0.20143847351636426,-0.11361326961997156,-1.1880032608083049,131.09047739422707,138.34217412624596,145.289534417124,57.33506304171133,70.97822434305104,85.23998817428394,0.21494903162594642,0.23708002476322884,0.26403522554789755,1.8196644930240546,2.2766740525357347,2.744131974745888,0.7239455761287832,0.7984824766017886,0.8892672464335615,0.11016006119438666,0.20100329685337803,0.27558819944780255,-0.6178924956917744,-0.1431259105140108,0.3227621650907295,-2.159065091830377,-1.209496686876509,-0.4535840550346315,planck_anchor,0.54
1.2113013698630137,139.02384077824166,71.83137679766006,0.23476080605754765,2.285087522005389,0.800374728709162,0.000517545161670295,0.19910772612916766,-0.11810684476877831,-1.1977268738969955,131.70133001921673,139.04180055151386,145.95089013740147,56.89955527363564,71.2834002508946,85.98415438411581,0.21300542414645168,0.2347001791288048,0.26159162667841074,1.8130005672289056,2.283472442629897,2.766132714867005,0.7262036684394625,0.8001680321039668,0.891849584057049,0.1075737205269041,0.199314556390292,0.2733267475250768,-0.6328391405764644,-0.15332286128305958,0.32757547027514206,-2.205964578035461,-1.2214873707872365,-0.4223483627476521,planck_anchor,0.54
1.2202739726027398,139.66888805352787,71.9498986063442,0.23259737318741497,2.2875314529009327,0.8026911601116498,0.0005211491075639477,0.19678769078078628,-0.12262662386427256,-1.2077139130293704,132.32452012597406,139.64901597711028,146.62737987870284,56.58456736194625,71.56285842731921,86.67979961614371,0.21104448561326078,0.2326635759736255,0.25913346489279077,1.8043638161923778,2.285890831961433,2.7768595414711603,0.7283123651425678,0.8029196252509493,0.8942669416603716,0.10515245344234084,0.1965590773099623,0.271214776355952,-0.6424029010180196,-0.1510650489497677,0.34227164901590507,-2.2477312615603373,-1.2360572359116508,-0.40006082094659423,planck_anchor,0.54
1.229246575342466,140.314991923036,72.06689245629354,0.23046023785581768,2.2899174350790226,0.8049970723890472,0.0005247583518473971,0.19447816925910544,-0.12717281549550874,-1.2179727352432292,132.98062740631397,140.34955722955536,147.329872705744,56.35307478569757,71.73923474206238,87.30406128975956,0.20903669587024995,0.23034673746155365,0.25658272073650407,1.7833546422404996,2.2934219839488046,2.789259927621635,0.730164690286867,0.8046006157770622,0.8962428440593929,0.10317291665100581,0.19487488431168032,0.2693593328026642,-0.6610908204679917,-0.15978320030786236,0.35140908978072155,-2.2742797476301004,-1.2424030444228613,-0.37675182606222335,planck_anchor,0.54
1.2382191780821918,140.96213867699936,72.18235834750803,0.22834904335740266,2.29224585110463,0.8072926625670777,0.000528372940674729,0.1921789644922476,-0.13174562835930181,-1.2285120516135994,133.6346994248857,140.9271535219973,147.9554968741171,56.00624779587545,71.91899262435462,87.96249946148546,0.20727262507062763,0.22846246406808246,0.2540771882680109,1.7755075344883482,2.2946229629910215,2.813466739600533,0.7327802512780269,0.8076936439163696,0.8982505325997887,0.10116156254565312,0.1917777207007158,0.2667401441446133,-0.6841164333737636,-0.16462355462377404,0.3612572735821325,-2.3282802365026587,-1.2486233051539548,-0.34018170228141814,planck_anchor,0.54
1.247191780821918,141.6103146056512,72.2962962799877,0.22626343796041173,2.2945170800117856,0.8095781265201631,0.0005319929215112816,0.18988988055832556,-0.13634527123474877,-1.2393409465069234,134.3060054850269,141.52512043201276,148.60086093458585,55.61131747207935,71.97004604891728,88.55986390642681,0.20547619109409446,0.2265359330210706,0.2515436136286762,1.763042973416675,2.301165764440143,2.82532663476715,0.7352006640134291,0.8105531229344438,0.9000314381117386,0.09937712995781739,0.18891424345085675,0.26431621825360213,-0.7054804520754255,-0.1670717562534868,0.37368374780717245,-2.3908979975474174,-1.2517267712632023,-0.3145968002845508,planck_anchor,0.54
1.256164383561644,142.25950599922487,72.40870625373255,0.22420307484666088,2.2967314973009785,0.8118536589626856,0.0005356183431127748,0.18761072269420165,-0.14097195295952947,-1.2504688981082537,134.83844896653434,142.19214142830845,149.21992948905188,55.11184359142201,72.09720166642472,89.22594892382168,0.20377481067534575,0.22441556137445676,0.24956096757093446,1.74584031749358,2.303593606014026,2.85223568699427,0.7378816091811143,0.8126230862561753,0.9036762087018662,0.09572759326629426,0.18684078777305324,0.26163157534351056,-0.7203554674978899,-0.17324416772003842,0.3884540200575042,-2.4566050723317776,-1.2520434582073832,-0.2933326671473619,planck_anchor,0.54
1.26513698630137,142.9096991479535,72.51958826874257,0.22216761205170987,2.2988894749377558,0.8141194534412258,0.0005392492555049529,0.18534129730326923,-0.14562588240794166,-1.2619058003204717,135.49156131010406,142.84675620639064,149.91073289627303,54.79058501649562,72.27145349688499,89.88237693201353,0.2019011141442609,0.22236344388026433,0.2471608412767361,1.7319665264419193,2.3084021796201566,2.8726642359084438,0.7398541271535225,0.8148370670472632,0.9057055938714237,0.0936944928540103,0.18462320837066745,0.2596558148020917,-0.7402020073199587,-0.17509515358589292,0.3988571159934264,-2.513522958303972,-1.2624302467350228,-0.26383028149594157,planck_anchor,0.54
1.274109589041096,143.56088034207045,72.62894232501776,0.22015671240525012,2.3009913813524276,0.8163757023277196,0.0005428857099637118,0.18308141196231667,-0.15030726847058626,-1.2736619861433078,136.1738738778034,143.46435884040216,150.6677034943525,54.2959867406056,72.46852773034732,90.57191635682588,0.19987746105761728,0.22045305097688844,0.24469020085145315,1.7216717723910693,2.311060219313589,2.9018556748357027,0.7411770500552881,0.8174745723412885,0.9073497346068297,0.09204688241220588,0.1819818112057507,0.2583300709578915,-0.7651572528771915,-0.1798565335165505,0.4070069602045653,-2.5791002798795213,-1.2834727917419666,-0.23386125503438798,planck_anchor,0.54
1.283082191780822,144.21303587180896,72.73676842255814,0.21817004347173802,2.3030375814408695,0.8186225968135167,0.0005465277589957231,0.1808308754274876,-0.15501632003566337,-1.2857482526498898,136.82703403012965,144.04728766559526,151.24258289279325,53.82986752884835,72.66382043735857,91.21933855133827,0.1983608617881568,0.21867242119410105,0.24235965818724667,1.7088168399067565,2.3162294704579063,2.9234931526500882,0.744294134974691,0.8205076299240104,0.9093874190559128,0.09000545689189254,0.17894458383362738,0.255208960337844,-0.7934319356156344,-0.17772182140890663,0.42874378607478003,-2.62238526229383,-1.290919693548946,-0.1966551636901912,planck_anchor,0.54
1.292054794520548,144.86615202740234,72.84306656136368,0.2162072774912973,2.3050284365663485,0.8208603269043027,0.0005501754563195432,0.1785894976393778,-0.1597532459718379,-1.2981758876893281,137.4934643744574,144.69936284997715,151.797479880176,53.273838162775384,72.85715898561303,91.88704292076939,0.1969132932029846,0.2167059955829182,0.24001591926199106,1.6981193142049822,2.318308054376614,2.9470923883401605,0.7476080921323793,0.8227537779503132,0.9112530726703453,0.0881361668157805,0.17669477752205373,0.25189082917036126,-0.810282624837318,-0.18397986487480064,0.4433745795477994,-2.721171593683061,-1.3069479880920012,-0.14692584217430404,planck_anchor,0.54
1.3010273972602742,145.5202150990838,72.9478367414344,0.2142680913209149,2.3069643045623422,0.8230890814158441,0.0005538288568471948,0.17635708972730868,-0.16451825511257884,-1.3109566984557004,138.1531286285082,145.43051181234642,152.4339233167961,53.005779361992595,72.86725457045387,92.70292721657862,0.1952724170180771,0.21453249921240025,0.2377293164231631,1.6827870637064661,2.32154783466314,2.9663682539127647,0.7501191304706978,0.8241047774402972,0.9132129916035618,0.08617253820285005,0.17534071027528886,0.24937613968910907,-0.8341001481823921,-0.18699327814079658,0.4565035102432119,-2.7513152676402526,-1.301452340171627,-0.0907716644556898,planck_anchor,0.54
1.31,146.17521137708664,73.0510789627703,0.21235216637594995,2.3088455397363097,0.825309047970543,0.0005574880166662296,0.17413346401279073,-0.16931155624198452,-1.3241030420772502,138.85877110916468,146.03521592012822,153.07057248275686,52.420479341532534,73.05225366531917,93.46522524273534,0.19365144593071262,0.2127595067912486,0.2353192878786255,1.670730100438568,2.319671493840776,2.987677182330765,0.7526284907131339,0.82689218100887,0.9145710202192221,0.0848111961936281,0.17254926158391268,0.24686311626051327,-0.8596355329056576,-0.19020665217352756,0.4716933201605803,-2.8254299687286752,-1.323238590010768,-0.04802257255179044,planck_anchor,0.54
1.3189726027397262,146.83112715164415,73.15279322537135,0.21045918857197896,2.310672492874354,0.8275204129947467,0.0005611529930222492,0.17191843401223109,-0.17413335808197491,-1.3376278583939525,139.51669685626499,146.62567753143608,153.70868719881258,51.772360614773994,73.04362592780527,93.92307981854597,0.19204691522043085,0.2110493860898335,0.2331051063342669,1.6505398077385487,2.3188485662224476,3.006702228968209,0.7551238017969694,0.8298410552866675,0.9165636110914853,0.08281485449609098,0.16959621806080002,0.24436413834948906,-0.891627460611774,-0.19265165081809882,0.4984999670701063,-2.8799161950878918,-1.3377590247812403,-0.00042969064936893025,planck_anchor,0.54
1.3279452054794523,147.48794871298955,73.2529795292376,0.20858884826699514,2.312445511246769,0.8297233617168097,0.0005648238443018938,0.1697118144388884,-0.17898386928086782,-1.3515447051081568,140.1971616993444,147.25927901566666,154.41781974393754,51.174375833549924,73.28739063568446,94.93062338941972,0.19028709262788773,0.2092371718900039,0.23084786237878493,1.6327741949084293,2.3189917208023276,3.0314465591667035,0.7569227573682858,0.8323022592006997,0.9182651230371268,0.08110977941733814,0.16713116140265644,0.24256197689209258,-0.9145440523693787,-0.18862389833107573,0.519832597907622,-2.9609011943558188,-1.340394574203804,0.04726336642232098,planck_anchor,0.54
1.3369178082191782,148.14566235135615,73.35163787436902,0.20674084020397865,2.3141649386143928,0.8319180781658561,0.0005685006300162806,0.16751342120412765,-0.18386329840324064,-1.365867795510724,140.78603954292052,147.87753911927769,155.08772958152844,50.91555604467359,73.5604058009406,95.90369800030693,0.18864673011164781,0.20749122278374932,0.22892066079894344,1.6142372506516827,2.3204319075046365,3.073664397890937,0.759107997297066,0.8349375920317958,0.9211689185185474,0.07820159028000664,0.1644918439192285,0.24037325766536338,-0.9388464123708531,-0.19076248358108175,0.538673294295491,-3.065580903874058,-1.363859187795037,0.09408290138665458,planck_anchor,0.54
1.3458904109589043,148.80425435697722,73.44876826076562,0.20491486345385668,2.3158311152357682,0.8341047451712293,0.0005721834107848943,0.16532307141798577,-0.18877185392105916,-1.380612039005308,141.44447138768703,148.5096727756101,155.8275722319574,50.31458978482701,73.57887691307467,96.55884916010848,0.18685966202841023,0.20572860641507829,0.22679433780398303,1.5945577231589487,2.326577731570662,3.0952310884952823,0.7606111540761233,0.8374170811036468,0.9231650166893183,0.07620170588236769,0.16200846327253693,0.23886707802009738,-0.970603821798624,-0.19538308654666117,0.5487896436906033,-3.1635045478619266,-1.361228466009611,0.1613644351872457,planck_anchor,0.54
1.3548630136986304,149.46371102008604,73.54437068842739,0.20311062135886732,2.3174443778750446,0.8362835443626006,0.0005758722483199212,0.16314058338907952,-0.19370974420603657,-1.3957930846756295,141.96002559767533,149.1655351805046,156.54554366219668,49.949611592069076,73.7129565963504,97.54286562735525,0.18514958315769653,0.20392345312757942,0.22515004808924333,1.575258400924303,2.3228467675861504,3.1106823520802176,0.7623311307132519,0.8396302813671024,0.9270282320529278,0.07233340810387422,0.15979154179186353,0.23714392132481885,-0.9969249607093836,-0.19515955212962527,0.5611492871739803,-3.255469718222437,-1.3767908349265303,0.19511536352829575,planck_anchor,0.54
1.3638356164383563,150.12401863091583,73.63844515735433,0.20132782147634176,2.3190050598105927,0.8384546561706955,0.0005795672054110137,0.1609657766238935,-0.19867717752313768,-1.4114273681652616,142.44774325803053,149.79833748824055,157.2350283831825,49.139385236133855,74.08481261920326,98.6084348366304,0.1835293654423759,0.20220419944327678,0.2236109236016345,1.5512912914991626,2.3214391694857364,3.129394278340379,0.7643307808667464,0.8421044407933758,0.9312553957499211,0.06810089014667865,0.15731346915104052,0.23514088876807954,-1.0315347792826581,-0.20294012355887714,0.5777940807965412,-3.3816878854843937,-1.3829650765958177,0.22433894764651996,planck_anchor,0.54
1.3728082191780824,150.78516347969986,73.73099166754645,0.19956617552291933,2.32051349084432,0.8406182598286422,0.0005832683459104973,0.15879847182544726,-0.20367436202524883,-1.4275321621674242,143.0784164084866,150.3833029083339,157.8392014911135,48.658200296776684,74.11406836020444,99.50477877285546,0.18212703182901624,0.20063419493502976,0.22164396976376863,1.5290460529484369,2.32210808497848,3.147581366044421,0.7671606080674757,0.8451170012477179,0.9336149659436328,0.06573723935224757,0.15429660892591895,0.2323070926472264,-1.0545093940164925,-0.21069015952520942,0.5951828110512418,-3.4894184557692247,-1.3750799836810248,0.2649937067938158,planck_anchor,0.54
1.3817808219178083,151.44713185667146,73.82201021900374,0.19782539931920604,2.3219699973116144,0.842774533373884,0.0005869757347189904,0.15663849089139703,-0.2087015057489134,-1.4441256308527928,143.7459231928935,151.02343916844595,158.55455191922078,48.054557597572206,74.19441838821824,100.26499850946828,0.1804873330888519,0.19893694573961518,0.21959026617219177,1.5066235070825995,2.3323796273106434,3.1688720218404955,0.768911011666469,0.8475099365071903,0.9354970835069543,0.06385136134255875,0.15189978964379885,0.23055345707560407,-1.0838599682837595,-0.21357309233202937,0.6144544764041592,-3.606979175464195,-1.369556072133423,0.3003064957098101,planck_anchor,0.54
1.3907534246575344,152.10991005206384,73.9115008117262,0.19610521273489026,2.323374902091923,0.8449236536506584,0.0005906894377714523,0.15448565691157018,-0.21375881661113744,-1.461226888598243,144.52752134739174,151.73395940306557,159.207113133104,47.520546925699605,74.31942202513085,101.30550009280876,0.17901079607077122,0.19707819518566355,0.21722166716035685,1.484340597010585,2.338024300479865,3.189089566642749,0.7712719807377107,0.8491157700956032,0.9359043653639809,0.06344134022610864,0.1502906097415885,0.22818881999771384,-1.1138016222523779,-0.21704402487447588,0.6318249655830697,-3.767910306176438,-1.3647751231720755,0.3466286055579599,planck_anchor,0.54
1.3997260273972605,152.77348435611032,73.99946344571386,0.19440533963432372,2.3247285246199114,0.847065796313007,0.0005944095220236427,0.15233979416496932,-0.21884650240720407,-1.4788560634179284,145.18776110941312,152.44515432802658,159.8907281348482,46.71112681854954,74.45545935457025,102.25263155406886,0.1774833441699191,0.1952436460585847,0.21525048671895597,1.4673477718726846,2.342029244844017,3.216967810425512,0.7733330295576116,0.850718477356422,0.9378925768310677,0.06144927798029368,0.1486845499341342,0.22612430124423955,-1.1422563095582714,-0.22111159624964155,0.6582405190082318,-3.87494302943697,-1.3746640893700541,0.4109891689883445,planck_anchor,0.54
1.4086986301369864,153.43784105904413,74.08589812096666,0.1927255078225795,2.3260311808971745,0.8492011358282933,0.0005981360554389829,0.15020072811626775,-0.2239647708094611,-1.4970343655415879,145.82605377576095,153.09581167076948,160.59262404845506,46.11223307847399,74.53858739805781,103.40998180805967,0.17593529463517962,0.1935876014183461,0.21337027282146898,1.449104003706171,2.3439312037205773,3.2340912076089916,0.7752188785203238,0.8529997552688982,0.9401675993962838,0.05917019218732507,0.1463994331125336,0.22423509493480154,-1.1806955947815885,-0.22143246587713383,0.6831699208389336,-4.0396643510149834,-1.3634450216950096,0.494855463088819,planck_anchor,0.54
1.4176712328767125,154.10296645109858,74.17080483748465,0.1910654489919946,2.327283183504495,0.8513298454812191,0.0006018691069758304,0.14806828541180503,-0.22911382936706573,-1.5157841616338439,146.39106206988734,153.64346190471102,161.24409996095883,45.45019902630649,74.60698167524086,104.52444111195301,0.17451649963526303,0.19221000891577836,0.21172641388295965,1.4310379052535964,2.3455451296162013,3.2534049993845096,0.7775927330254078,0.85642965828463,0.9433888553174514,0.05594419213660565,0.1429648671671024,0.22185752817910537,-1.2098657695107797,-0.21396656115676888,0.70653606638216,-4.147188615028755,-1.3370440989175512,0.5325109586017289,planck_anchor,0.54
1.4266438356164386,154.7688468225069,74.25418359526783,0.18942489866920548,2.3284848416145785,0.8534520973782992,0.0006056087465751368,0.14594229387512567,-0.23429388550661975,-1.5351290552028996,146.92355009388248,154.26176564008472,162.03222649277865,44.52381132502637,74.84178545790996,105.43916031885993,0.17282293205843366,0.19067228193297908,0.21019449301763912,1.4116673687338295,2.3497531652492967,3.2721034306963754,0.7786520931332862,0.8590721709281932,0.9470293091540436,0.052298679804389424,0.14031823232671525,0.22079537612762587,-1.2407825741411467,-0.20963658554029807,0.7328048736040899,-4.337102074009738,-1.3228979995762593,0.5676956031849753,planck_anchor,0.54
1.4356164383561645,155.43546846350236,74.33603439431616,0.18780359616268436,2.329636461005279,0.8555680624527939,0.0006093550451485057,0.14382258250205757,-0.23950514653369673,-1.5550939738091787,147.6363547576234,154.84355322057814,162.86584096951685,43.95171426694923,75.00676273699746,106.27824188277958,0.17105829739901537,0.18924217377596209,0.20816973881477735,1.3932601605521857,2.351225987993937,3.2960474313870227,0.779282287786291,0.8621217232262215,0.9483491463325422,0.05097541782285262,0.13726425406227855,0.22016268963339425,-1.2821270148902415,-0.21479052353094974,0.7535890874137804,-4.472000024767053,-1.3150308477520114,0.620853709063265,planck_anchor,0.54
1.4445890410958906,156.10281766431828,74.41635723462967,0.18620128451078155,2.3307383440732727,0.8576779104700679,0.0006131080745666314,0.14170898145536545,-0.24474781963519743,-1.5757052637539575,148.2061580828501,155.58607854482733,163.68399311179954,43.37630174111155,74.96563524643693,107.212638452501,0.16935255201179372,0.1874401777825555,0.20657211541709766,1.3756829945795528,2.3545375750850113,3.314851274270459,0.7800695001856358,0.8633844843823923,0.9515097641663115,0.047810052384496385,0.1359983282185055,0.21937286984226329,-1.3119750777492165,-0.22237117437617065,0.7786988824435664,-4.524151286954746,-1.2941101700312965,0.6870089883108846,planck_anchor,0.54
1.4535616438356167,156.77088071518787,74.49515211620836,0.18461771043028194,2.331790789848143,0.859781810033359,0.0006168679076481155,0.13960132205899292,-0.2500221118825262,-1.596990793007131,148.87697197714525,156.307848470694,164.56615995789534,42.75075758007327,75.16591444955233,108.17635050865064,0.16754176508752047,0.18571312014546731,0.2047147522425421,1.3500907854736521,2.354724253581704,3.334287563814244,0.7802575479210605,0.8648832347312125,0.9533755987624545,0.045940382566821925,0.13449623724046383,0.2191826404669748,-1.3390930036209292,-0.23067364479365746,0.8071767158654838,-4.455030620084584,-1.2820315573431489,0.7399564695749585,planck_anchor,0.54
1.4625342465753426,157.43964390634443,74.57241903905222,0.18305262426547766,2.332794094006879,0.8618799285899422,0.0006206346181486613,0.13749943679190912,-0.25532823023554224,-1.6189800632225002,149.44683669304297,156.98035261680826,165.26305495875044,41.73327766555294,75.38715235356972,109.48079195658532,0.16613174088344865,0.18412533844957002,0.20315649116506684,1.3288219065848577,2.357248859936021,3.358268657431727,0.7822101078512275,0.8669306664752514,0.9565364211550007,0.04277478264868916,0.13244506190024338,0.21722662729540423,-1.3739979228049004,-0.233855797709817,0.8267748782081161,-4.590054313156402,-1.2402355480619773,0.8324933025773686,planck_anchor,0.54
1.4715068493150687,158.10909352802122,74.64815800316126,0.18150577993776512,2.333748548888736,0.8639724324376665,0.0006244082807506323,0.13540315928158284,-0.26066638154726596,-1.6417043317903368,150.10773374844666,157.66387220906654,165.89509946829838,40.80868569502816,75.77051954799495,110.73670292908605,0.16486825676358716,0.18253234611481667,0.20137150714029523,1.306906831110871,2.3599430422347303,3.3725292888808878,0.7847773711483716,0.868858915266751,0.9585338324062959,0.04077341810325399,0.13051314490423632,0.21465545625364607,-1.406911663512782,-0.23887285229729005,0.8499150002547151,-4.7426395232089,-1.228316331118612,0.8776765338907385,planck_anchor,0.54
1.4804794520547946,158.7792158704515,74.72236900853548,0.17997693489576735,2.3346544435104617,0.8660594867318511,0.0006281889710529752,0.13331232429709597,-0.2660367725693033,-1.665196744992162,150.62591024463663,158.38776756442553,166.58629446011443,39.852094921029774,75.7246457026974,111.22219933289192,0.16350296113352666,0.18086765026547977,0.1999883925591879,1.2809033426412573,2.3616885606832163,3.396301389147814,0.7867857660785736,0.8703456609372517,0.9623557858258177,0.03694617749177594,0.1290230411512529,0.21264354547749842,-1.4494616684767179,-0.24830083795211813,0.8894019936133569,-4.876548720994431,-1.2241497929292484,0.9152529230324903,planck_anchor,0.54
1.4894520547945207,159.4499972238686,74.79505205517486,0.178465850065987,2.335512063581843,0.8681412554925245,0.0006319767655615017,0.13122676774191397,-0.2714396099579766,-1.6894924834538376,151.0796797762534,159.0380204672761,167.25291924685,39.19892413851764,75.66311627991826,112.15729455399804,0.1622022012256032,0.17939165590686273,0.1987888766363987,1.2549879749822819,2.3726012875777203,3.429697844397373,0.7890272708396633,0.8726448075431998,0.9670019495453173,0.0322941065279324,0.12671993726132824,0.21039834463545637,-1.4843058409999728,-0.2545401928768794,0.9158650400544283,-4.817041712346131,-1.2075137572380388,0.9531031177647077,planck_anchor,0.54
1.4984246575342468,160.1214238785057,74.86620714307944,0.17697228980399246,2.336321691521568,0.8702179016119856,0.0006357717416795173,0.12914632664633482,-0.276875100281107,-1.7146289212425043,151.5793343342825,159.7278939526614,168.12989752082404,38.58173973618613,75.77683507117032,113.18305153488113,0.16051451399996797,0.17784539641779495,0.1974804762859116,1.224314841918771,2.3734998902901285,3.4469214678285045,0.7892908189526552,0.8745111895961569,0.9710618869948336,0.028228665743704962,0.12484990203262035,0.21013253375276758,-1.5307339708416972,-0.25613245902671333,0.9513862715725443,-4.963635736641265,-1.1817362555552198,1.004965002989438,planck_anchor,0.54
1.5073972602739727,160.79348212459612,74.93583427224917,0.17549602184613888,2.33708360647338,0.8722895868626822,0.0006395739776988058,0.12707083915961898,-0.2823434500254615,-1.740645800124129,152.21953228363267,160.46275865377453,168.95827748931092,37.5063457179374,75.92629302504074,114.23602875175291,0.15894439341047994,0.17622018699754644,0.19582286089131118,1.205010729199988,2.379136769869187,3.4772067045360693,0.7900209805537397,0.8758889944965229,0.9733225894710412,0.025963757850413,0.12346879239366854,0.2093997658719794,-1.564321268788136,-0.26196732143116197,0.9912926188536242,-5.055433608424686,-1.1662575269687923,1.0891447275566046,planck_anchor,0.54
1.5163698630136988,161.46615825237313,75.00393344268407,0.17403681726182674,2.337798084322497,0.874356471905377,0.0006433835527909445,0.12500014454183203,-0.28784486560479794,-1.7675854206938375,152.68162783504698,161.1310362562705,169.70935602752385,36.47236773532966,76.2320709011073,115.36769831159215,0.15754063525038123,0.17476149810321728,0.1946393268639204,1.177941318211539,2.3831553989678804,3.4939681933792093,0.7914800798271584,0.8779972497229948,0.9778629476701143,0.021417504916868193,0.12135668770639664,0.20793752010824004,-1.6049407002933203,-0.26716505952206904,1.0166434825347588,-5.1381486357815875,-1.0858219849417958,1.168684641144824,planck_anchor,0.54
1.525342465753425,162.13943855206998,75.07050465438417,0.1725944504062993,2.338465397712285,0.8764187162976028,0.0006472005469989658,0.12293408315539822,-0.2933795533685193,-1.7954928523162688,153.19883643803126,161.69077801669488,170.64489934335478,35.925128886780875,76.14390844796543,116.3197432186254,0.15581796750033092,0.17355361152867202,0.19332731932876857,1.1396359094657342,2.389198851695228,3.5127124640138954,0.7912292818874864,0.8812892480998336,0.9816983143578064,0.01757674027735203,0.11805995465813118,0.20818642659235698,-1.6572114959091298,-0.280641388557468,1.035041324607213,-5.245754284461795,-1.0421382890107578,1.2495394710886698,planck_anchor,0.54
1.5343150684931508,162.81330931391997,75.13554790734943,0.17116869887397967,2.3390858160611647,0.8784764785023794,0.0006510250412293437,0.12087249645639124,-0.2989477196108908,-1.8244161640712757,153.5727796221197,162.4329986361987,171.6805493295372,35.00607877113756,76.38284775412461,117.36735496812048,0.1539437174133178,0.1719711655183817,0.19238700862854297,1.1164166147813566,2.3890827449203123,3.537017094122408,0.7900739776048789,0.8825949188277857,0.9873736434372178,0.011894629552830405,0.11675100401991734,0.20934051105084328,-1.702483612905496,-0.26592853534340943,1.0658668266816165,-5.305095886151583,-1.0034033890079384,1.3462244963439303,planck_anchor,0.54
1.543287671232877,163.48775682815636,75.19906320157985,0.16975934345234842,2.3396596055797345,0.8805299158971918,0.0006548571172443108,0.11881522698556393,-0.3045495705808178,-1.8544066791983953,154.13094942681877,163.13420574693922,172.48610920913885,34.11291319582609,76.47110295781422,118.47173992961815,0.15250915940005572,0.17049597328150834,0.19099608579702215,1.0923703997182108,2.381935385525657,3.560803203161143,0.7910544101378281,0.8843507636239009,0.990683422445919,0.008579798395971873,0.11499153766394413,0.20835727639177895,-1.746674625727011,-0.2741497289030655,1.0896882142628033,-5.43320695986862,-0.9416711756311331,1.4190012357666764,planck_anchor,0.54
1.5522602739726028,164.16276738501236,75.26105053707548,0.16836616807636184,2.340187029288093,0.8825791847832037,0.0006586968576544963,0.11676211835914177,-0.3101853124921362,-1.8855192558773082,154.46528426930573,163.73578900975753,173.29806439221625,32.921870063121105,76.66266846358509,119.59363793879368,0.15108339419740707,0.16924541934407608,0.19017016448605598,1.058427831630678,2.3761991032958836,3.5876798191221293,0.7919825010482492,0.8871882394165959,0.996876217234259,0.0023797824051115706,0.11214962384199063,0.20742641727460248,-1.7899992501789341,-0.27355681281836935,1.1098275498734496,-5.403252962448421,-0.8490538141689286,1.5016853882182382,planck_anchor,0.54
1.561232876712329,164.83832727472137,75.32150991383625,0.16698895978341013,2.340668347033336,0.8846244403947012,0.0006625443459118764,0.1147130152593869,-0.31585515153441535,-1.9178125975801719,154.911812560212,164.44058067542824,174.3479525713843,31.809775684700732,76.62917375708298,120.53722091774115,0.14926930453241877,0.16779777090069353,0.18907548734812557,1.0331879446138568,2.374909558733317,3.6056968228136257,0.7907545215046947,0.8889091193515606,1.0016278765053297,-0.0023780512190085435,0.11042512726862871,0.20865323854205067,-1.829824361582309,-0.2786434471692945,1.1342155642070118,-5.464634798130065,-0.8100181842940442,1.5987184830499668,planck_anchor,0.54
1.570205479452055,165.51442278751648,75.38044133186222,0.1656275086688173,2.3411038155072372,0.8866658369087621,0.000666399666303047,0.11266776342493484,-0.3215592938842613,-1.9513495966942398,155.38426094673542,165.0467564038397,175.2712038974963,31.015677928058942,76.64878074877755,121.49737374609403,0.1477008577794809,0.16656746269827788,0.18792739992699653,1.0070008719182646,2.380686554657877,3.6303606913588258,0.7906977876305009,0.8916977614536992,1.0060454732042299,-0.006801596130953201,0.10763205698979966,0.20870794030003428,-1.8815921151496267,-0.29461322415352287,1.1648868896641946,-5.264131122747602,-0.7183172186098887,1.640700583112273,planck_anchor,0.54
1.579178082191781,166.19104021363114,75.43784479115335,0.16428160784187784,2.341493688264062,0.8887035274551186,0.000670262903942791,0.11062620964093861,-0.32729794571706483,-1.9861977156509938,155.8078418648535,165.83165713917688,176.28004201156762,30.25272686200624,76.76774365367277,122.57906206360957,0.14601513390668552,0.16499442744544432,0.18690699366520466,0.9824858219667625,2.3835177481810463,3.6541923309267257,0.7898885716385354,0.8925596212957536,1.0110986053665605,-0.011861179010603722,0.10676720752259831,0.20951569199780487,-1.9266096413166058,-0.30020707246172196,1.202956045937879,-5.378409227508026,-0.6527559237620912,1.6704999539958192,planck_anchor,0.54
1.588150684931507,166.8681658432985,75.49372029170966,0.16295105338243362,2.341838215738534,0.8907376641262251,0.0006741341447679602,0.10858820172900692,-0.3330713132192133,-2.02242941042658,156.24420892049403,166.5680743160691,177.2086952239945,29.32608282281034,76.98991891562457,123.47538317062785,0.1444887924126707,0.16353876843596116,0.1858644450637028,0.9514350048118669,2.382334518383959,3.6706768541580037,0.7898175972144749,0.8939502848677573,1.015988900983729,-0.0167578286225197,0.10537314958996763,0.20958464765304946,-1.9721538635618927,-0.3157249358967471,1.229665528305935,-5.307016944388607,-0.6001908562481657,1.7245141781026567,planck_anchor,0.54
1.5971232876712331,167.5457859667519,75.54806783353114,0.16163564429798608,2.3421376452639104,0.8927683979875071,0.0006780134755316495,0.10655358853696129,-0.33887960260073724,-2.06012260201256,156.6094142781261,167.23303214808118,178.49252704228905,28.41868390942864,77.22508221579935,124.36060902253978,0.14241773708950856,0.1622407812716352,0.18499859346232783,0.9217726480618715,2.3852926080412358,3.693836462715128,0.7866213887328235,0.8961107744099485,1.021809877596178,-0.022585891697935092,0.10320867374481524,0.21278121119913584,-2.0187540768699055,-0.3236646202089408,1.2589749293391104,-5.424590496472072,-0.5695051379949847,1.7782298302675623,planck_anchor,0.54
1.606095890410959,168.22388687422458,75.6008874166178,0.16033518248134418,2.342392221090182,0.8947958790877802,0.0006819009837976639,0.10452221992842209,-0.34472302010834954,-2.0993612023179358,156.83183086269167,167.97077319666874,179.43852785745838,27.41849564547554,77.24009229203836,125.09903364307313,0.14092004740998373,0.16081878335070676,0.18447424906775622,0.8959042937189401,2.3858781704278273,3.716908146102161,0.7864442211114822,0.8974947506537838,1.0295107742983822,-0.030295338047759513,0.10182129162163667,0.21295644992354248,-2.0666472476213587,-0.32703333639064014,1.278734816218967,-5.1750828827755795,-0.4785046065793274,1.8113230819451192,planck_anchor,0.54
1.6150684931506851,168.90245485594983,75.65217904096963,0.15904947266880476,2.3426021844023572,0.8968202564698433,0.0006857967579352816,0.1024939467722214,-0.35060177203891363,-2.140235701977853,157.22710104217495,168.57469964281125,180.38704931959828,26.38894324739481,77.51842677986403,125.99759255567383,0.13944195167136744,0.15966854513376175,0.18354786746906404,0.8722073457522729,2.3866807321522283,3.7421484691059765,0.7862608077989488,0.9003109736503541,1.0349575060891387,-0.03574893614121025,0.09900056024686932,0.2131379400449028,-2.1228516249063114,-0.33417707507300837,1.3043739153582683,-5.19662152223579,-0.43034398806550916,1.8483159370284574,planck_anchor,0.54
1.6240410958904112,169.58147620216084,75.70194270658665,0.15777832239886408,2.3427677733388377,0.8988416781812145,0.0006897008871142958,0.10046862093167118,-0.3565160647532633,-2.1828438287404195,157.44423386038437,169.3369661687287,181.4889601967967,25.44032838661477,77.61632304544983,127.11454696832683,0.1377538478082137,0.15823429572601022,0.18304196649010157,0.836086497807237,2.3927131032999025,3.770163031612303,0.7847649655371531,0.9014392963099066,1.0427652280497124,-0.04356536462581452,0.09786900959375079,0.21463286713344304,-2.1842135353874825,-0.3439380051538502,1.3296532505907608,-5.306278288478027,-0.36982852062189037,1.8698259852645183,planck_anchor,0.54
1.6330136986301371,170.26093720309098,75.75017841346883,0.15652154197145743,2.3428892230098617,0.9008602912850203,0.0006936134613003403,0.09844609525367934,-0.36246610469040064,-2.2272912865204226,157.86614311721192,170.01258340184683,182.5697495498812,24.439682012852263,77.66587359230114,128.22792587887218,0.1361277033414096,0.15697916925164118,0.18206487176988767,0.7978724650427343,2.3956161418571114,3.7982864200782265,0.7834834805452258,0.9034941667230828,1.0478750167520068,-0.0486818235614652,0.09581019187468429,0.2159132797581534,-2.2410493007323278,-0.34831768869345114,1.3463640389983245,-5.111681126788887,-0.2548146258602831,1.953520500709336,planck_anchor,0.54
1.6419863013698632,170.94082414897346,75.79688616161619,0.1552789444077246,2.342966765516013,0.9028762418710227,0.0006975345712504957,0.09642622355772684,-0.36845209838205695,-2.2736925868908067,158.23707070047462,170.7807995558136,183.663699411178,23.658749573071425,77.81105470800736,129.29589122673616,0.13451092394889408,0.15557007906485204,0.18121232498786985,0.7765463339409142,2.4002117423114013,3.826934815284701,0.78211967481365,0.9045690571210763,1.053667022208448,-0.054481053124860145,0.09473210049038339,0.2172760834456357,-2.2977625297767412,-0.3444297067554194,1.3634480541834366,-5.075068595212432,-0.17121658276350538,1.9998873323130564,planck_anchor,0.54
1.6509589041095891,171.62112333004154,75.84206595102872,0.1540503454102982,2.3430006299667725,0.9048896750667661,0.0007014643085091597,0.09440886062472474,-0.37447425246756266,-2.3221719867873345,158.5555390169674,171.49132741579905,184.75933236288793,22.67119731749061,77.65741636267268,130.32014846260952,0.132920330407166,0.15428362554164837,0.18048508727567916,0.7381738081401698,2.402814186995405,3.857655075171553,0.7807722486538942,0.9062599594481142,1.0601669963433165,-0.060988830572930475,0.09303751400826393,0.21862250202058475,-2.367887741176069,-0.34387781788819843,1.3854429658328347,-4.655459286096284,-0.04294821480035382,2.042629753263437,planck_anchor,0.54
1.6599315068493152,172.30182103652857,75.88571778170643,0.15283556332411138,2.3429910424991176,0.9069007350488563,0.0007054027654041984,0.09239386218573954,-0.38053277370906796,-2.372864548599856,158.83555858427775,172.05952939122483,185.90761598151246,21.271492017409006,77.8429478225382,131.46416394463034,0.13128339994255922,0.15326631159370963,0.17984928496638924,0.6992342657132016,2.405395383938197,3.8829106673855622,0.7790137931126194,0.9094567234184693,1.0671956525467792,-0.06802573541631529,0.08983588572504381,0.22038027675334002,-2.4313239583277966,-0.33826209986202926,1.4250937588986254,-4.272583080318901,0.08352720494258636,2.0898744216203573,planck_anchor,0.54
1.6689041095890413,172.98290355866774,75.9278416536493,0.151634419097723,2.34293822629614,0.9089095650543423,0.0007093500350433532,0.09038108491061436,-0.38662786900706037,-2.425917341699796,159.0484326826237,172.68268595476798,186.97664133754984,20.23989100919048,77.88680428575918,132.4013662292769,0.12978648089556938,0.1521621275733506,0.17936817348403725,0.6599929277594366,2.4047792080738013,3.9151824263575783,0.7779511709983337,0.9120726944013084,1.0751480403726905,-0.07598712968304394,0.08721548692870426,0.22144168422992358,-2.48045623551193,-0.33304007696272814,1.4514705283009584,-4.206673364554716,0.15070226888236515,2.122266158545468,planck_anchor,0.54
1.6778767123287672,173.66435718669234,75.96843756685736,0.1504467362451547,2.3428424016056884,0.9109163073922063,0.000713306211310912,0.08837038639648279,-0.3927597454161743,-2.4814908079199647,159.26552321746513,173.26307851796244,188.0749655286585,19.145290103185545,77.91173229999862,133.63319892918784,0.12827504536108925,0.15114443012017442,0.17887952085363232,0.6268414918014628,2.3986487634474307,3.9428965115636494,0.7766724195364817,0.9151406644250336,1.0830695079922397,-0.0839176212613324,0.08414272141968097,0.22271939587343756,-2.530706830849237,-0.3333164513624153,1.4876560906042486,-4.05325452737902,0.20647982615840632,2.152034298078037,planck_anchor,0.54
1.6868493150684933,174.34616821083569,76.00750552133059,0.1492723408082387,2.34270378575902,0.9129211034549554,0.0007172713888646424,0.08636162515618,-0.3989286101613046,-2.5397603176945984,159.49575260627935,173.94664551058412,189.16492669529885,18.252364179726843,77.93476391849586,135.16253500541796,0.12680107237435842,0.14995883732403498,0.1783634741933523,0.5918904261499297,2.3994004327190126,3.963994809093838,0.7754911210240893,0.9171195849239626,1.090836914561653,-0.09169397231370999,0.08215984498959313,0.2238995847101476,-2.6009702772926593,-0.32839097332518796,1.4995734539343133,-3.728513324830642,0.263112549026953,2.177368951476346,planck_anchor,0.54
1.6958219178082194,175.02832292133098,76.045045517069,0.1481110613194711,2.342522593189449,0.9149240937302955,0.0007212456631329698,0.08435466060657154,-0.40513467065396935,-2.600917948657709,159.73949768351898,174.57513984539213,190.24784399191225,17.22479509438622,78.36867103828436,136.96813957816272,0.12536164138863223,0.14888103479651035,0.1778195644621207,0.5549533066863509,2.4008117816655705,3.9885283960322235,0.7743944653035737,0.9196804385934045,1.0984419557436103,-0.09930787074378612,0.07959456625962177,0.22499507022895643,-2.6602155428262133,-0.3282287522785839,1.5194948493901541,-3.544275829934328,0.34262304991274906,2.2098305739147226,planck_anchor,0.54
1.7047945205479453,175.71080760841153,76.08105755407257,0.14696272876536712,2.3422990354509894,0.9169254178129008,0.0007252291303124183,0.08234935305678676,-0.4113781345089629,-2.6651745247076937,160.0970634120062,175.21597652019057,191.4251888801998,15.887918254733538,78.71145498583714,138.3294662511895,0.12382433884541212,0.1477939820396032,0.17702615497416177,0.5260421775998323,2.399695039845785,4.010809310448441,0.7725610743966516,0.9221117481307336,1.1044962384486323,-0.10536982405426873,0.07715892068468344,0.22682787939913882,-2.7221204720759347,-0.33028860030507656,1.5482447532223047,-3.3240660592779316,0.40563925843961113,2.2495741035835533,planck_anchor,0.54
1.7137671232876714,176.3936085623106,76.11554163234135,0.14582717655031485,2.342033321236979,0.9189252144162503,0.0007292218873652866,0.08034556369638442,-0.417659209561233,-2.732761961152012,160.590040224854,176.08328610112602,192.61392011392763,14.814359311837531,79.05385353679996,139.35925148328096,0.1223006652301845,0.14634162997909628,0.17594095435790064,0.49247691686441647,2.4028134667527263,4.036733720344845,0.770673667820216,0.9221670259806882,1.1086862067315015,-0.10956601526813213,0.07710117956139295,0.22871475672426927,-2.789341523548874,-0.32957779453836644,1.574893136179732,-3.2567376032699578,0.46104258514880914,2.2889241443051196,planck_anchor,0.54
1.7227397260273976,177.07671207326146,76.14849775187527,0.1447042404609228,2.3417256563986757,0.9209236213845428,0.0007332240320175748,0.07834315458343967,-0.423978103883023,-2.8039359709105725,160.88715308652274,176.7919317376971,193.8072880154103,13.720700139171438,79.26908103628205,140.79427451958506,0.12079917027122769,0.14517080561732967,0.1752917339669653,0.4581063221321695,2.407973329867697,4.06267084404646,0.7687874867528091,0.9238929253391568,1.1155878910627195,-0.1164761035404549,0.07537148651852665,0.23060041746887427,-2.86817949398918,-0.3338838905634206,1.6104678043879062,-3.117290324013489,0.510004887169395,2.3016684175029827,planck_anchor,0.54
1.7317123287671234,177.76010443149733,76.17992591267436,0.14359375863085796,2.3413762439638295,0.9229207757046779,0.0007372356627571515,0.07634198863256494,-0.43033502580123295,-2.8789791983388566,160.81375652375718,177.61868258065797,195.00676006078191,12.597854695877619,79.36299236783657,142.04575166532285,0.11931769305525333,0.14382251407804447,0.17545177374313886,0.4232432568319124,2.407619614009816,4.080062123602542,0.7668911161587378,0.9243910565635192,1.1276819317617708,-0.1285827320885452,0.07487053330294359,0.2324962857774119,-2.947607150419908,-0.32105014850429037,1.6489175247820034,-3.1453127134641274,0.5443044480172206,2.325084209872816,planck_anchor,0.54
1.7406849315068496,178.44377192725156,76.20982611473865,0.14249557150616848,2.3409852841552,0.9249168135182919,0.0007412568788321516,0.07434192960287593,-0.43673018391500423,-2.958204861634859,160.96805069194858,178.42480363556285,196.1947854982192,11.438932984032673,79.4893691983163,143.62912687334622,0.11787704761750785,0.14252587569903957,0.17511558068203356,0.38792544737403367,2.413975272902287,4.102655415202852,0.7651217656585887,0.9251135133680508,1.1366482703276182,-0.13755921533032395,0.07414507211178702,0.23426504214547614,-3.000215780477967,-0.3337595908817591,1.6865872589087685,-3.0520196175131487,0.5871127730455943,2.3870111857663034,planck_anchor,0.54
1.7496575342465754,179.12770085075738,76.2381983580681,0.14140952181108907,2.3405529744090448,0.9269118701338589,0.000745287780249619,0.07234284208589149,-0.4431637871135305,-3.041961002800937,161.26524452591292,179.22118506556274,197.41433643018033,10.315665852943592,79.6046214219952,145.24376584317505,0.1164251456721363,0.1412620386687745,0.17447074903125104,0.35345838000740004,2.416959559441784,4.125174518009386,0.7631441512809376,0.9259451468644126,1.1436217745241701,-0.14454130890628702,0.0733103426536579,0.2362422391313068,-3.047114540590797,-0.3510580857293833,1.7221659802667322,-2.9807728619916736,0.6333430524648902,2.4193375573828173,planck_anchor,0.54
1.7586301369863016,179.81187749224807,76.26504264266272,0.1403354545143221,2.340079509393531,0.9289060800388287,0.0007493284677743667,0.07034459149339695,-0.4496360445940526,-3.1306354667710248,161.4433659559225,179.7959230544251,198.49636680554886,9.195270449441798,79.66475873769122,146.16994101723947,0.11515932556712442,0.14036038021025285,0.17408602597428008,0.31848385343815117,2.4199328106997138,4.152235835353593,0.7622606707812075,0.9290710677860761,1.152307294952344,-0.1532368363540924,0.07017947065409802,0.237124430002655,-3.1086691586641058,-0.35409900681761697,1.7528386435051855,-2.8855022686757303,0.7001168115450163,2.471462574038366,planck_anchor,0.54
1.7676027397260277,180.49628814195688,76.29035896852253,0.139273216795792,2.3395650810271107,0.930899576911823,0.0007533790429280769,0.06834704404524891,-0.45614716588007076,-3.224661759953999,161.64152640058703,180.69135944551894,199.61055056035573,8.088491482241066,79.62889924505217,147.09443508389023,0.11387730497238831,0.13897266524035432,0.17365941694288697,0.27971487768239633,2.418091240460457,4.179555579509572,0.7611537771407163,0.9288906959350351,1.1607362957367389,-0.16167568213379266,0.07035755081376033,0.23823021945959827,-3.185899221996081,-0.3569027538461512,1.7841842059153799,-2.759641395412237,0.7324256376530821,2.476401741624386,planck_anchor,0.54
1.7765753424657535,181.1809190901171,76.31414733564752,0.13822265801386682,2.339009878496809,0.9328924936348638,0.000757439607988618,0.06635006675714757,-0.46269736083973684,-3.3245259748985996,161.85225338805748,181.34693782545276,200.69004115464125,6.980475722234983,79.38750181602569,148.23795018640482,0.11265553152141777,0.13796969937999826,0.1732074913516572,0.23670909722707603,2.415652725393091,4.201175329896637,0.7603348194348354,0.9311852249849408,1.169012163744356,-0.16996131503572334,0.06805872158276154,0.23904784500774265,-3.260640200994333,-0.36336106417025743,1.823508353186331,-2.7047770804174807,0.7823702597522626,2.496638496359428,planck_anchor,0.54
1.7855479452054797,181.86575662696205,76.33640774403766,0.1371836296730435,2.338414088276446,0.9348849623056391,0.000761510265989586,0.0643535274283713,-0.46928683970442986,-3.4307750145049396,162.08296861618382,182.1275973276133,201.8600845549329,5.650678459288105,79.27375198723496,149.4738392351779,0.11135335106820049,0.1367894629111222,0.17271477683347636,0.18606293027555015,2.4215901764608203,4.227718125116617,0.7588556569330757,0.9321987775236851,1.1770241683678082,-0.1779829130515599,0.06704190024133486,0.24052621741889424,-3.326430136143957,-0.37198189663129666,1.8442793392951609,-2.701568206676954,0.8514759515946628,2.5070539256067557,planck_anchor,0.54
1.7945205479452058,182.55078704272492,76.35714019369298,0.13615598539209164,2.337777894144791,0.9368771142498065,0.0007655911207200693,0.06235729462947347,-0.4759158130875086,-3.544026409502403,162.0825330836473,182.8507453045989,203.27011235713243,4.20655438539424,79.45244018146255,150.7169586939764,0.10981385510668847,0.13570963926683524,0.17271566387709975,0.13644891110931823,2.42035425289174,4.24814075894863,0.7556192802007834,0.9338058466255255,1.1884409803427955,-0.18941214278044236,0.06543107201217069,0.24376324777138314,-3.3986953720166997,-0.390125592954367,1.86902476558589,-2.4010353667651962,0.8995964398631459,2.525249694529583,planck_anchor,0.54
1.8034931506849317,183.23599662763894,76.37634468461349,0.13513958087265066,2.3371014772036105,0.9388690800333129,0.0007696822767246184,0.06036123768996245,-0.4825844920032269,-3.6649801013135757,162.37931035040185,183.6454875461956,204.49793541273888,2.6450667564535206,79.51401653259951,151.9669431713827,0.10849917604503864,0.13453758809706937,0.17208490476085966,0.09205537648285896,2.4240080754247213,4.266723457061689,0.7537874613787077,0.9346867938389425,1.195543120506643,-0.1965232234522862,0.06454695251099501,0.24559458574396473,-3.4699303424508856,-0.3955389144920361,1.897903387344887,-2.2314160750604013,0.945919639558016,2.520629175564545,planck_anchor,0.54
1.8124657534246578,183.9213716719375,76.39402121679917,0.1341342738682763,2.3363850158956465,0.9408609894747517,0.0007737838393034445,0.058365226685944835,-0.48929308788582243,-3.794432665181733,162.58064852716691,184.36765009881992,205.86226472451398,1.4280060186110703,79.6687208160009,153.18745221804838,0.10706578302545107,0.13348569291799905,0.17165897498088237,0.050402650209228024,2.432172575329128,4.2884047960160405,0.7509938783814393,0.9363116338400269,1.2040713264034166,-0.20506157995220053,0.06291832380629692,0.24838848847933173,-3.549970617559951,-0.39499028905364075,1.9267857631692213,-2.15955151923194,0.9784861994782991,2.5223235309752754,planck_anchor,0.54
1.8214383561643837,184.6068984658538,76.41016979025002,0.1331399241539318,2.3356286860224884,0.9428529716577292,0.0007778959145128164,0.056369132427758,-0.4960418126087504,-3.9332945842565614,162.5637192038726,185.24043955316802,207.03211512081378,0.24957485267941343,79.84897601170772,154.53687555270378,0.1058592907224812,0.13223078186525267,0.1716947059924402,0.008835125180105608,2.4373911024706514,4.308831863334092,0.7496605354820112,0.936414726225429,1.2158852034173382,-0.21688836314710175,0.06281268970078938,0.24972096101282656,-3.6369611941250843,-0.39501129700370763,1.9556681879703808,-2.012548165760191,1.0004172123523225,2.527053638478525,planck_anchor,0.54
1.8304109589041098,185.29256329962112,76.42479040496603,0.13215639349591762,2.3348326607623524,0.944845154943255,0.0007820186091656741,0.05437282644757928,-0.5028308785040755,-4.082611366475211,162.61913626567738,185.8526582975263,208.55235325194374,-0.9642749807024894,79.93387693529712,156.0872879797537,0.10432154532636906,0.13136104806049925,0.17157770814124834,-0.03385512958647415,2.439580842648263,4.334854657334447,0.7458413781612298,0.9391588747620052,1.2266857618094291,-0.22770105102196803,0.06006381298404018,0.2535413123948298,-3.707337223302377,-0.400577201857224,1.9845470065134463,-2.006041378666943,1.0163984335750342,2.5235518717982743,planck_anchor,0.54
1.8393835616438359,185.97835246347273,76.43788306094724,0.13118354562223636,2.333997110687758,0.9468376669821432,0.0007861520308324462,0.05237618098702433,-0.5096604983820013,-4.243589539987427,162.59887166095248,186.67302637747022,209.8610832179112,-2.1460762704574914,79.90075370869609,157.66167086834395,0.10302447995954321,0.1302090053849269,0.1716205438430456,-0.07720308146354167,2.4415524447681918,4.360633714903958,0.7435952259427849,0.939803771074714,1.2386979980438324,-0.23972647946225142,0.05941591708411341,0.25578737266162477,-3.7875821198359283,-0.3972998664697096,2.0179365499742903,-1.933753668332043,1.0544203414920572,2.5219934138358284,planck_anchor,0.54
1.8483561643835618,186.66425224764188,76.44944775819361,0.13022124619338715,2.333122203783084,0.9488306347274215,0.0007902962878420668,0.05037906898473647,-0.5165308855505487,-4.41762889469728,162.53592001606182,187.3574809971334,211.21952002220036,-3.2683924083223417,79.95676415453403,158.77270034069966,0.10170361713360133,0.12925938329782252,0.17175344298293493,-0.11830682823561013,2.4435033041633,4.38477860283837,0.7410427285854834,0.9418222162980355,1.2514465426026138,-0.2524888925445882,0.057393324838490536,0.2583400450138305,-3.862086982082254,-0.397625279578923,2.056916153535562,-1.82503653401809,1.09523323662306,2.5271851174429734,planck_anchor,0.54
1.8573287671232879,187.35024894236187,76.45948449670517,0.12926936277358492,2.33220810546203,0.9508241844467543,0.0007944514892832042,0.04838136406396248,-0.523442253835366,-4.606362793901045,162.55575603098356,188.01257588292614,212.47836683637516,-4.399775016210824,79.99090090702958,159.80400050170493,0.10050200726265793,0.12836020041972773,0.17171154522917417,-0.15979034952167429,2.4451444276427905,4.408909781947182,0.7392295981078768,0.9441369575966457,1.2630022029162802,-0.2640574915779361,0.05507417835853992,0.2601527461101757,-3.9471111225366613,-0.40003259059708113,2.076217868499905,-1.8064020718089002,1.118734205233139,2.5218751373829074,planck_anchor,0.54
1.866301369863014,188.03632883786597,76.4679932764819,0.12832776480239913,2.331254978584949,0.9528184417348632,0.0007986177450056773,0.04638294052013114,-0.5303948175996633,-4.811709015224834,162.39058997426005,188.66326415342877,213.76188519648505,-5.674116813039324,79.91146898763598,161.0740307719892,0.09929871356713033,0.12747630861257164,0.1720609980570685,-0.20189349112459207,2.4475147331208196,4.429305947071493,0.7372811774053497,0.946496480456677,1.2775325145304517,-0.2786032957949999,0.05271020063620589,0.2621008603412513,-4.035512102940183,-0.39597480085716985,2.1042408714242034,-1.6281734595216593,1.1648897322780307,2.5442270045229725,planck_anchor,0.54
1.8752739726027399,188.7224782243875,76.47497409752378,0.12739632356680833,2.3302629834760635,0.9548135315259532,0.0008027951656220777,0.044383673308424756,-0.5373887917642842,-5.035934475499116,162.36885671297364,189.32075331520315,215.33143947770418,-7.188030417219148,79.74703979195706,162.34413080711718,0.09785641524424185,0.1265924748875672,0.17210708915050577,-0.244628206623746,2.4492326430065128,4.451275920659934,0.73341699984636,0.9487888239460976,1.2899130288188385,-0.29099757141214855,0.05041344638636938,0.2659663523973805,-4.138736539741186,-0.4009803800040028,2.131682213812512,-1.5948274983717041,1.1878843703968816,2.545433745754123,planck_anchor,0.54
1.884246575342466,189.4086833921596,76.48042695983088,0.12647491217366388,2.3292322779405676,0.9568095781061418,0.0008069838625095856,0.042383438031348655,-0.5444243918278958,-5.281738473923198,162.57293424522672,189.91791444531742,216.76754561141925,-8.539512746159831,79.96298901276018,163.64381808190814,0.09656415291768522,0.12579759036785385,0.17167524241839938,-0.2991318413947989,2.455424603260033,4.475459944861535,0.7305283302864125,0.951685494759325,1.2987596784733928,-0.2998550668618334,0.04751184308717184,0.26885553397755724,-4.243877469257163,-0.41029291152573427,2.159100540100289,-1.5661501299249558,1.2371263426930281,2.5555077751801125,planck_anchor,0.54
1.893219178082192,190.0949306314156,76.4843518634031,0.12556340552255926,2.328163017281577,0.9588067051258727,0.0008111839478119702,0.040382110926315294,-0.5515018338872889,-5.552360944293766,162.6075929948721,190.54306620934835,218.3883871629791,-9.902378003538484,79.91584553214051,164.9534320241924,0.09513606046611375,0.1249734999156909,0.17160206851775592,-0.35340874148155,2.457719892487879,4.496511942520223,0.7264623979777441,0.95430216457998,1.3103596005822975,-0.31146821055359947,0.04489046247077906,0.2729229894702387,-4.317032094105732,-0.41383339929903384,2.184327056309737,-1.5242577129421635,1.2660877649562243,2.5649172406661327,planck_anchor,0.54
1.902191780821918,190.7812062323888,76.48674880824053,0.1246616802790994,2.327055354316981,0.960805035612342,0.000815395534441797,0.038379568853216216,-0.5586213346578118,-5.85172494419514,162.56962536644625,191.32571241459803,219.71182959189295,-11.262710588659074,80.0082218752902,166.31956181113134,0.09399340228576356,0.12395312923626434,0.17168223462909232,-0.4037720871193327,2.4575823206621568,4.516835994798084,0.7244354001029727,0.9553440197779641,1.3232065794998538,-0.3243295302506069,0.043845219226090255,0.2749498015057396,-4.38108932065115,-0.4156644881276784,2.217311684302328,-1.3767960672556943,1.3019315900051907,2.5778417034913197,planck_anchor,0.54
1.911164383561644,191.4674964853125,76.48761779434314,0.12376961484856552,2.325909439396138,0.9628046919819009,0.0008196187360828091,0.03637568928201631,-0.5657831114938959,-6.184626716921184,162.45911944942407,192.0522938887238,221.3953294944011,-12.54226452518405,80.12886585619754,167.69331417978555,0.09256936787367923,0.1230170176810956,0.17191586935869005,-0.4549399233871915,2.4586441462724786,4.538326742560939,0.7200977544579469,0.9569502333985167,1.3373347396064283,-0.3384731891986708,0.04223513166324076,0.27928923896213087,-4.4507344094271915,-0.4237450911625279,2.2463176116614636,-1.3282216834502063,1.337458076387164,2.5949276517817146,planck_anchor,0.54
1.92013698630137,192.15378768041987,76.48695882171091,0.12288708934997027,2.3247254204164416,0.9648057960524593,0.0008238536671925042,0.03437035028034819,-0.5729873824097065,-6.556992948243934,162.3899104553994,192.65635898526943,222.8802138507588,-13.832018627774588,80.13931834855472,169.1863096711712,0.09134002703967505,0.12224685612376784,0.17206243809198143,-0.5069297390660102,2.4621632836627407,4.559470661745828,0.717124866132149,0.9597792246629595,1.3508891652669068,-0.35204269792325016,0.039401213890406295,0.2822627764864845,-4.549247825879399,-0.436689975060879,2.2762500381827855,-1.1908088350260186,1.3701291889616987,2.6089790890485878,planck_anchor,0.54
1.929109589041096,192.84006610794424,76.48477189034385,0.12201398559049814,2.323503442839754,0.9668084690558748,0.0008281004430048982,0.0323634305011203,-0.5802343660998901,-6.976234668940145,162.28164094003307,193.49518306998652,224.49066901976045,-15.131972896430756,80.1796452617254,170.85915497400865,0.09003421538819531,0.12118918598962203,0.17229210967182962,-0.5596634139278222,2.4664729601599173,4.579962414261531,0.7134087254083331,0.960272962199495,1.3651998168577193,-0.3663691514356778,0.03890453521508639,0.28598021862715817,-4.648406402726013,-0.4427489175987008,2.3098802174137703,-1.111924155508975,1.4030678441142748,2.6338148655428513,planck_anchor,0.54
1.9380821917808222,193.52631805811885,76.48105700024198,0.12115018704032704,2.322243649708686,0.9688128316503265,0.0008323591795334636,0.030354809170140037,-0.5875242819604275,-7.451742991446354,162.1796715907879,194.2414748787241,225.76660138707962,-16.554143087886647,80.27773277915374,172.26514926229825,0.08901942340128038,0.12025975307509415,0.17250882810949492,-0.6121234795890591,2.470865491181846,4.602099787411207,0.7118698019720446,0.9616922165499324,1.3795171953783887,-0.3807024127530817,0.03748154197371589,0.2875185924164826,-4.7495134961338765,-0.44532872686587077,2.3443870382942253,-1.0374579076835533,1.4459178227952278,2.647949031245322,planck_anchor,0.54
1.947054794520548,194.212529821177,76.47581415140527,0.120295578807825,2.320946181662744,0.9708190039326796,0.0008366299935742632,0.028344366073746123,-0.5948573501095917,,161.9908790130149,195.07037876371146,227.45563970457707,-18.142820324359146,80.48069436972202,173.90908449279323,0.08770225288607766,0.11923987417489462,0.17291116433204967,-0.6653204460254425,2.4782200779506622,4.625366977532117,0.7077817375610441,0.9622991719459539,1.395441511560864,-0.39664407168599664,0.03687154026015216,0.29160831204846194,-4.845086605316464,-0.4501604672117316,2.382352500093717,-0.8948238522488993,1.4968679899428077,2.689460153725164,planck_anchor,0.54
1.9560273972602742,194.89868768735195,76.46904334383375,0.11945004761511832,2.3196111769543255,0.9728271054508288,0.0008409130027092531,0.026331981546461904,-0.6022337914089978,,161.82604047337327,195.89236446730945,229.04461972689657,-19.728064530265325,80.54332937607717,175.56397884297476,0.08648961581487408,0.11824128497361083,0.1732636045379991,-0.7185581810895648,2.4762386097379894,4.65141923983292,0.704390197280164,0.9629826802271255,1.4110963892269335,-0.41231614276291995,0.03618491630400575,0.2950009269262289,-4.939485065418664,-0.4508341654425698,2.4181154867527814,-0.8533751295662706,1.5203960847967295,2.6958414754578537,planck_anchor,0.54
1.965,195.58477794687698,76.46074457752741,0.11861348177402574,2.3182387714645634,0.9748372552160288,0.0008452083253097728,0.024317536458661408,-0.6096538274847623,,161.84576808708215,196.57394387120044,230.6573513933157,-21.00504363698916,80.71068436396044,177.17469725699422,0.0852843988931164,0.11742275292355933,0.17322138767112208,-0.772500288074275,2.4758997335939577,4.675909391454013,0.7009187158682695,0.9650511261273758,1.4236380180099075,-0.4248723478414884,0.03411215036643066,0.29847357004320196,-5.035646235775984,-0.4553521044678499,2.4558668328404223,-0.7898270233628055,1.5326749959040447,2.7019088285956823,planck_anchor,0.54
