z,H,dH_dz,S_rel,dlnS_dlna,Omega_m,Omega_r,Omega_geom,Delta_H,w_geom,model,w_true,w_error,H_p16,H_p50,H_p84,dH_dz_p16,dH_dz_p50,dH_dz_p84,S_rel_p16,S_rel_p50,S_rel_p84,dlnS_dlna_p16,dlnS_dlna_p50,dlnS_dlna_p84,Omega_m_p16,Omega_m_p50,Omega_m_p84,Omega_geom_p16,Omega_geom_p50,Omega_geom_p84,Delta_H_p16,Delta_H_p50,Delta_H_p84,w_geom_p16,w_geom_p50,w_geom_p84,reconstruction,w0_p16,w0_p50,w0_p84,wa_p16,wa_p50,wa_p84,acceptance_rate
0.0,67.36,47.08372984496374,1.0,1.3979729763944104,0.3153,9.22e-05,0.6846078,0.45170417639441035,-0.7800666910337031,bayesian_cpl,-0.7800666910337032,1.1102230246251565e-16,67.36,67.36,67.36,22.610258886993876,47.08372984496374,65.28502051845759,1.0,1.0,1.0,0.6713259764546875,1.3979729763944104,1.9383913455599047,0.3153,0.3153,0.3153,0.6846078,0.6846078,0.6846078,-0.2749428235453126,0.45170417639441035,0.9921225455599048,-1.133868775448421,-0.7800666910337031,-0.516938727273287,bayesian_cpl,-1.133868775448421,-0.7800666910337032,-0.5169387272732872,-1.9138372262063772,-0.6371179097659923,0.7060529807412311,0.8345555555555556
0.008972602739726028,67.78174646842247,46.92650560856671,0.9875944657433161,1.3970592664918644,0.3198458642832332,9.436850252356566e-05,0.6800597672142433,0.4371441996320705,-0.7857324602400941,bayesian_cpl,-0.7857324602400941,0.0,67.5671446082267,67.78122915257494,67.9412173099287,23.59035322788062,46.82960356094767,64.31686525639422,0.9829637660195878,0.9876095407197977,0.9938778808752935,0.704546577056786,1.3941976020559987,1.9103068454497492,0.3183461493630435,0.3198507465188563,0.32188083350718993,0.6780241975854673,0.6800548835381474,0.6815599246158499,-0.2614825194992467,0.4342505496206982,0.9548829385509247,-1.1285516849113482,-0.7871474547296468,-0.5329892204009776,bayesian_cpl,-1.133868775448421,-0.7800666910337032,-0.5169387272732872,-1.9138372262063772,-0.6371179097659923,0.7060529807412311,0.8345555555555556
0.017945205479452057,68.20215226382643,46.7848216978678,0.9754567022646958,1.3965654559501324,0.3244181708979341,9.656873065282594e-05,0.6754852603714131,0.4229246683337187,-0.7912983484390786,bayesian_cpl,-0.7912983484390786,0.0,67.78325201169812,68.20040716331783,68.51425111120561,24.59944308387256,46.777590267748636,63.16772051695918,0.9665900647006195,0.975506622546311,0.9875505975745659,0.7388404387089994,1.3964245154074764,1.8772779884491926,0.3214692974790789,0.32443477342515514,0.32844036828132395,0.6714618657107725,0.6754686529021601,0.6784350115739082,-0.24684169099861994,0.4226792401584121,0.9122211272535696,-1.122537613859137,-0.7914087062019409,-0.5517426599125101,bayesian_cpl,-1.133868775448421,-0.7800666910337032,-0.5169387272732872,-1.9138372262063772,-0.6371179097659923,0.7060529807412311,0.8345555555555556
0.026917808219178087,68.62135492143554,46.658255518618105,0.96357512312684,1.396480543042805,0.3290156874259847,9.88005224390496e-05,0.6708855120515763,0.40903827867509457,-0.7967669737348327,bayesian_cpl,-0.7967669737348327,0.0,68.0083518361865,68.61848096193387,69.07430516326042,25.72097553186422,46.40796884792507,62.470290066506976,0.9509793973353726,0.9636558399784776,0.9810240567185025,0.77648773025563,1.3883724027939461,1.8575506327920566,0.32471483814039837,0.3290432484430668,0.3349736794317159,0.6649257309131521,0.6708579427581627,0.675187652844445,-0.22862702766207335,0.4018072962696741,0.8829252567425846,-1.1146249772949273,-0.8004466898262919,-0.5640506193050678,bayesian_cpl,-1.133868775448421,-0.7800666910337032,-0.5169387272732872,-1.9138372262063772,-0.6371179097659923,0.7060529807412311,0.8345555555555556
0.03589041095890411,69.03948822104644,46.54639257506301,0.9519388037337408,1.396793718367621,0.3336371784423287,0.00010106370208834294,0.6662617578555831,0.39547792823228134,-0.8021408635222895,bayesian_cpl,-0.8021408635222895,0.0,68.24236659119704,69.03905814050944,69.6275821089649,26.459587349049812,46.143660823815374,61.73565883779618,0.9359260364257455,0.9519506640237896,0.9743073943937088,0.803322079618703,1.385237485148488,1.8373234777308614,0.328024995723504,0.3336413352575482,0.34147696125636195,0.6584196002538284,0.6662575997812018,0.6718756405886717,-0.22160318215756009,0.3835237573839719,0.8524830449559764,-1.1121941970238902,-0.8082359520674474,-0.5770649118540904,bayesian_cpl,-1.133868775448421,-0.7800666910337032,-0.5169387272732872,-1.9138372262063772,-0.6371179097659923,0.7060529807412311,0.8345555555555556
0.04486301369863014,69.45668225960492,46.448826447826924,0.9405374394954487,1.3974943578111858,0.33828140624729924,0.0001033580801459569,0.6616152356725549,0.3822367067487042,-0.8074224583818986,bayesian_cpl,-0.8074224583818989,2.220446049250313e-16,68.48537365022774,69.44949448852178,70.17944173108262,27.383609311793858,45.84554301881868,61.063983872546366,0.9212645050673295,0.9407321340053741,0.9674053790228526,0.8352942923821726,1.3811248559961449,1.817652747901473,0.3313495446466025,0.33835143167089277,0.34794494964773354,0.6519487396850885,0.6615451888534805,0.668549215225624,-0.20850647517836987,0.3632432256842025,0.823902617054676,-1.1066136703052227,-0.8167494727540887,-0.589352704394213,bayesian_cpl,-1.133868775448421,-0.7800666910337032,-0.5169387272732872,-1.9138372262063772,-0.6371179097659923,0.7060529807412311,0.8345555555555556
0.053835616438356174,69.873063523522,46.36515875836769,0.9293613069956842,1.3985720160942436,0.34294713162437074,0.00010568345369995762,0.6569471849219293,0.36930788740633147,-0.8126141157754209,bayesian_cpl,-0.812614115775421,1.1102230246251565e-16,68.74176699020745,69.86124235889356,70.72457738105588,28.29287232847086,45.768014261914715,60.24721479184284,0.9071172695813162,0.9296758465634242,0.9602023737194888,0.8677179358100059,1.3821374785927758,1.794651574916692,0.33473877522995277,0.3430632010601508,0.35432791032641947,0.64556289909039,0.6568310797178989,0.6651580708241721,-0.19582061482314264,0.35169359977398595,0.7909582271128194,-1.10112817140407,-0.8216610079288151,-0.6039100043176701,bayesian_cpl,-1.133868775448421,-0.7800666910337032,-0.5169387272732872,-1.9138372262063772,-0.6371179097659923,0.7060529807412311,0.8345555555555556
0.0628082191780822,70.28875496061703,46.29499912166757,0.9184012279134799,1.4000164208604575,0.3476331146196136,0.00010803960660357056,0.6522588457737828,0.35668491857520246,-0.8177181135545134,bayesian_cpl,-0.8177181135545136,2.220446049250313e-16,68.99198733275446,70.26952949267712,71.26496274152558,29.146400317037422,45.60992463722486,59.51767660563806,0.8934125195691354,0.9189038386152102,0.9532500734838851,0.8980361586851229,1.380858257325925,1.7749964223233914,0.3381743919523961,0.34782336275776193,0.36082409516094105,0.6390637656565276,0.6520685385091212,0.6617205080823433,-0.18499836119769775,0.33586061270921613,0.7603140795058597,-1.0965003766947763,-0.8283326216013209,-0.6170427620176583,bayesian_cpl,-1.133868775448421,-0.7800666910337032,-0.5169387272732872,-1.9138372262063772,-0.6371179097659923,0.7060529807412311,0.8345555555555556
0.07178082191780823,70.70387605158929,46.23796508865697,0.9076485354731814,1.4018174672734576,0.3523381153392889,0.00011042630971548113,0.6475514583509957,0.3443614160167289,-0.8227366532930819,bayesian_cpl,-0.822736653293082,1.1102230246251565e-16,69.25499912839517,70.67931457218391,71.79575404177942,29.933714351316095,45.55791151324748,58.920298696893234,0.8802512254998123,0.908279471538537,0.9460234805878617,0.9260184652948886,1.3813371870424402,1.7557432947266902,0.34170281303436006,0.35258303704133415,0.3672348020076657,0.6326501029111629,0.6473064598880252,0.6581900938666533,-0.17528215447523754,0.3225435587828318,0.7331066688553934,-1.0922763189773839,-0.8336718458968106,-0.6286496150477848,bayesian_cpl,-1.133868775448421,-0.7800666910337032,-0.5169387272732872,-1.9138372262063772,-0.6371179097659923,0.7060529807412311,0.8345555555555556
0.08075342465753425,71.11854288093197,46.193682079711614,0.8970950432179561,1.4039652130886144,0.35706089476216096,0.00011284332115734248,0.6428262619166817,0.3323311555175022,-0.8276718634536349,bayesian_cpl,-0.8276718634536351,2.220446049250313e-16,69.52858280643613,71.07801815815013,72.32062590240587,30.79310090871559,45.38149183320242,58.26621086805204,0.867520619112284,0.8981182819784077,0.9385932224139242,0.9578965902543605,1.3788925122310125,1.7433289039703401,0.34528971130386454,0.35746816325631253,0.3735779596001983,0.6263039771274275,0.6424188647119091,0.6546011654671384,-0.1647162088212052,0.3062493665119746,0.7047862939804288,-1.0877320617260084,-0.8404726384578693,-0.6407025216824228,bayesian_cpl,-1.133868775448421,-0.7800666910337032,-0.5169387272732872,-1.9138372262063772,-0.6371179097659923,0.7060529807412311,0.8345555555555556
0.08972602739726028,71.53286820721394,46.16178331042489,0.8867330159206616,1.406449874167619,0.36180021556326014,0.00011529038658771977,0.6380844940501521,0.3205880659314878,-0.8325258023972134,bayesian_cpl,-0.8325258023972135,1.1102230246251565e-16,69.80972069642435,71.47389101811021,72.84754109641402,31.669030617618258,45.19645494431386,57.445763096513524,0.8550162383911946,0.8881970077825395,0.9310486257628937,0.9862192444269879,1.378697236724696,1.7174799970456083,0.34885930015681293,0.36239754594534856,0.37988164132035807,0.6199973065094071,0.6374869733242007,0.6510295331775808,-0.1512306323211776,0.2898525889217319,0.6728353868137221,-1.0813105517519654,-0.8483456322538733,-0.6558932862344691,bayesian_cpl,-1.133868775448421,-0.7800666910337032,-0.5169387272732872,-1.9138372262063772,-0.6371179097659923,0.7060529807412311,0.8345555555555556
0.0986986301369863,71.94696153266484,46.141909710729415,0.8765551424627741,1.4092618204054734,0.36655484294596247,0.00011776723949167531,0.633327389814546,0.30912622260961925,-0.8373004612458341,bayesian_cpl,-0.8373004612458342,1.1102230246251565e-16,70.09243026477525,71.89893802331697,73.36154838669488,32.45207183676685,45.03054454879551,56.770453102767306,0.8430768783806091,0.877726489734162,0.9235532072240435,1.0176997457485242,1.3801622531628865,1.7006024778130948,0.3525550165365674,0.36704467295699,0.3862083335397536,0.6136675849205124,0.6328374024302648,0.6473317141072491,-0.14108724631267103,0.27490949494640005,0.6421025207371656,-1.076647408816244,-0.8555763682370912,-0.6689694766286461,bayesian_cpl,-1.133868775448421,-0.7800666910337032,-0.5169387272732872,-1.9138372262063772,-0.6371179097659923,0.7060529807412311,0.8345555555555556
0.10767123287671235,72.36092917200841,46.133709838328215,0.8665545105272341,1.412391572040926,0.3713235454793844,0.00012027360148517355,0.6285561809191305,0.29793984119683203,-0.8419977666058118,bayesian_cpl,-0.8419977666058117,-1.1102230246251565e-16,70.39401409873864,72.29805420387413,73.86763783586936,33.13456590413856,45.041842374627834,56.230713751998465,0.8315641052706686,0.8680623873148083,0.9156567390581174,1.0429429172221192,1.3852495202175075,1.687212160424628,0.35632995744794804,0.37196967927490004,0.3923641301945147,0.6075087810506605,0.6279098378375633,0.643554625450656,-0.13123676488354039,0.26314829244102783,0.6160696998226762,-1.071997884579144,-0.8604516190836733,-0.6808289834632968,bayesian_cpl,-1.133868775448421,-0.7800666910337032,-0.5169387272732872,-1.9138372262063772,-0.6371179097659923,0.7060529807412311,0.8345555555555556
0.11664383561643837,72.77487432049662,46.136839787292615,0.8567245829647704,1.415829796322813,0.376105095938237,0.00012280918263347265,0.6237720948791294,0.2870232717775682,-0.8466195831597834,bayesian_cpl,-0.8466195831597834,0.0,70.69620492055965,72.71316835081247,74.36486187771428,33.71522816135595,45.119894000431934,55.77785656390858,0.8204811465372983,0.8581792700192514,0.9078455215751169,1.057687537012415,1.3818710060618318,1.6777339766639343,0.3601941002626917,0.37674370865586476,0.3985473672384965,0.6013224955287463,0.6231332736359947,0.6396882859545641,-0.12553997685259194,0.2560469429951272,0.5920713765910706,-1.0695866339902416,-0.8639296115587558,-0.6905221726255618,bayesian_cpl,-1.133868775448421,-0.7800666910337032,-0.5169387272732872,-1.9138372262063772,-0.6371179097659923,0.7060529807412311,0.8345555555555556
0.1256164383561644,73.18889712110499,46.15096309259027,0.8470591757056065,1.419567304506035,0.3808982721424045,0.00012537368178264645,0.6189763541758128,0.276370993351691,-0.8511677161347636,bayesian_cpl,-0.8511677161347638,2.220446049250313e-16,71.00267271257694,73.10852647422672,74.86255403610772,33.98102142173529,44.96732845115351,55.37038893991916,0.8096081620866752,0.8489226003367005,0.900025413308598,1.0735744406287275,1.3825144475095807,1.6652820550976346,0.3640576230041082,0.3817362008758487,0.40471567352768295,0.5951511132293692,0.6181381496358921,0.6358225464586716,-0.13026921849344866,0.23781631191195113,0.5717533494682647,-1.0722990371795764,-0.8711837985520825,-0.7001491987058671,bayesian_cpl,-1.133868775448421,-0.7800666910337032,-0.5169387272732872,-1.9138372262063772,-0.6371179097659923,0.7060529807412311,0.8345555555555556
0.13458904109589043,73.60309473085563,46.17575063122343,0.8375524370996187,1.423595049152187,0.385701857793645,0.00012796678690336872,0.6141701754194515,0.26597760862363845,-0.8556439136530918,bayesian_cpl,-0.855643913653092,2.220446049250313e-16,71.31691187287512,73.51364639867556,75.35257901675405,34.617844811859364,44.84246828855991,54.90464207614428,0.7991124835686676,0.8395918746905455,0.8921114577008803,1.104754451552708,1.382802893341255,1.6550434865326797,0.3679998479448864,0.3866410406230792,0.4108268704772454,0.5890368268487429,0.6132306809912876,0.6318780583779096,-0.13421487248228425,0.2230242215750069,0.5474310947035129,-1.0758028366399284,-0.8788238410200708,-0.710227430735665,bayesian_cpl,-1.133868775448421,-0.7800666910337032,-0.5169387272732872,-1.9138372262063772,-0.6371179097659923,0.7060529807412311,0.8345555555555556
0.14356164383561645,74.01756138624022,46.21088052058104,0.8281988285781153,1.4279041217110606,0.3905146433069435,0.00013058817544608128,0.6093547685176104,0.25583783908844576,-0.8600498689727017,bayesian_cpl,-0.8600498689727017,0.0,71.62889461936265,73.9086824661637,75.83937369655428,35.35371919523662,44.71534165114652,54.50432447148211,0.7888868004891366,0.830640755851908,0.8843570833942805,1.129393178619408,1.3898291068014055,1.646258743128597,0.3719781251459642,0.3916660677299216,0.41699454172206996,0.5828660152191157,0.6082029590580732,0.6278974852939997,-0.1253090865523916,0.21256682983761724,0.5247671205154106,-1.0712858232785538,-0.8838601194430673,-0.7200321993313856,bayesian_cpl,-1.133868775448421,-0.7800666910337032,-0.5169387272732872,-1.9138372262063772,-0.6371179097659923,0.7060529807412311,0.8345555555555556
0.15253424657534248,74.43238846772043,46.25603801454047,0.8189931065395396,1.4324857503603776,0.39533542663416554,0.0001332375147066547,0.6045313358511278,0.24594652039905437,-0.8643872226227485,bayesian_cpl,-0.8643872226227485,0.0,71.95749419701464,74.33071757515461,76.3354060569849,35.87934434826798,44.921018585123186,54.14135608307588,0.7786676226707301,0.8212351058215449,0.8762985539236001,1.149269986686076,1.396397874901318,1.6390576622387343,0.37586994854624306,0.3964176600932603,0.42299728765490363,0.576860152120189,0.6034487376534169,0.6240033742717407,-0.11615197567431448,0.19895090989529587,0.5050466787226515,-1.067677842117926,-0.8903583135172314,-0.729359165080534,bayesian_cpl,-1.133868775448421,-0.7800666910337032,-0.5169387272732872,-1.9138372262063772,-0.6371179097659923,0.7060529807412311,0.8345555555555556
0.1615068493150685,74.84766456328798,46.31091539779317,0.8099303053696857,1.4373312980822408,0.400163014077796,0.00013591446220164805,0.5997010714600024,0.23629859800004618,-0.8686575644402494,bayesian_cpl,-0.8686575644402493,-1.1102230246251565e-16,72.28828202595015,74.7319048243419,76.80767472164179,36.46027959363382,45.02905409984216,53.77801455773645,0.7691214566123329,0.8124414132021729,0.8682971085572254,1.1664709621931313,1.398863455792746,1.6339076306503788,0.38000054847856957,0.4014036794440138,0.42900035444000234,0.5708539365603981,0.5984599847046005,0.6198703851950438,-0.11427479426718481,0.19292775319735447,0.48675916424414767,-1.0659376621589407,-0.8923064176600415,-0.7383372529363992,bayesian_cpl,-1.133868775448421,-0.7800666910337032,-0.5169387272732872,-1.9138372262063772,-0.6371179097659923,0.7060529807412311,0.8345555555555556
0.17047945205479453,75.26347553106997,46.37521187881322,0.8010057215145181,1.4424322609558506,0.40499622109266437,0.00013861866605226685,0.5948651602412834,0.2268891230136484,-0.8728624355130499,bayesian_cpl,-0.8728624355130499,0.0,72.6305188693643,75.12861606425572,77.3021952952307,36.85752765013616,45.0802590046344,53.67949879526048,0.7593124242645226,0.8038839898388279,0.8601335411005656,1.181816080947307,1.4051067487086473,1.626387766180662,0.38391568773615536,0.40645150132765706,0.4348918171547258,0.5649593317685694,0.5934093819053347,0.6159529088636674,-0.1090721042036807,0.1833462159574404,0.4700845826952402,-1.064110899019728,-0.8974612651632172,-0.7439787465698443,bayesian_cpl,-1.133868775448421,-0.7800666910337032,-0.5169387272732872,-1.9138372262063772,-0.6371179097659923,0.7060529807412311,0.8345555555555556
0.17945205479452056,75.67990456096929,46.44863348183818,0.7922148985305028,1.4477802666470474,0.40983387307368185,0.0001413497653761183,0.5900247771609419,0.21771324836449743,-0.8770033300341038,bayesian_cpl,-0.8770033300341038,0.0,72.98380663862548,75.52080317011189,77.7905164595039,37.23833389965737,45.110635153809774,53.351510954933396,0.7498093425729138,0.7955563688329338,0.8518264797320252,1.2031539745631383,1.4138816695789969,1.6240161183725808,0.3878963492147156,0.411562504684052,0.44067253219153424,0.5591754819353465,0.5882955493537014,0.6119698671681799,-0.11136797041201285,0.17235499887244074,0.45208655008983917,-1.0653483531333099,-0.9032298799780298,-0.7529168379298942,bayesian_cpl,-1.133868775448421,-0.7800666910337032,-0.5169387272732872,-1.9138372262063772,-0.6371179097659923,0.7060529807412311,0.8345555555555556
0.1884246575342466,76.0970322353325,46.530892938187286,0.7835536130435498,1.4533670730762709,0.4146748061277483,0.0001441073906858656,0.5851810864815659,0.20876622513028248,-0.8810816970717554,bayesian_cpl,-0.8810816970717554,0.0,73.34545041834502,75.91495095661631,78.21066733352885,37.7825624761147,45.18689712767679,53.032743947818595,0.7417749697679733,0.7873168122249595,0.8434469996900548,1.2190763632946024,1.4201425163155759,1.6201644083027327,0.3925645758739608,0.41666637870809764,0.446371780122294,0.5534730971850353,0.5831888217918245,0.6072990004613532,-0.11106101379408656,0.1625100069266037,0.4347953852908785,-1.0672101361674702,-0.9071370710596484,-0.7620301489277393,bayesian_cpl,-1.133868775448421,-0.7800666910337032,-0.5169387272732872,-1.9138372262063772,-0.6371179097659923,0.7060529807412311,0.8345555555555556
0.1973972602739726,76.51493658864075,46.62170957720178,0.7750178615532765,1.4591845672474324,0.4195178678280944,0.0001468911642938847,0.5803352410076117,0.2000433991059736,-0.8850989422604272,bayesian_cpl,-0.8850989422604272,0.0,73.70401749603312,76.3268841378779,78.66161536326392,38.148263244007,45.42535391017021,53.008768714327346,0.733294528114649,0.7788415090215004,0.8352602911659833,1.2308491094535412,1.4241026432094985,1.6192762522393926,0.396932989786996,0.4215876116530699,0.4521271493396916,0.5477145415906156,0.5782647724767213,0.6029280269813282,-0.11363215872688291,0.15604706159545617,0.41488933106384085,-1.0694297956631151,-0.9111634267405341,-0.7675454530372018,bayesian_cpl,-1.133868775448421,-0.7800666910337032,-0.5169387272732872,-1.9138372262063772,-0.6371179097659923,0.7060529807412311,0.8345555555555556
0.20636986301369864,76.93369316622139,46.720809217056825,0.7666038480244358,1.4652247642211622,0.42436191794945505,0.00014970070072203338,0.5754883813498228,0.191540207569909,-0.8890564294158604,bayesian_cpl,-0.8890564294158604,0.0,74.05559153834297,76.72325293585811,79.12030691295374,38.58155905309901,45.546442228605784,52.7904093668523,0.7248167691433492,0.7708149712030706,0.8273484290152422,1.2485932896189582,1.4339315185791175,1.6163750980663247,0.4012302248524517,0.4266930310966329,0.4579877430228937,0.5418506942092125,0.5731564458638422,0.598628234534994,-0.10932403804381442,0.14936309852073684,0.4050314786091214,-1.0678789926054424,-0.9127319352302514,-0.775330485692726,bayesian_cpl,-1.133868775448421,-0.7800666910337032,-0.5169387272732872,-1.9138372262063772,-0.6371179097659923,0.7060529807412311,0.8345555555555556
0.2153424657534247,77.35337508198003,46.82792405566232,0.7583079722119949,1.4714798062167753,0.4292058291825888,0.00015253560711565455,0.5706416352102954,0.18325217624054632,-0.8929554820788045,bayesian_cpl,-0.8929554820788046,1.1102230246251565e-16,74.43656098206851,77.12194999333225,79.5763754486975,38.839464522262354,45.55714047473745,52.68740808296878,0.7165324266369872,0.7628658132505108,0.818901292455005,1.265349643648945,1.4399943437242653,1.6177611650682455,0.4055606766388628,0.43178558834892367,0.46350192946222124,0.5363333464278001,0.5680609592224641,0.594295191012909,-0.11575959488970272,0.14148267111150262,0.3885019169246966,-1.0698607077186961,-0.9180805420390159,-0.7796767722891107,bayesian_cpl,-1.133868775448421,-0.7800666910337032,-0.5169387272732872,-1.9138372262063772,-0.6371179097659923,0.7060529807412311,0.8345555555555556
0.22431506849315072,77.77405307515502,46.94279256184143,0.7501268186705958,1.4779419618281504,0.4340484878267716,0.00015539548366094185,0.5657961166895674,0.17517491641319197,-0.8967973849908292,bayesian_cpl,-0.8967973849908291,-1.1102230246251565e-16,74.81005971719263,77.54534377432515,80.03426609595738,39.26620214206466,45.79315559455884,52.53660810269517,0.7083570545398847,0.7545581351004143,0.8107447675356049,1.2773719717359808,1.4454016443163864,1.6221783086358412,0.4098791040551755,0.4366125958516697,0.4691240622298403,0.5307079847358981,0.5632310906778133,0.5899741534416169,-0.1142935502998255,0.13281877024719965,0.3752699135016501,-1.0727943047854105,-0.9222111997007669,-0.7869660764667784,bayesian_cpl,-1.133868775448421,-0.7800666910337032,-0.5169387272732872,-1.9138372262063772,-0.6371179097659923,0.7060529807412311,0.8345555555555556
0.23328767123287675,78.19579556609712,47.06515936695034,0.7420571464030074,1.4846036253395845,0.43888879445901474,0.00015827992400481287,0.5609529256169804,0.16730412226652097,-0.9005833855057108,bayesian_cpl,-0.9005833855057108,0.0,75.193951485294,77.94238995051442,80.49263616049164,39.6314965761348,45.946920586022514,52.50609598276719,0.7003124635433893,0.7468901295192748,0.8024876317981489,1.2877508004312075,1.4571062090352624,1.625932780008752,0.41419895268046597,0.44174725643033497,0.4746303313638324,0.5251984989600967,0.5580934327759973,0.585651671487704,-0.12133995566747749,0.12227494956451254,0.36340746769785076,-1.0733432756757288,-0.9267486868479298,-0.7930828393215529,bayesian_cpl,-1.133868775448421,-0.7800666910337032,-0.5169387272732872,-1.9138372262063772,-0.6371179097659923,0.7060529807412311,0.8345555555555556
0.24226027397260277,78.61866871107944,47.1947751570799,0.7340958791056783,1.491457316128458,0.44372566457886914,0.00016118851567644923,0.5561131469054543,0.15963556832914494,-0.9043146949396583,bayesian_cpl,-0.9043146949396587,3.3306690738754696e-16,75.5528445383303,78.38886787722397,80.95160711958444,40.04839765959138,46.020804733515384,52.56133182558458,0.6923938587529831,0.7384062644912578,0.7948817335065285,1.2993126501143895,1.4626075297778776,1.6294292833568738,0.4185187982526009,0.44633108530693183,0.48046779106222565,0.5193576734167218,0.5535067797279672,0.5813291699194969,-0.12586053629155705,0.1178769077733693,0.34910331607179323,-1.078431076993489,-0.9304224076204537,-0.7978761126878707,bayesian_cpl,-1.133868775448421,-0.7800666910337032,-0.5169387272732872,-1.9138372262063772,-0.6371179097659923,0.7060529807412311,0.8345555555555556
0.2512328767123288,79.04273645614312,47.331396565960176,0.7262400959727547,1.4984956781423695,0.44855802922779275,0.00016412084050968027,0.5512778499316976,0.15216510709695263,-0.9079924898634414,bayesian_cpl,-0.9079924898634415,1.1102230246251565e-16,75.94381511899124,78.78790670879296,81.42289346220728,40.17761835645778,46.16840555601612,52.58048406936407,0.6844017242789748,0.7309455609869681,0.786718462757444,1.3082593849465065,1.4717777498046367,1.6336019639997972,0.4227167989554204,0.4514643327010935,0.48591214554041445,0.5139100662927406,0.5483704830843456,0.5771285351333227,-0.12184101065064874,0.10884796868780663,0.33877488493133123,-1.0801529947258364,-0.9326851594577695,-0.8010708694348028,bayesian_cpl,-1.133868775448421,-0.7800666910337032,-0.5169387272732872,-1.9138372262063772,-0.6371179097659923,0.7060529807412311,0.8345555555555556
0.2602054794520548,79.4680605899856,47.47478606867074,0.7184870230228374,1.5057114794391329,0.4533848355821688,0.00016707647506540783,0.5464480879427658,0.14488866679236484,-0.9116179133393179,bayesian_cpl,-0.9116179133393179,0.0,76.31490529597889,79.22266586011764,81.90708884927214,40.527469991171586,46.34740329005988,52.635111054512734,0.6763339376186063,0.7229449895521538,0.7790860384416621,1.3167821834495963,1.4824801251284256,1.6411339065486312,0.426785093230704,0.4561979336022574,0.49162446101967916,0.5081943708521508,0.5436339532702258,0.5730576325435361,-0.12308494144549467,0.10385326148090485,0.3309227687725528,-1.0815909444628458,-0.9375193526465363,-0.8062974299960998,bayesian_cpl,-1.133868775448421,-0.7800666910337032,-0.5169387272732872,-1.9138372262063772,-0.6371179097659923,0.7060529807412311,0.8345555555555556
0.26917808219178085,79.89470079589931,47.62471187624377,0.7108340249154546,1.513097611778767,0.4582050475191706,0.00017005499105328856,0.5416248974897762,0.1378022492570418,-0.9151920761054976,bayesian_cpl,-0.9151920761054976,0.0,76.66757189272484,79.58758011568841,82.3484568013951,40.748339006580814,46.53230895755865,52.66687818017685,0.6691033943826029,0.7163306878600884,0.7719350817991648,1.3195164529562564,1.4970124421584619,1.6514097799986809,0.43130539883031604,0.46174820755015306,0.4975909121395395,0.5022244154772769,0.5380804224753585,0.5685345295246061,-0.12602194040329487,0.09568671719247179,0.3195881669967344,-1.0822546954986523,-0.9411197535175436,-0.8098257394633973,bayesian_cpl,-1.133868775448421,-0.7800666910337032,-0.5169387272732872,-1.9138372262063772,-0.6371179097659923,0.7060529807412311,0.8345555555555556
0.27815068493150685,80.32271470276872,47.78094783123367,0.7032785972266921,1.5206470902573412,0.46301764615477775,0.00017305595575191598,0.5368092978894704,0.13090192797000028,-0.9187160577107135,bayesian_cpl,-0.9187160577107139,3.3306690738754696e-16,77.01777166429228,80.00860424023396,82.77992820833727,41.01427333765825,46.77765614045189,52.82167091913083,0.662146471777397,0.7088115221852804,0.7649310315940921,1.3263680782985605,1.5027127490676429,1.6665053528874856,0.43593748193255166,0.4666603588731499,0.5036077695469504,0.4962040036659999,0.5331652236827483,0.5638995835049961,-0.13302734623589696,0.08782861392516322,0.3106726266947177,-1.0856092109953699,-0.9447510746607329,-0.8134053579186784,bayesian_cpl,-1.133868775448421,-0.7800666910337032,-0.5169387272732872,-1.9138372262063772,-0.6371179097659923,0.7060529807412311,0.8345555555555556
0.2871232876712329,80.7521579351351,47.94327330431395,0.6958183591556536,1.5283530529732035,0.46782163035335067,0.00017607893242676796,0.5320022907142226,0.12418384618344437,-0.9221909076013405,bayesian_cpl,-0.9221909076013405,0.0,77.3885065169465,80.40029401091243,83.23489241085771,41.20303071815013,47.023128670788104,52.90881793953793,0.6549276294526782,0.7019220463606288,0.7576196581252803,1.3336604526965423,1.5159097433857316,1.6737686133382335,0.4403294442328277,0.4719253405556272,0.5093726818044925,0.4904356002581566,0.5278970359555072,0.5595048243571089,-0.14109320068259804,0.0824980553527599,0.30315308679709935,-1.0914977431210258,-0.9480200867834907,-0.8163376300464423,bayesian_cpl,-1.133868775448421,-0.7800666910337032,-0.5169387272732872,-1.9138372262063772,-0.6371179097659923,0.7060529807412311,0.8345555555555556
0.29609589041095896,81.1830841623383,48.111473091952206,0.6884510466355037,1.5362087607167998,0.472616017208271,0.00017912348074520908,0.5272048593109838,0.11764421516900586,-0.9256176461633543,bayesian_cpl,-0.9256176461633542,-1.1102230246251565e-16,77.74811403559258,80.8101575005398,83.69483155902844,41.28818640762257,47.19025726024832,53.114490722989004,0.6477491896471855,0.6948199034915766,0.7506274305769088,1.3443363797214678,1.5243556581615274,1.683102808463087,0.44467452501821825,0.47698818539102983,0.5152995966528923,0.48450510260820284,0.5228310340578871,0.5551569414454228,-0.14201038050256581,0.07668086580664159,0.2949441563613421,-1.0970228417000605,-0.9504391480692991,-0.8192644130400024,bayesian_cpl,-1.133868775448421,-0.7800666910337032,-0.5169387272732872,-1.9138372262063772,-0.6371179097659923,0.7060529807412311,0.8345555555555556
0.30506849315068496,81.61554514674529,48.2853373152038,0.6811745058247219,1.5442075966759263,0.47739984249325695,0.00018218915718786914,0.5224179683495552,0.1112793125674041,-0.9289972657213136,bayesian_cpl,-0.9289972657213137,1.1102230246251565e-16,78.13923210328792,81.22895405918686,84.13960648458637,41.398528921120906,47.37262300829599,53.28105686827192,0.6409190894137243,0.6876737311450549,0.7431318693373758,1.3487602380610029,1.536055665380707,1.6938704555783772,0.44918691131368665,0.48195481206085483,0.5208225415656874,0.47897869795840475,0.5178612604779349,0.5506416663742223,-0.1476029079568566,0.07038741802006518,0.289287989578988,-1.0997838748203344,-0.9537203399524655,-0.8212638788133519,bayesian_cpl,-1.133868775448421,-0.7800666910337032,-0.5169387272732872,-1.9138372262063772,-0.6371179097659923,0.7060529807412311,0.8345555555555556
0.314041095890411,82.04959079107589,48.464661319657424,0.673986686955936,1.5523430661488904,0.48217216108405603,0.00018527551545574343,0.5176425634004882,0.10508548083489945,-0.9323307314964121,bayesian_cpl,-0.9323307314964123,2.220446049250313e-16,78.58042892067041,81.64837506748104,84.59530856221079,41.53284718640739,47.76899781582927,53.584559755935466,0.63403262920757,0.6806268302812734,0.7348105512799757,1.3543804092495784,1.5425500207152927,1.7059579529379403,0.45358890455770523,0.48692254016282727,0.5256857418033782,0.474112262509933,0.5128903589800581,0.5462368030942919,-0.15128758394968791,0.0668498140768192,0.2827213880780808,-1.104715563768993,-0.9564482452014904,-0.8234758317917759,bayesian_cpl,-1.133868775448421,-0.7800666910337032,-0.5169387272732872,-1.9138372262063772,-0.6371179097659923,0.7060529807412311,0.8345555555555556
0.323013698630137,82.48526918483586,48.64924557655843,0.6668856385212892,1.5606087962586428,0.4869320473503096,0.0001883821068723923,0.512879570542818,0.09905912578022444,-0.935618982525545,bayesian_cpl,-0.9356189825255452,2.220446049250313e-16,79.0153330797044,82.02814258806971,85.04043205266768,41.7491059372301,47.94019474938743,53.873070504751176,0.6274126086116252,0.6743391926383862,0.7267439193324092,1.3576422561044734,1.5533354370738006,1.7200129737508418,0.45811048911185137,0.492374321342477,0.5306380646081665,0.4691566444952052,0.5074351910678705,0.5417122791376634,-0.1585127309325065,0.06156717731397172,0.2775227322444582,-1.1082027591874877,-0.9594237436343582,-0.82509409623195,bayesian_cpl,-1.133868775448421,-0.7800666910337032,-0.5169387272732872,-1.9138372262063772,-0.6371179097659923,0.7060529807412311,0.8345555555555556
0.33198630136986307,82.92262664986835,48.83889558512908,0.6598695017747531,1.5689985356615155,0.4916785955174705,0.00019150848078064474,0.5081298960017488,0.09319671518598138,-0.9388629325432299,bayesian_cpl,-0.9388629325432298,-1.1102230246251565e-16,79.44053614316289,82.4674175143796,85.51369475329187,41.90963227363858,48.23749670530223,54.01986254856843,0.6204871916123398,0.667174390407699,0.7189850103683028,1.365474359127009,1.5639027385999884,1.7330091336745024,0.46233424955692853,0.49712157685514163,0.5357264415846147,0.46406489332831985,0.5026847946265239,0.5374856715652176,-0.16209591158850886,0.057385723089589245,0.27343365753531024,-1.1151446942402496,-0.9625456368156781,-0.8254363930019406,bayesian_cpl,-1.133868775448421,-0.7800666910337032,-0.5169387272732872,-1.9138372262063772,-0.6371179097659923,0.7060529807412311,0.8345555555555556
0.34095890410958907,83.36170778503421,49.033421776100774,0.6529365055331441,1.5775061542447828,0.4964109199987481,0.00019465418493324737,0.5033944258163187,0.08749477750880554,-0.9420634708281208,bayesian_cpl,-0.9420634708281208,0.0,79.88027454656877,82.89252755624801,85.95587420205304,42.20293124555825,48.51120565253033,54.38667667638722,0.6141197146635,0.6603487990152938,0.7110908179300207,1.3714741834810897,1.57493573215713,1.7443104966336405,0.466899507014931,0.5020462970922224,0.5406241558558182,0.4591638529284897,0.497756838961353,0.5329174109066491,-0.17345228490836628,0.05046374613222766,0.2669885304476389,-1.1179644557550914,-0.9655857263663301,-0.8249763613551865,bayesian_cpl,-1.133868775448421,-0.7800666910337032,-0.5169387272732872,-1.9138372262063772,-0.6371179097659923,0.7060529807412311,0.8345555555555556
0.3499315068493151,83.80255551003225,49.23263941646757,0.6460849612588312,1.5861256428077506,0.501128155697125,0.00019781876587692383,0.4986740255369981,0.08194990065286793,-0.9452214630157646,bayesian_cpl,-0.9452214630157649,3.3306690738754696e-16,80.29776440665529,83.35510789737764,86.41909516201896,42.282980698904915,48.725345894748735,54.597153846129494,0.6075537916730281,0.6530399059915731,0.7037157198515139,1.3754708922736785,1.5871142831200318,1.7575647789241913,0.47124190991024756,0.50652267628789,0.5458287717100823,0.4539557640962334,0.49327737547616907,0.5285720688255545,-0.17892278776141055,0.045925279149544626,0.26603430052222043,-1.12609571753818,-0.9684232468811105,-0.825522605137855,bayesian_cpl,-1.133868775448421,-0.7800666910337032,-0.5169387272732872,-1.9138372262063772,-0.6371179097659923,0.7060529807412311,0.8345555555555556
0.3589041095890411,84.24521110837034,49.436368515467386,0.6393132584082598,1.594851112721639,0.5058294582775784,0.0002010017693293501,0.49396953995309223,0.07655873081158629,-0.9483377518791568,bayesian_cpl,-0.9483377518791568,0.0,80.71807484186168,83.79523441059594,86.86810313284654,42.40688419398134,48.88376180633889,54.81804215906875,0.6012893068458077,0.6461978616858959,0.6964061046790813,1.3795100574441375,1.5992472585772348,1.7689421767114846,0.47574462182620353,0.5112766081694063,0.5510017476378792,0.4487793004518151,0.4885202255238928,0.5240663312348112,-0.18624601448705944,0.04336268161609507,0.26470461036483683,-1.131316816690213,-0.9698065122583666,-0.8270404052092637,bayesian_cpl,-1.133868775448421,-0.7800666910337032,-0.5169387272732872,-1.9138372262063772,-0.6371179097659923,0.7060529807412311,0.8345555555555556
0.3678767123287672,84.68971426949858,49.64443373179358,0.6326198600314573,1.603676795563977,0.510514004409706,0.00020420274054857673,0.4892817928497455,0.07131797137266495,-0.9514131580785757,bayesian_cpl,-0.9514131580785755,-2.220446049250313e-16,81.12193941201797,84.24741673804674,87.33932116833377,42.588449527293626,49.136559133691996,55.153651326121775,0.5948185905634343,0.6392797839139305,0.6894892655715921,1.3852055304103816,1.6112292630651943,1.7830925276742873,0.48000899078757403,0.5158884553637688,0.5564066957160618,0.4433707447240762,0.4839051921454225,0.5197990083063585,-0.1934858954098775,0.039246938629565166,0.2598686448685212,-1.1378848578986807,-0.9713502605596146,-0.8269085063950313,bayesian_cpl,-1.133868775448421,-0.7800666910337032,-0.5169387272732872,-1.9138372262063772,-0.6371179097659923,0.7060529807412311,0.8345555555555556
0.3768493150684932,85.13610313011522,49.85666428203691,0.6260032986086563,1.6125970427237104,0.5151809919810293,0.00020742122469446456,0.48461158679427624,0.06622438188184468,-0.9544484808821009,bayesian_cpl,-0.9544484808821009,0.0,81.55295366043154,84.66804259477682,87.81907398036729,42.69238155608326,49.43193785176001,55.4301508190348,0.5883373911014783,0.6329437528724733,0.6822205042679849,1.394530216716087,1.6233885947201434,1.7974321996020204,0.4841831367995273,0.5208927671751524,0.5614459810671011,0.43832797058327927,0.478897511935716,0.5156219222752938,-0.20211133334810788,0.03687288416192103,0.25648874479237777,-1.1449751181254422,-0.9734747130499607,-0.8261378920824641,bayesian_cpl,-1.133868775448421,-0.7800666910337032,-0.5169387272732872,-1.9138372262063772,-0.6371179097659923,0.7060529807412311,0.8345555555555556
0.38582191780821923,85.5844143146568,50.0728938503558,0.6194621721110507,1.621606324973674,0.5198296402813163,0.00021065676718173484,0.479959702951502,0.06127477706099828,-0.95744449885814,bayesian_cpl,-0.9574444988581402,2.220446049250313e-16,82.01665353795124,85.10193884984889,88.28492108436551,42.896995774361415,49.699098415892635,55.760677848917084,0.5821448952844057,0.6265060191186663,0.6745281414771648,1.400294359446184,1.632983978914213,1.8086618298023696,0.48851436799767545,0.5257405749937414,0.5660389559361833,0.4337316613443321,0.4740463728804804,0.5112876654965507,-0.20891300787440595,0.031025539706284945,0.25350848260973136,-1.151402363846865,-0.977209752834382,-0.8277841468492838,bayesian_cpl,-1.133868775448421,-0.7800666910337032,-0.5169387272732872,-1.9138372262063772,-0.6371179097659923,0.7060529807412311,0.8345555555555556
0.3947945205479452,86.03468297498316,50.29296049937092,0.6129951402735284,1.6306992320074982,0.524459190158319,0.00021390891402426165,0.4753269009276567,0.05646602587644432,-0.9604019705412252,bayesian_cpl,-0.9604019705412252,0.0,82.44116224211717,85.54153724302755,88.72540127121235,43.10636183641304,49.96678831083286,56.07095819564071,0.5763790970883818,0.620083329538566,0.6675994992940044,1.4087426954613815,1.6430345455045727,1.819977659769872,0.4931316655271855,0.5305236199676184,0.5711769470041795,0.4285900895112593,0.469259997645456,0.5066672029815118,-0.21298262807493729,0.028000110778596127,0.2526739473184266,-1.1588723316988352,-0.9795681698108976,-0.8266653920385165,bayesian_cpl,-1.133868775448421,-0.7800666910337032,-0.5169387272732872,-1.9138372262063772,-0.6371179097659923,0.7060529807412311,0.8345555555555556
0.4037671232876713,86.48694282926843,50.51670658227859,0.6066009210679751,1.6398704719384387,0.5290689041453922,0.0002171772121702738,0.4707139186424375,0.051795050653581004,-0.9633216350722745,bayesian_cpl,-0.9633216350722748,2.220446049250313e-16,82.8660325609657,85.94215153651409,89.18495630328307,43.20938703466321,50.26778329940606,56.449490832575094,0.5704544442887848,0.6143158392831779,0.6607711513887172,1.4139745854563202,1.6520422913718613,1.8337276352782879,0.4975424487872078,0.5357977487348505,0.5763154271850217,0.4234480014027746,0.4639823119331539,0.5022533152784605,-0.21837453191669998,0.025636456408005753,0.24922655602446023,-1.166064401161991,-0.9811889693692474,-0.8246271779397578,bayesian_cpl,-1.133868775448421,-0.7800666910337032,-0.5169387272732872,-1.9138372262063772,-0.6371179097659923,0.7060529807412311,0.8345555555555556
0.4127397260273973,86.9412262001089,50.743978656176125,0.6002782873664467,1.649114870757978,0.5336580665615039,0.00022046120982816038,0.4661214722286679,0.04725882623415334,-0.966204212814459,bayesian_cpl,-0.966204212814459,0.0,83.27132553092923,86.40137948104102,89.64419425381782,43.36542913519522,50.48973091917124,56.72469317422803,0.5646246385712672,0.6078029506154032,0.654354677066117,1.4198859170323894,1.6647336470014147,1.8438380588829841,0.5019613390896951,0.5403476259300125,0.5817329381354205,0.4180267402890722,0.4594291493146533,0.49783129403807586,-0.22417172932517745,0.022116320084018357,0.246457971334664,-1.1727211254365648,-0.9846336076907819,-0.8248061700513079,bayesian_cpl,-1.133868775448421,-0.7800666910337032,-0.5169387272732872,-1.9138372262063772,-0.6371179097659923,0.7060529807412311,0.8345555555555556
0.42171232876712333,87.39756405185868,50.97462739659189,0.5940260637841548,1.6584273717524471,0.5382259835842024,0.000223760456782608,0.461550255959015,0.042854379172709484,-0.9690504059457432,bayesian_cpl,-0.9690504059457432,0.0,83.71245041062166,86.85458801017617,90.08092556154831,43.50932501767844,50.84542551557786,57.10939780547785,0.5591631296279008,0.6014764500470798,0.6474765580965458,1.4315116408895425,1.6760438963160504,1.8550614598935928,0.506637913344747,0.5449765147795846,0.5866555839473302,0.41310052161902694,0.45479691831803204,0.4931514585280889,-0.23103411666130935,0.015865332121407734,0.24787781965974726,-1.1765126581404624,-0.9881061341004944,-0.8255531451908108,bayesian_cpl,-1.133868775448421,-0.7800666910337032,-0.5169387272732872,-1.9138372262063772,-0.6371179097659923,0.7060529807412311,0.8345555555555556
0.4306849315068494,87.85598602720368,51.20850751321125,0.5878431236928097,1.6678030348762218,0.5427719832961501,0.00022707450470082767,0.4570009421991491,0.03857878696896823,-0.971860899029134,bayesian_cpl,-0.9718608990291341,1.1102230246251565e-16,84.15934765891741,87.30888330072165,90.53431003568707,43.69865776968111,51.067311581941375,57.36739728561101,0.55357666535167,0.5952333963886411,0.6406184560952486,1.4390535234866937,1.6833145826283402,1.8666233768120482,0.5111328047385822,0.5495956285963066,0.5915009225023087,0.4082516167164778,0.45017444215349267,0.4886533573478108,-0.23376989753783914,0.01083129353322593,0.24713839768164908,-1.1820133408466444,-0.9924439257415817,-0.8235238762685652,bayesian_cpl,-1.133868775448421,-0.7800666910337032,-0.5169387272732872,-1.9138372262063772,-0.6371179097659923,0.7060529807412311,0.8345555555555556
0.4396575342465754,88.31652048298496,51.44547766679017,0.5817283863954226,1.6772370360804134,0.5472954157058824,0.00023040290742866394,0.452474181386689,0.034429177333051564,-0.9746363595616019,bayesian_cpl,-0.974636359561602,1.1102230246251565e-16,84.56598352670152,87.77274649310579,91.00653161211758,43.884379705626394,51.33617226081515,57.61717239446404,0.5478466760543579,0.5889586177839696,0.6344724213331661,1.4421332199660162,1.6902768682802793,1.878577145961917,0.5154191910285212,0.5540976838880557,0.5969174888285721,0.4028312181384985,0.44566904955479136,0.4843638254617516,-0.2401602710962962,0.0056757737312395015,0.24539857878720234,-1.1880689241708788,-0.9956745554382516,-0.8229294255304717,bayesian_cpl,-1.133868775448421,-0.7800666910337032,-0.5169387272732872,-1.9138372262063772,-0.6371179097659923,0.7060529807412311,0.8345555555555556
0.44863013698630144,88.77919452528168,51.6854003872468,0.5756808144541815,1.6867246665962385,0.5517956527434763,0.00023374522127640155,0.4479706020352473,0.03040272748070413,-0.9773774385026036,bayesian_cpl,-0.977377438502604,3.3306690738754696e-16,85.0059276649923,88.21762007325432,91.51201131174686,44.184324557804636,51.583021172592545,57.91155298537278,0.541811173608924,0.5830334641298158,0.6279220529435207,1.450156788260172,1.6976522566321979,1.8947744713541255,0.5193312729879765,0.558843238880262,0.6018693873001572,0.39787565582873574,0.44092003048244244,0.48044873397163473,-0.24562017150396628,0.005299623888143321,0.24274638799187617,-1.1954102666339197,-0.9955569349895699,-0.8215153387278227,bayesian_cpl,-1.133868775448421,-0.7800666910337032,-0.5169387272732872,-1.9138372262063772,-0.6371179097659923,0.7060529807412311,0.8345555555555556
0.45760273972602744,89.24403404376451,51.92814199292213,0.5696994111634998,1.6962613321725786,0.5562720882318629,0.00023710100529412344,0.44349081076284297,0.026496663455813443,-0.9800847707830843,bayesian_cpl,-0.980084770783085,6.661338147750939e-16,85.46921286176452,88.6796680672263,92.00933616478255,44.39612403963637,51.97259458597237,58.24641392082146,0.5359698549860855,0.5769737291762601,0.6211332074296702,1.4570110297417473,1.7045919019233917,1.9081721742225257,0.5233375085530376,0.56337495685368,0.6064936343560586,0.3932478586049358,0.43638491467060925,0.4764394282158367,-0.25149104931857375,0.005515270544082169,0.24108389779302405,-1.2031779588561624,-0.9960218466671479,-0.820798235383337,bayesian_cpl,-1.133868775448421,-0.7800666910337032,-0.5169387272732872,-1.9138372262063772,-0.6371179097659923,0.7060529807412311,0.8345555555555556
0.4665753424657535,89.71106374532984,52.17357251099984,0.563783218160772,1.7058425522674665,0.5607241378345365,0.00024046982153649437,0.4390353923439271,0.022708259477711174,-0.9827589757957963,bayesian_cpl,-0.9827589757957964,1.1102230246251565e-16,85.92886636181093,89.17890025927022,92.462038415911,44.630499859041734,52.39624507940827,58.537084759106236,0.5307343937052211,0.5705319002255433,0.6145058089453623,1.4649562086932506,1.716980197664201,1.916986664103508,0.5278546358657864,0.5674362016391905,0.6111715085086896,0.3885663870202119,0.43232045003150715,0.4719189905905775,-0.2556409333114569,0.0022566564104866053,0.24238635491358684,-1.207336813542163,-0.9981965740021028,-0.8200097428252856,bayesian_cpl,-1.133868775448421,-0.7800666910337032,-0.5169387272732872,-1.9138372262063772,-0.6371179097659923,0.7060529807412311,0.8345555555555556
0.4755479452054795,90.18030718702482,52.421565599076416,0.5579313131678034,1.7154639591935361,0.5651512389804487,0.000243851235316877,0.4346049097842344,0.01903483731092244,-0.9854006578677229,bayesian_cpl,-0.9854006578677228,-1.1102230246251565e-16,86.41786483979958,89.64662617232933,92.91385020817388,44.883208881686855,52.66564364407853,58.86876387866802,0.5255853497368181,0.5645939988966822,0.6075710797917726,1.47461391663334,1.727062203145775,1.9277613418834967,0.5323867017021124,0.5719001433809455,0.6154333703972223,0.3843010826530845,0.4278530933691093,0.467383584292287,-0.2603440973020964,0.00036978449879351404,0.2404358565558877,-1.212801362192223,-0.9997104370621255,-0.8176987518505098,bayesian_cpl,-1.133868775448421,-0.7800666910337032,-0.5169387272732872,-1.9138372262063772,-0.6371179097659923,0.7060529807412311,0.8345555555555556
0.48452054794520555,90.65178680827427,52.6719984678716,0.5521428078562428,1.7251212972176457,0.569552850766897,0.00024724481545071296,0.4301999044176523,0.015473765655151912,-0.9880104067153787,bayesian_cpl,-0.9880104067153784,-2.220446049250313e-16,86.88380751057969,90.11193746851872,93.40523316568023,45.08346333632684,52.91641302722442,59.2455254301366,0.5200699283066411,0.5587782615037106,0.6010719588638674,1.482935432276422,1.7372946791995727,1.940978029847003,0.5364686563884473,0.5763975320473074,0.6200248247661531,0.37970602036407886,0.42335225183798897,0.463298460756581,-0.264796006181458,-0.002352157478081205,0.2411301744048022,-1.2194152272918852,-1.0018613104625393,-0.8185101466398382,bayesian_cpl,-1.133868775448421,-0.7800666910337032,-0.5169387272732872,-1.9138372262063772,-0.6371179097659923,0.7060529807412311,0.8345555555555556
0.49349315068493155,91.12552396241873,52.92475180507045,0.5464168458307299,1.7348104216151532,0.5739284538412344,0.00025065013448812576,0.42582089602427753,0.0120224595534976,-0.9905887978836904,bayesian_cpl,-0.9905887978836905,1.1102230246251565e-16,87.33343358640889,90.5703996995963,93.90624319324648,45.19856024963515,53.195625658493526,59.57821837291466,0.5145353630009077,0.553135571437404,0.5948988427593939,1.4922206760068943,1.7483787841023744,1.9538846126068623,0.5404417663675579,0.5809854613779613,0.6248514767105244,0.37487563368864746,0.41876080650080416,0.45932220804333523,-0.2695264287327769,-0.0049807766471934726,0.24009228677294117,-1.2255488281211,-1.0039863398441076,-0.8195240194991578,bayesian_cpl,-1.133868775448421,-0.7800666910337032,-0.5169387272732872,-1.9138372262063772,-0.6371179097659923,0.7060529807412311,0.8345555555555556
0.5024657534246576,91.60153894757458,53.17970970028753,0.5407526007237912,1.7445272976794828,0.5782775502622508,0.00025406676893573036,0.42146838296881345,0.008678379816987441,-0.9931363931691569,bayesian_cpl,-0.9931363931691572,3.3306690738754696e-16,87.74554943609485,91.04672066696978,94.38874410349702,45.489741130358446,53.42563434175153,59.88384110274709,0.5092883691321701,0.5473631310425126,0.5893237807403608,1.4993304368605842,1.7598250374037834,1.9648128170187682,0.5446298919036358,0.5853468112764889,0.6302192754721412,0.3695038371145957,0.41439601606830356,0.45513082445680564,-0.27377388765813526,-0.007434636987885447,0.23825279670532967,-1.2316792923060422,-1.00608598822194,-0.818848224628712,bayesian_cpl,-1.133868775448421,-0.7800666910337032,-0.5169387272732872,-1.9138372262063772,-0.6371179097659923,0.7060529807412311,0.8345555555555556
0.5114383561643836,92.0798510368256,53.43675957114471,0.5351492743968378,1.7542679996878223,0.5825996633420832,0.00025749429946765443,0.4171428423584491,0.005439032463701871,-0.9956537410279329,bayesian_cpl,-0.9956537410279328,-1.1102230246251565e-16,88.19718818695453,91.50603253965049,94.86441212569123,45.863713435218564,53.73936142693673,60.214949749547166,0.504193822664184,0.541881975227247,0.5833038793396459,1.50935325513297,1.7703663553738866,1.9780505273575018,0.5488994667411013,0.5899293364348859,0.6350240203771768,0.36469531508495834,0.4098099297357306,0.4508579335930219,-0.27833481676033,-0.00876803466186622,0.2377367584430089,-1.2376108297211035,-1.0075154739178707,-0.8162278194717664,bayesian_cpl,-1.133868775448421,-0.7800666910337032,-0.5169387272732872,-1.9138372262063772,-0.6371179097659923,0.7060529807412311,0.8345555555555556
0.5204109589041096,92.56047850775644,53.69579209045386,0.5296060952419124,1.7640287098239524,0.5868943374695283,0.0002609323111258032,0.41284473021934587,0.002301968170864175,-0.9981413769694633,bayesian_cpl,-0.9981413769694636,3.3306690738754696e-16,88.68323133566784,91.95992054717478,95.3419214462685,46.11275748232901,54.018574172700184,60.54705893632378,0.4991560856888622,0.5365460256142537,0.5769273661825197,1.5196512697927036,1.7793789701431149,1.9911796676639473,0.5531505072093892,0.5945849699500694,0.6393344173825397,0.36038133552823265,0.40515067849554576,0.44660356293402226,-0.2815804300991998,-0.013501520150395298,0.2374081717780026,-1.2431768935425154,-1.0102997879130342,-0.8161414716825016,bayesian_cpl,-1.133868775448421,-0.7800666910337032,-0.5169387272732872,-1.9138372262063772,-0.6371179097659923,0.7060529807412311,0.8345555555555556
0.5293835616438357,93.04343867133757,53.95670111449561,0.5241223165791042,1.7738057170593373,0.5911611379156326,0.00026438039350941585,0.40857448169085797,-0.0007352182615981209,-1.000599823936267,bayesian_cpl,-1.0005998239362675,4.440892098500626e-16,89.17928060218621,92.42788986336517,95.8355861954157,46.33203492419473,54.34703048971193,60.81360670532857,0.4940268467015217,0.5311266345460076,0.5705270850938704,1.5289466546330872,1.7871846267779994,2.0027262461344146,0.5572162520442214,0.5990613559537871,0.6435013930281247,0.3562108188535418,0.40067073049969365,0.44253454846931584,-0.289210093963744,-0.015503537461227616,0.2341563822777444,-1.2512049011967743,-1.0128518389820014,-0.8168975978471126,bayesian_cpl,-1.133868775448421,-0.7800666910337032,-0.5169387272732872,-1.9138372262063772,-0.6371179097659923,0.7060529807412311,0.8345555555555556
0.5383561643835617,93.52874790017151,54.21938361238692,0.5186972151448193,1.7835954159937926,0.5953996506224478,0.00026783814095398867,0.4043325112365982,-0.003674888437366732,-1.0030295926704216,bayesian_cpl,-1.0030295926704218,2.220446049250313e-16,89.67558932805821,92.89829598301984,96.30941812322808,46.54805838913522,54.62416882566665,61.06238488811045,0.4891776932753659,0.5257613552380012,0.5642294167286666,1.5375855831838674,1.7961533997419117,2.015064581725593,0.5615149246311834,0.6035084015866384,0.647664933958362,0.35204371657293887,0.3962201125833613,0.43823248013572585,-0.2930390651057341,-0.01688314598346317,0.23110075697352275,-1.2563678362579433,-1.0161745081149633,-0.8137512621741274,bayesian_cpl,-1.133868775448421,-0.7800666910337032,-0.5169387272732872,-1.9138372262063772,-0.6371179097659923,0.7060529807412311,0.8345555555555556
0.5473287671232877,94.01642165611031,54.48373959652857,0.5133300896663192,1.7933943056571058,0.5996094819758332,0.00027130515269965533,0.4001192128714672,-0.006519360881192527,-1.0054311820673028,bayesian_cpl,-1.0054311820673025,-2.220446049250313e-16,90.11463413628051,93.39360064593103,96.81484513060863,46.82377356543777,54.9536158566614,61.37400743731935,0.4840834699718585,0.5201994856249923,0.5587450639569983,1.5487059961488305,1.8075443546079744,2.0250152638613983,0.565447154776313,0.6076334708967714,0.6526577052469082,0.3470469868840448,0.39209159333826393,0.43429699749065137,-0.2957897206257735,-0.019024265646357494,0.22871348172578296,-1.2618774864716378,-1.0162189688068248,-0.813953815687388,bayesian_cpl,-1.133868775448421,-0.7800666910337032,-0.5169387272732872,-1.9138372262063772,-0.6371179097659923,0.7060529807412311,0.8345555555555556
0.5563013698630137,94.5064745172537,54.749672054125504,0.5080202595181886,1.8031989882731339,0.6037902585631907,0.0002747810330491321,0.3959349604037602,-0.009270911548634731,-1.007805079517084,bayesian_cpl,-1.0078050795170845,4.440892098500626e-16,90.5513215050776,93.89506544787601,97.31392188812326,47.05897844044067,55.23076190871496,61.658099737397634,0.4791309289998984,0.5146578708561822,0.5533686755792662,1.5616140607955655,1.8184893294111437,2.0385291818939586,0.5694548240671351,0.6116791665169997,0.6576875812505133,0.34201310939423196,0.38804246225907535,0.43028602073350086,-0.29873716213528734,-0.021090484016572483,0.22706159180210836,-1.2689307979521876,-1.0181754608595497,-0.8123075279758126,bayesian_cpl,-1.133868775448421,-0.7800666910337032,-0.5169387272732872,-1.9138372262063772,-0.6371179097659923,0.7060529807412311,0.8345555555555556
0.5652739726027398,94.99892020433752,55.017086879772336,0.5027670634565897,1.813006167987988,0.6079416269170179,0.0002782653915153586,0.3917801076914667,-0.011931774329127108,-1.0101517612344963,bayesian_cpl,-1.0101517612344968,4.440892098500626e-16,91.03686673074715,94.39629090824641,97.8214324206396,47.31638883978247,55.46477067773373,61.954240394007,0.4741722367274824,0.509206920003919,0.5474816327944741,1.5743725792421293,1.8260225932929712,2.0518410552685165,0.5733650073517137,0.6157286462964878,0.662010101178786,0.3376868853544017,0.38398952405862047,0.4263725535732373,-0.3004884984396708,-0.02552626032695051,0.22880250923859624,-1.2758807699263939,-1.0213834100939343,-0.8119329471570198,bayesian_cpl,-1.133868775448421,-0.7800666910337032,-0.5169387272732872,-1.9138372262063772,-0.6371179097659923,0.7060529807412311,0.8345555555555556
0.5742465753424658,95.49377160652223,55.28589280909667,0.4975698584273757,1.822812649563978,0.6120632532451473,0.00028175784295897193,0.3876549889118937,-0.014504141543299811,-1.012471692577302,bayesian_cpl,-1.0124716925773023,2.220446049250313e-16,91.48868868509554,94.84651869290478,98.33069063472944,47.610103693647936,55.698260092052976,62.23590907927904,0.46927344520338715,0.5043840763057541,0.5420874479312371,1.5874692943226125,1.837961561161949,2.0647626600094875,0.5772556891620201,0.6204454578588746,0.6668245700670393,0.3328684632077113,0.3792689256252618,0.4224785763457493,-0.3026249443789959,-0.025005780561948347,0.22860824730687693,-1.2817998803596338,-1.024087338439028,-0.8112489126158022,bayesian_cpl,-1.133868775448421,-0.7800666910337032,-0.5169387272732872,-1.9138372262063772,-0.6371179097659923,0.7060529807412311,0.8345555555555556
0.5832191780821918,95.99104080659049,55.55600135345333,0.4924280184443196,1.832615337041092,0.6161548231485503,0.00028525800771577836,0.3835599188437339,-0.01699016443542199,-1.0147653283539462,bayesian_cpl,-1.0147653283539464,2.220446049250313e-16,91.95958518020649,95.33984623819794,98.85277379673036,47.91919668817405,55.91977372601335,62.56680706485827,0.4643296755496044,0.4991777999668193,0.5365499457044234,1.596668300792324,1.8478337902925384,2.077330822141615,0.5809965282331724,0.624600545740506,0.6713627667862994,0.32832641587021316,0.37511028617932596,0.4187344908128416,-0.30573811421328134,-0.026983566388809214,0.22435750385417197,-1.287953035426468,-1.0245824689745358,-0.8078896287599999,bayesian_cpl,-1.133868775448421,-0.7800666910337032,-0.5169387272732872,-1.9138372262063772,-0.6371179097659923,0.7060529807412311,0.8345555555555556
0.5921917808219179,96.49073910556355,55.82732673566214,0.4873409335338973,1.8424112323678075,0.6202160413275585,0.000288765511714388,0.37949519316072716,-0.01939195366172563,-1.0170331131208052,bayesian_cpl,-1.017033113120805,-2.220446049250313e-16,92.49538943206349,95.85176132168606,99.39181437250146,48.24617879019595,56.20086154427961,62.86622210951402,0.4593068472592781,0.4938601246334009,0.5303517295634708,1.6088058526451716,1.8585270295731655,2.0876583876156833,0.5845383692604939,0.6285127113139526,0.6749538723042655,0.3247318768745169,0.3711946603394585,0.4151894763447974,-0.30788592415380456,-0.028643785721171797,0.22498691259251896,-1.293628366998391,-1.0259820536931104,-0.8075767760220871,bayesian_cpl,-1.133868775448421,-0.7800666910337032,-0.5169387272732872,-1.9138372262063772,-0.6371179097659923,0.7060529807412311,0.8345555555555556
0.6011643835616439,96.99287704674587,56.09978582678305,0.48230800874323193,1.8521974340031186,0.6242466312773532,0.00029227998658420067,0.37546108873606254,-0.021711579775277788,-1.0192754814694351,bayesian_cpl,-1.0192754814694356,4.440892098500626e-16,93.00010567583769,96.35843243768558,99.91347875994165,48.5341248950139,56.40401864873832,63.173505729279384,0.4545231379239047,0.48868015668337506,0.5246108565335159,1.6185902483281558,1.8660625255374497,2.0993349227283247,0.5882849393812619,0.6324940412592035,0.6789988015664891,0.32068328280422437,0.3672098172149455,0.41143961834067855,-0.30879437284480576,-0.030214203432151098,0.22635467014366217,-1.2986519582675942,-1.0276290075000714,-0.804869513702832,bayesian_cpl,-1.133868775448421,-0.7800666910337032,-0.5169387272732872,-1.9138372262063772,-0.6371179097659923,0.7060529807412311,0.8345555555555556
0.6101369863013699,97.49746443920681,56.37329808392118,0.4773286632079716,1.861971135491656,0.6282463349735584,0.0002958010697539385,0.3714578639566876,-0.02395107370803496,-1.0214928583042262,bayesian_cpl,-1.0214928583042264,2.220446049250313e-16,93.512244829276,96.87327904087088,100.41956492374983,48.839265787577666,56.62199613594664,63.40965871246894,0.44995337078585645,0.4834996414386085,0.5188803123931232,1.6308100319366874,1.8756921887179232,2.112315728733306,0.5922157580175502,0.636368400031508,0.6829354272590237,0.316743022070944,0.36333197473710116,0.40750540540992264,-0.30953929652677725,-0.029615479021281258,0.22382862764426179,-1.3062275191369244,-1.0293806299559618,-0.8027957443764511,bayesian_cpl,-1.133868775448421,-0.7800666910337032,-0.5169387272732872,-1.9138372262063772,-0.6371179097659923,0.7060529807412311,0.8345555555555556
0.6191095890410959,98.00451038070906,56.64778548905574,0.4724023292770202,1.871729624013854,0.6322149125487553,0.0002993284045409309,0.3674857590467038,-0.02611242725057567,-1.023685659110813,bayesian_cpl,-1.0236856591108132,2.220446049250313e-16,93.99967581566615,97.34035579645078,100.92250653036241,49.08780610169161,56.90127578084887,63.6741449810188,0.4454799016343519,0.4788707364257868,0.5135130107933359,1.6421007434087775,1.8865424383558413,2.1242120689124406,0.5961846917330391,0.6408715664355933,0.6872332397433616,0.3124413828808176,0.358825006581447,0.4035330387268946,-0.3118490374707813,-0.02967448907109199,0.223555134973203,-1.3142475468454484,-1.0300317413911626,-0.8035749240059192,bayesian_cpl,-1.133868775448421,-0.7800666910337032,-0.5169387272732872,-1.9138372262063772,-0.6371179097659923,0.7060529807412311,0.8345555555555556
0.628082191780822,98.51402328009266,56.923172488885946,0.4675284516911884,1.8814702789130888,0.6361521419607249,0.00030286164023136757,0.36354499639904375,-0.028197593530011215,-1.0258542902156191,bayesian_cpl,-1.0258542902156194,2.220446049250313e-16,94.5362302721782,97.83862514408936,101.43516016789002,49.391116799959065,57.17442720857711,63.926931939304836,0.4409883520051652,0.4740056021268046,0.5077005059773675,1.6532355226928774,1.8958173692313465,2.1360015638134353,0.60003981296333,0.6449654090646074,0.6908130685603221,0.3088580466254374,0.35472753344269947,0.39967451788620845,-0.31534311882862354,-0.03019714027143501,0.22449568191814348,-1.321937801239283,-1.029646179515562,-0.802326692335104,bayesian_cpl,-1.133868775448421,-0.7800666910337032,-0.5169387272732872,-1.9138372262063772,-0.6371179097659923,0.7060529807412311,0.8345555555555556
0.637054794520548,99.02601087912385,57.199385935687346,0.4627064868129715,1.8911905702017644,0.6400578186532031,0.0003064004321517461,0.35963578091464515,-0.030208487486451895,-1.0279991490368616,bayesian_cpl,-1.0279991490368618,2.220446049250313e-16,95.03083859254555,98.36724289656021,101.98411727528674,49.79166673228905,57.424156734780674,64.22257352774606,0.43625366137924204,0.4689247540104949,0.5024293915802122,1.6651649536159605,1.9059171033529445,2.1484174921191865,0.6034658576004276,0.6486594930443779,0.6950061638795924,0.3046611315072386,0.3510299888380459,0.3962452588109825,-0.3166953953371763,-0.03241350482211778,0.22083168069600237,-1.3265179921703005,-1.0305371073937752,-0.7987180116213095,bayesian_cpl,-1.133868775448421,-0.7800666910337032,-0.5169387272732872,-1.9138372262063772,-0.6371179097659923,0.7060529807412311,0.8345555555555556
0.646027397260274,99.54048027381788,57.47635502917225,0.4579359019047831,1.900888057048294,0.643931755209917,0.00030994444173174405,0.35575830034835126,-0.03214698634838377,-1.0301206243273464,bayesian_cpl,-1.0301206243273466,2.220446049250313e-16,95.54823509315514,98.85908607479429,102.52608881715385,50.10394489435709,57.76042882905391,64.48746063530363,0.43165360969574695,0.4642703774136933,0.4970027803451658,1.6790347283927622,1.915537810477487,2.1579963738529577,0.6069746123374993,0.652839049693316,0.6988660888143585,0.3007975251354269,0.3468467185062475,0.3927332318465402,-0.31887418126417566,-0.03196335209192037,0.22230501359514432,-1.33139143382824,-1.0323029350013562,-0.800603802415627,bayesian_cpl,-1.133868775448421,-0.7800666910337032,-0.5169387272732872,-1.9138372262063772,-0.6371179097659923,0.7060529807412311,0.8345555555555556
0.655,100.05743793524441,57.75401125934755,0.45321617445310924,1.9105603862469462,0.6477737810026519,0.0003134933365587557,0.3519127256607893,-0.03401493010724468,-1.0322190964093674,bayesian_cpl,-1.0322190964093678,4.440892098500626e-16,96.05694651618325,99.36659512928424,103.05679314898072,50.415675397671635,58.06353203868541,64.74760149939067,0.4272193447352926,0.45954002092571206,0.4917525302200241,1.6900161233161728,1.924595854845838,2.166008812401257,0.6106169767453615,0.6568123417843392,0.7028531058112163,0.2968067449395961,0.3428697906227486,0.38908751213792886,-0.3204295793993828,-0.035448170329986116,0.22098789016685638,-1.3371132733051516,-1.0356783589065661,-0.8020705657630625,bayesian_cpl,-1.133868775448421,-0.7800666910337032,-0.5169387272732872,-1.9138372262063772,-0.6371179097659923,0.7060529807412311,0.8345555555555556
0.6639726027397261,100.5768897298248,58.03228835036348,0.44854679153615507,1.92020529067249,0.6515837418340744,0.00031704679042433766,0.34809921137550126,-0.03581412199143058,-1.0342949374020052,bayesian_cpl,-1.0342949374020052,0.0,96.55847346491039,99.90461113930982,103.59952887238032,50.70643854704521,58.34944500811264,65.03776960074265,0.4227548563337082,0.4546038291810158,0.4866574487784105,1.700495593765892,1.932480269878099,2.174530575140391,0.6141169580659919,0.6603825278861425,0.7069453788321245,0.2927106365823591,0.33929614402127917,0.3855842256836948,-0.3228122513531669,-0.035568790757133414,0.2206176025061711,-1.3424430518410813,-1.0351280249245203,-0.80007886480366,bayesian_cpl,-1.133868775448421,-0.7800666910337032,-0.5169387272732872,-1.9138372262063772,-0.6371179097659923,0.7060529807412311,0.8345555555555556
0.6729452054794521,101.09884093912997,58.311122205346436,0.44392724923267507,1.9298205877215713,0.6553614995760161,0.0003206044833628105,0.3443178959406211,-0.0375463289399281,-1.0363485114411084,bayesian_cpl,-1.0363485114411084,0.0,97.05523129856603,100.41704059184868,104.12578688962286,51.008882406152175,58.64829678144801,65.34974778219237,0.41849239333121363,0.4499759690008717,0.48168848521199964,1.7140062746330764,1.9422601861868463,2.1831561081221866,0.6178124972701339,0.6642911114992588,0.7111077063701009,0.288544417962861,0.3353839156289101,0.38188526731226746,-0.3231105927242482,-0.035217262042299635,0.22013539891996886,-1.3473297215238984,-1.0377794935052078,-0.7983821697717097,bayesian_cpl,-1.133868775448421,-0.7800666910337032,-0.5169387272732872,-1.9138372262063772,-0.6371179097659923,0.7060529807412311,0.8345555555555556
0.6819178082191781,101.62329627918766,58.59045085220959,0.43935705206978243,1.939404177742729,0.659106931803908,0.0003241661016822721,0.3405689020944097,-0.03921328207572399,-1.0383801748922392,bayesian_cpl,-1.0383801748922394,2.220446049250313e-16,97.53704089698253,100.93985203379047,104.66745150977638,51.33711881357698,58.9417265576228,65.6547739872526,0.41417211691371425,0.445326797386647,0.4769413818259878,1.7257483638402935,1.9503849097758517,2.192359915514382,0.6213254389151585,0.6680625192945678,0.7154895303142065,0.28415857314117426,0.33160891001058745,0.37836897691376037,-0.3237672393817963,-0.03604288617079293,0.22006840583793255,-1.3521280003827727,-1.0383180394441485,-0.7980816122994288,bayesian_cpl,-1.133868775448421,-0.7800666910337032,-0.5169387272732872,-1.9138372262063772,-0.6371179097659923,0.7060529807412311,0.8345555555555556
0.6908904109589041,102.15025991930779,58.870214390433866,0.4348357125076347,1.9489540424569105,0.6628199314280167,0.00032773133798827604,0.33685233723399505,-0.04081667717909244,-1.0403902765568356,bayesian_cpl,-1.0403902765568354,-2.220446049250313e-16,98.0334661575668,101.46951442560548,105.21192322488652,51.74092099866457,59.24805188647448,65.97625354818602,0.40989652664716514,0.44068979405283537,0.4721233070988313,1.7411272257962596,1.959931989382535,2.2028893225474078,0.6248051387455578,0.6717433059732844,0.7196573994168464,0.2799867659571551,0.32792455052587527,0.3748859263320088,-0.3233148038073981,-0.036991752229429034,0.21977027265765853,-1.3576838888934633,-1.0386531403094224,-0.7981454928184073,bayesian_cpl,-1.133868775448421,-0.7800666910337032,-0.5169387272732872,-1.9138372262063772,-0.6371179097659923,0.7060529807412311,0.8345555555555556
0.6998630136986302,102.67973550043466,59.15035493881317,0.4303627504589938,1.9584682433703582,0.6665004063221295,0.00033129989120043546,0.33316829378667007,-0.0423581751608321,-1.0423791578718415,bayesian_cpl,-1.042379157871841,-4.440892098500626e-16,98.5325896928484,101.98081686425851,105.789196934445,52.15246070457159,59.517161560717696,66.28542278013575,0.4054352607284759,0.43628188844749416,0.46735227642949323,1.7536093578345127,1.9693243612200269,2.213198069073361,0.6278953411387199,0.6756673425177103,0.723785880175773,0.27585434482472193,0.32399680094725913,0.37179254853661814,-0.3225834429479725,-0.037795576525728396,0.22031344464687347,-1.3625989611543368,-1.0396460130043188,-0.7982133089224676,bayesian_cpl,-1.133868775448421,-0.7800666910337032,-0.5169387272732872,-1.9138372262063772,-0.6371179097659923,0.7060529807412311,0.8345555555555556
0.7088356164383562,103.21172615303463,59.43081658415606,0.42593769284174743,1.9679449201816344,0.6701482789502953,0.00033487146656221084,0.32951684958314253,-0.043839402535500525,-1.0443471531030557,bayesian_cpl,-1.0443471531030548,-8.881784197001252e-16,99.04181795025416,102.53669935898019,106.33243891292561,52.582374286240686,59.834457947986984,66.54388903811228,0.40130319631294464,0.43156427855918256,0.4625588031103898,1.765245377740488,1.9781678663281663,2.222941068747101,0.6313896395318349,0.67900085715193,0.7277660348620686,0.2718703022187486,0.32065984776969175,0.3682948565995386,-0.32223634760752323,-0.03934666445609716,0.21922210307997506,-1.366190367028131,-1.040853646668082,-0.7967497134365025,bayesian_cpl,-1.133868775448421,-0.7800666910337032,-0.5169387272732872,-1.9138372262063772,-0.6371179097659923,0.7060529807412311,0.8345555555555556
0.7178082191780822,103.74623451452774,59.71154533093729,0.4215600731625694,1.9773822891845827,0.6737634859922147,0.00033844577564414265,0.3258980682321412,-0.04526195189463807,-1.0462945895324112,bayesian_cpl,-1.0462945895324114,2.220446049250313e-16,99.54506062137867,103.07421887236828,106.88911748682513,52.970454652679294,60.16088653000883,66.78642630068985,0.3971340952206962,0.4270749044971622,0.4578937612420993,1.7782089942589816,1.9889128794633504,2.2325726119505367,0.6347243712975486,0.6825776318784202,0.7318342424463663,0.2677981415979205,0.3170794948123825,0.36495679310712725,-0.3224883471623881,-0.04021604829330101,0.21644734159905474,-1.3716232805535424,-1.043394827252701,-0.7951884643826913,bayesian_cpl,-1.133868775448421,-0.7800666910337032,-0.5169387272732872,-1.9138372262063772,-0.6371179097659923,0.7060529807412311,0.8345555555555556
0.7267808219178084,104.28326274627177,59.99248905189156,0.4172294311299843,1.986778641668919,0.6773459779678455,0.00034202253634079,0.32231199949581374,-0.046627382379980715,-1.048221787639429,bayesian_cpl,-1.0482217876394286,-4.440892098500626e-16,100.0992547708286,103.59617778848381,107.43099838607395,53.312346114454975,60.451464009691676,67.00274091331612,0.3931379265468595,0.42278219814051904,0.4528375911156701,1.7913757860915616,1.9990682923799517,2.241057540234815,0.6382349217598051,0.6863605491379374,0.7351536064561286,0.26447518132846176,0.3132928764621308,0.3614428046402593,-0.32224026074641,-0.04246802837829299,0.213712082173647,-1.3781860639459345,-1.0440843938301323,-0.7954342260078326,bayesian_cpl,-1.133868775448421,-0.7800666910337032,-0.5169387272732872,-1.9138372262063772,-0.6371179097659923,0.7060529807412311,0.8345555555555556
0.7357534246575343,104.82281255010733,60.27359743954214,0.41294531229517745,1.9961323423201305,0.6808957188617577,0.0003456014728616338,0.3187586796653807,-0.04793722015658917,-1.0501290612770258,bayesian_cpl,-1.0501290612770262,4.440892098500626e-16,100.66092271016183,104.12565920391557,108.0073345864374,53.69084667227532,60.73723841498825,67.297158099856,0.3889534801286976,0.41849341545939817,0.4477982217268072,1.8027413580942102,2.0085983933873193,2.2495815225884774,0.6413361565579512,0.6900438544134719,0.7383638535403516,0.261261375950417,0.3096059008048116,0.3583383211716542,-0.3209114450320974,-0.04347446929115183,0.2142847505772619,-1.3831568252943782,-1.0467334973123783,-0.7942063568730983,bayesian_cpl,-1.133868775448421,-0.7800666910337032,-0.5169387272732872,-1.9138372262063772,-0.6371179097659923,0.7060529807412311,0.8345555555555556
0.7447260273972603,105.36488518447196,60.554821958656774,0.40870726771897564,2.005441827620307,0.6844126857477688,0.00034918231571620824,0.31523813193651495,-0.049192958885864065,-1.0520167178419169,bayesian_cpl,-1.052016717841917,2.220446049250313e-16,101.15564196832858,104.67736848209043,108.58832882348057,53.98364879916001,60.97821604654369,67.62510970879711,0.3848024850923204,0.4140936440211634,0.44342884024208024,1.8148523180405949,2.017479737324828,2.258774014292961,0.64438223419491,0.693432599418507,0.7425567085750404,0.2570644444566753,0.306213616372199,0.35528900673117436,-0.32169841857866177,-0.04454128575383938,0.21309571973751382,-1.3889309376973678,-1.0470256399990518,-0.7909607248364311,bayesian_cpl,-1.133868775448421,-0.7800666910337032,-0.5169387272732872,-1.9138372262063772,-0.6371179097659923,0.7060529807412311,0.8345555555555556
0.7536986301369863,105.90948148009205,60.836115799622974,0.4045148536634922,2.0147056042514606,0.6878968684143365,0.00035276480169371156,0.3117503667839698,-0.05039606019832397,-1.0538850584397723,bayesian_cpl,-1.0538850584397716,-6.661338147750939e-16,101.73080617284587,105.22343988269853,109.15468057491599,54.38291486273787,61.239850658354754,67.84959056834461,0.3808197219521992,0.40980680557641186,0.43842891462469147,1.8297002058349068,2.027046906633293,2.26866087442716,0.6476021629091013,0.6968960859108712,0.7455693521788735,0.2540483076234213,0.30274653434103643,0.3520657360753763,-0.32075710989201606,-0.04553229099585768,0.21158000821962408,-1.394645964900796,-1.0493047881582458,-0.7875959350851294,bayesian_cpl,-1.133868775448421,-0.7800666910337032,-0.5169387272732872,-1.9138372262063772,-0.6371179097659923,0.7060529807412311,0.8345555555555556
0.7626712328767125,106.45660185526042,61.117433832734754,0.4003676313070052,2.0239222475028518,0.6913482689911891,0.0003563486738373579,0.30829538233497356,-0.05154795416606497,-1.0557343780453343,bayesian_cpl,-1.0557343780453343,0.0,102.2358487112471,105.78973607537326,109.72646759932012,54.78803702274508,61.50611117064657,68.14402404855488,0.37686114370377966,0.4054311279838395,0.43410796116002703,1.841493149898237,2.0377281094152515,2.277438490857407,0.650757651159521,0.7000918321287588,0.7496105180219843,0.25000310260025077,0.2995473124136764,0.34890692220186365,-0.3209232204864173,-0.045943121126020024,0.21116945468979906,-1.4003028091966154,-1.0521877853320656,-0.7858725848031026,bayesian_cpl,-1.133868775448421,-0.7800666910337032,-0.5169387272732872,-1.9138372262063772,-0.6371179097659923,0.7060529807412311,0.8345555555555556
0.7716438356164385,107.00624633070757,61.39873256338261,0.39626516648070814,2.0330903996837693,0.6947669015776313,0.0003599336814137192,0.30487316474095494,-0.0526500397747797,-1.0575649656576755,bayesian_cpl,-1.0575649656576755,0.0,102.75666048314363,106.34155061894285,110.29904146327945,55.11569553860428,61.79888476675185,68.39850857894838,0.372958646956785,0.4012344177781383,0.429718641256477,1.853750016645969,2.04691491578667,2.2850439115189203,0.6539038640817959,0.7034794294986143,0.753420472426125,0.2461892075921991,0.29615612317339224,0.3457573719031724,-0.3201928955880356,-0.046497062760434756,0.21132926722173473,-1.4058979794248163,-1.0537772883984096,-0.7851220087911905,bayesian_cpl,-1.133868775448421,-0.7800666910337032,-0.5169387272732872,-1.9138372262063772,-0.6371179097659923,0.7060529807412311,0.8345555555555556
0.7806164383561645,107.55841454407519,61.679970088138425,0.39220702942602864,2.04220876854317,0.6981527918729504,0.0003635195798773085,0.3014836885471723,-0.053703685395190284,-1.059377104450752,bayesian_cpl,-1.0593771044507518,-2.220446049250313e-16,103.27541578202276,106.91657159925478,110.89589849962161,55.517390425644535,62.05605041272563,68.69186291412484,0.36895482376549,0.3969301686235778,0.42541250641242756,1.866296065312758,2.0557573642341014,2.2925953836874116,0.6567624263742343,0.706560272029538,0.7572605964868901,0.24234510722568248,0.2930718307189777,0.3428956055006017,-0.3191319774921205,-0.04860681605696637,0.21115978471004243,-1.4110662518173929,-1.0546238520191686,-0.784383505017618,bayesian_cpl,-1.133868775448421,-0.7800666910337032,-0.5169387272732872,-1.9138372262063772,-0.6371179097659923,0.7060529807412311,0.8345555555555556
0.7895890410958905,108.11310576399954,61.96110605172681,0.388192794571284,2.051276125697501,0.7015059768093136,0.0003671061308306504,0.2981269170598558,-0.05471022925376254,-1.0611710719194338,bayesian_cpl,-1.0611710719194334,-4.440892098500626e-16,103.82454993049782,107.4500947940912,111.48905000252903,55.87596474177507,62.317329001407295,68.97414516134242,0.365039391344739,0.39299819077879,0.42092434497295084,1.87960537107117,2.06475394383028,2.2999285728229144,0.6596652961628964,0.7101898426812322,0.7606553957529673,0.23894654454624384,0.2894385068212371,0.3399894934147789,-0.3179662214587522,-0.05071222341148101,0.210496044038811,-1.4149826242890462,-1.0560832797732198,-0.7837020636287312,bayesian_cpl,-1.133868775448421,-0.7800666910337032,-0.5169387272732872,-1.9138372262063772,-0.6371179097659923,0.7060529807412311,0.8345555555555556
0.7985616438356166,108.67031890381251,62.242101604873994,0.3842220403264971,2.0602913050679965,0.7048265041875401,0.0003706931019800819,0.2948028027104798,-0.05567097990254394,-1.0629471400211634,bayesian_cpl,-1.062947140021163,-4.440892098500626e-16,104.38688252461708,108.00788899711775,112.06436072431202,56.18325123557778,62.627470135650476,69.23398374897161,0.36130096451201077,0.38894948532043955,0.41640151560719846,1.89071307958174,2.074656082123865,2.307458632647043,0.6627795104106766,0.7134986473212028,0.7638573371127224,0.2357409233895682,0.286126098591071,0.33687191048342524,-0.3167004690611868,-0.052023289497347386,0.20714283877772238,-1.4189780390921138,-1.0571899253488088,-0.7830788635821228,bayesian_cpl,-1.133868775448421,-0.7800666910337032,-0.5169387272732872,-1.9138372262063772,-0.6371179097659923,0.7060529807412311,0.8345555555555556
0.8075342465753426,109.23005253486865,62.5229193630256,0.38029434889525277,2.0692532013286606,0.7081144323160906,0.0003742802670875214,0.29151128741682186,-0.05658721668796129,-1.0647055753133945,bayesian_cpl,-1.0647055753133943,-2.220446049250313e-16,104.93373229723993,108.60805254753619,112.63303791873439,56.50897754037221,62.921019331324835,69.45811468936978,0.35766180975228523,0.38466272522758377,0.4120727707219369,1.9004627475287506,2.084444437398519,2.3149554452905483,0.6659722662448603,0.7162484220419375,0.7672863847710081,0.23230805909297958,0.28337299839737473,0.3336757281098548,-0.31532723363196924,-0.05192759848449956,0.2056717070172684,-1.4223546804265261,-1.0585296075944957,-0.7826834770044201,bayesian_cpl,-1.133868775448421,-0.7800666910337032,-0.5169387272732872,-1.9138372262063772,-0.6371179097659923,0.7060529807412311,0.8345555555555556
0.8165068493150686,109.7923048995055,62.80352336592384,0.37640930610253154,2.078160768366079,0.7113698296536056,0.0003778674059184403,0.28825230294047594,-0.057460190218411304,-1.0664466390869585,bayesian_cpl,-1.066446639086959,4.440892098500626e-16,105.46858258230043,109.15886600306789,113.21054625361863,56.859634224237375,63.21406516152053,69.67767977782033,0.3540221167339169,0.38079051863437324,0.40790397553820473,1.9138614251129762,2.0937946173530833,2.3223346584238795,0.6690606443349081,0.7196498120077176,0.770891093523072,0.22869942240041466,0.2799679224022932,0.3305839621699811,-0.31480479475183337,-0.05294435193100283,0.2052624928931978,-1.4270045878434747,-1.061268070483703,-0.7821610588449683,bayesian_cpl,-1.133868775448421,-0.7800666910337032,-0.5169387272732872,-1.9138372262063772,-0.6371179097659923,0.7060529807412311,0.8345555555555556
0.8254794520547946,110.35707392364505,63.0838790380354,0.372566501237513,2.0870130177521866,0.7145927744553037,0.00038145430418626524,0.28502577124051004,-0.05829112283046956,-1.0681705874954988,bayesian_cpl,-1.0681705874954974,-1.3322676295501878e-15,105.9918279146019,109.69683591955678,113.84160929437297,57.249824393256574,63.48480705128247,69.9345771851876,0.35010805662259176,0.3770647680301489,0.4038865534101789,1.9285377165191997,2.104442418511738,2.3297394904922792,0.6715168613122263,0.7232205736184405,0.774665494100815,0.22492098438372526,0.27639336650166063,0.32812467858820654,-0.314144381576358,-0.054466174832197935,0.2046517407969027,-1.4315421110464026,-1.0636734466190965,-0.7808484126918351,bayesian_cpl,-1.133868775448421,-0.7800666910337032,-0.5169387272732872,-1.9138372262063772,-0.6371179097659923,0.7060529807412311,0.8345555555555556
0.8344520547945207,110.92435722904389,63.36395314982001,0.3687655269103851,2.0958090172309936,0.7177833544235167,0.0003850407534934352,0.28183160482298986,-0.05908120905353042,-1.0698776716810943,bayesian_cpl,-1.0698776716810947,4.440892098500626e-16,106.56160901503266,110.26499201522937,114.50972153284724,57.641942623603946,63.7598856955742,70.13893539696173,0.3460345316641881,0.3731890190193319,0.3995789660369032,1.941426700121401,2.1142720515649196,2.3373959118093635,0.6735386275535745,0.726393456975205,0.7777601474900003,0.22182263838629349,0.2732168835512467,0.3261000659058629,-0.31249457608366166,-0.05490948691801177,0.20331098046328316,-1.4366089351440507,-1.0655245824081128,-0.781746926532302,bayesian_cpl,-1.133868775448421,-0.7800666910337032,-0.5169387272732872,-1.9138372262063772,-0.6371179097659923,0.7060529807412311,0.8345555555555556
0.8434246575342467,111.49415214519978,63.643713779830314,0.3650059789222505,2.1045478892202594,0.7209416663626376,0.00038862655126933415,0.2786697070860931,-0.059831616072730444,-1.071568137896244,bayesian_cpl,-1.0715681378962443,2.220446049250313e-16,107.15959130929483,110.814654980078,115.08957804119468,58.05927228147772,64.01912441856174,70.4170180550064,0.34255652390487784,0.36949601570367213,0.39513186996342786,1.9517378108347578,2.1221373340255223,2.3454494055480515,0.6766006186983053,0.7298101638288589,0.7804448288916875,0.2191344691341314,0.2697964290200729,0.3230346569733616,-0.31077954989260964,-0.05572903161521796,0.20231162472775746,-1.4415570299337084,-1.067661879912996,-0.782110719258804,bayesian_cpl,-1.133868775448421,-0.7800666910337032,-0.5169387272732872,-1.9138372262063772,-0.6371179097659923,0.7060529807412311,0.8345555555555556
0.8523972602739727,112.06645572092144,63.92313027763352,0.361287456147264,2.1132288093290463,0.724067815838715,0.0003922115007053105,0.27553997266057967,-0.06054348418992005,-1.0732422276222693,bayesian_cpl,-1.0732422276222695,2.220446049250313e-16,107.69820966315358,111.40049159869143,115.71821081318042,58.440354603344396,64.28707886227528,70.61945154559665,0.3388448662402674,0.365619998309065,0.3911895457264412,1.9629545853349601,2.1311721608201486,2.3530356922454985,0.6790898992816028,0.7327508029913211,0.783995555709604,0.2155797712601564,0.2668522821261256,0.3205422527590143,-0.30890776070655246,-0.05485842021540355,0.2012565155847491,-1.4464533201917313,-1.0698922857439719,-0.7825365442604552,bayesian_cpl,-1.133868775448421,-0.7800666910337032,-0.5169387272732872,-1.9138372262063772,-0.6371179097659923,0.7060529807412311,0.8345555555555556
0.8613698630136988,112.64126473556985,64.20217322754431,0.35760956042617903,2.1218510048919743,0.7271619168439272,0.0003957954106869913,0.2724422877453858,-0.06121792728255516,-1.0749001776843188,bayesian_cpl,-1.0749001776843183,-4.440892098500626e-16,108.26293892413514,111.97610333529867,116.3814093458938,58.845424076039635,64.60287431566302,70.84879773569034,0.3349939291993979,0.36187072976213674,0.3871190404412232,1.9742350346746975,2.140678078058054,2.3613241574070316,0.6811753785257038,0.7358265623266678,0.7871663810065588,0.2124051630555922,0.2637729260820562,0.31845385661099923,-0.30746247165852,-0.055237558746766016,0.20015912104665282,-1.4514509813116976,-1.070970910533911,-0.7814060149581404,bayesian_cpl,-1.133868775448421,-0.7800666910337032,-0.5169387272732872,-1.9138372262063772,-0.6371179097659923,0.7060529807412311,0.8345555555555556
0.8703424657534248,113.2185757099772,64.48081441315938,0.35397189647052874,2.130413753521008,0.730224091466134,0.00039937809572409384,0.2693765304381419,-0.06185603326029018,-1.07654222036305,bayesian_cpl,-1.0765422203630497,-2.220446049250313e-16,108.81278493515241,112.54039167749247,116.989139403563,59.22379402700524,64.90817588702365,71.11455612435978,0.33152254282529525,0.3582509183619159,0.38321659372083067,1.9866143066932866,2.149882551920386,2.3687858903225187,0.6839123389427032,0.739051472690909,0.790554255224154,0.2090133705818036,0.2605443212944514,0.31571361203486487,-0.30575439264190296,-0.05736795178619939,0.19720827929655405,-1.4570016176672926,-1.0712774196777222,-0.780483519601312,bayesian_cpl,-1.133868775448421,-0.7800666910337032,-0.5169387272732872,-1.9138372262063772,-0.6371179097659923,0.7060529807412311,0.8345555555555556
0.8793150684931508,113.79838491705155,64.7590267826834,0.35037407177670005,2.138916381675511,0.7332544695637044,0.0004029593758779329,0.26634257106041764,-0.06245886451911425,-1.078168583503118,bayesian_cpl,-1.078168583503118,0.0,109.34995298728231,113.1443549802432,117.5844504254239,59.60827768194993,65.19687889137037,71.3832137014978,0.32817415047744536,0.3544364476091301,0.3794608389441545,1.9989052005827712,2.1596798568615294,2.3753494554664303,0.686795005728106,0.7417561124537507,0.7941265595632394,0.2054370288551168,0.25783625609968497,0.3128275666552182,-0.30523683933800616,-0.05829755171686469,0.1971402258943356,-1.4624530739399237,-1.0734634411723494,-0.7790461580041784,bayesian_cpl,-1.133868775448421,-0.7800666910337032,-0.5169387272732872,-1.9138372262063772,-0.6371179097659923,0.7060529807412311,0.8345555555555556
0.8882876712328768,114.38068839207372,65.03678441503538,0.34681569654920424,2.147358263251231,0.7362531884457744,0.00040653907668680733,0.26334027247753883,-0.06302745839283941,-1.0797794906185687,bayesian_cpl,-1.0797794906185685,-2.220446049250313e-16,109.87179510675651,113.72978836017039,118.16472305311585,59.98795305021393,65.48483194037505,71.65542550211046,0.3249589305943111,0.3507968581641132,0.37586485300791195,2.0115588158539923,2.167921928223783,2.3826845581544305,0.6898535768263502,0.744704775158427,0.7979214874218253,0.20163792193645558,0.2548840190275292,0.30976550470623504,-0.30460950384742425,-0.05935374472717673,0.19526106497779866,-1.4672918414035445,-1.076037803724303,-0.7775468505414567,bayesian_cpl,-1.133868775448421,-0.7800666910337032,-0.5169387272732872,-1.9138372262063772,-0.6371179097659923,0.7060529807412311,0.8345555555555556
0.8972602739726029,114.96548194269357,65.31406248672592,0.3432963836324838,2.1557388181888926,0.7392203925581017,0.00041011702908946005,0.2603694904128089,-0.06356282760177043,-1.0813751609952371,bayesian_cpl,-1.0813751609952376,4.440892098500626e-16,110.43385845583397,114.33706497266614,118.77660668554208,60.36038305183399,65.75048425517073,71.92562804129587,0.32161947508221883,0.3470803906404173,0.3720485920253268,2.0235310976281857,2.177623315499105,2.3894265650298214,0.6925434870852858,0.7473684980413268,0.8011325471522598,0.19842298716003376,0.25221686438760854,0.3070722920784142,-0.30335714694558524,-0.05927616027327235,0.19315829777138957,-1.4710841872662919,-1.0767678296281047,-0.77632269261831,bayesian_cpl,-1.133868775448421,-0.7800666910337032,-0.5169387272732872,-1.9138372262063772,-0.6371179097659923,0.7060529807412311,0.8345555555555556
0.9062328767123289,115.55276115863249,65.59083723949385,0.33981574845062773,2.164057511102925,0.7421562331746434,0.00041369306934677965,0.2574300737560098,-0.06406596069839213,-1.0829558097902647,bayesian_cpl,-1.0829558097902638,-8.881784197001252e-16,111.02721828941607,114.92285436825962,119.41836777388393,60.733313416496046,66.02397852439351,72.19090958330989,0.3181719576881113,0.34355110417963836,0.3680825586819742,2.0357390666971447,2.1861878856565435,2.3972438307858868,0.6948862808632273,0.7503142351214327,0.8038908334714467,0.1956610613298729,0.24926752437201763,0.3047263753060167,-0.3010257903772653,-0.05920398130869269,0.1919834486890652,-1.4771360003482708,-1.0775317969888671,-0.7748218296747247,bayesian_cpl,-1.133868775448421,-0.7800666910337032,-0.5169387272732872,-1.9138372262063772,-0.6371179097659923,0.7060529807412311,0.8345555555555556
0.9152054794520549,116.14252142109895,65.86708594869214,0.33637340895440543,2.1723138499308976,0.7450608680949792,0.0004172670389619238,0.2545218648660589,-0.06453782250988774,-1.0845216481288036,bayesian_cpl,-1.0845216481288031,-4.440892098500626e-16,111.61567363164299,115.51281304483796,120.03214932345274,61.117900797579225,66.28774260121868,72.45183138011353,0.3149263459835172,0.3400508279222442,0.3642116131422068,2.0462867057954064,2.1955691457731827,2.404242637067912,0.6975560210119458,0.7532062829690137,0.8067219745505729,0.19282622546367972,0.24637188819943648,0.30205331676452074,-0.29892403503409265,-0.05956875538026208,0.19274950901194446,-1.4821267023214448,-1.0791621517499295,-0.7738737181023608,bayesian_cpl,-1.133868775448421,-0.7800666910337032,-0.5169387272732872,-1.9138372262063772,-0.6371179097659923,0.7060529807412311,0.8345555555555556
0.9241780821917809,116.73475791192352,66.14278689241173,0.332968985575061,2.1805073846040983,0.7479344613476855,0.0004208387845990244,0.2516446998677155,-0.06497935457735446,-1.0860728831980337,bayesian_cpl,-1.0860728831980335,-2.220446049250313e-16,112.18419077522265,116.12179180659946,120.71068515969151,61.47105003747615,66.52397902063741,72.71554302672449,0.3113957841552536,0.33649351584173165,0.36052953376715285,2.056782112868495,2.2043082605163264,2.4111304012112194,0.6994754712240202,0.7558514679179917,0.8098425809009173,0.1897017465969108,0.24372323865118703,0.30013095631424785,-0.2957223160194324,-0.05980529085812794,0.19344235547378616,-1.4876434393504459,-1.0807773015507751,-0.772694152457239,bayesian_cpl,-1.133868775448421,-0.7800666910337032,-0.5169387272732872,-1.9138372262063772,-0.6371179097659923,0.7060529807412311,0.8345555555555556
0.933150684931507,117.32946562242039,66.41791932133293,0.32960210118433814,2.188637705739713,0.7507771828997459,0.00042440815800063783,0.24879840894225344,-0.06539147559152762,-1.087609718338546,bayesian_cpl,-1.0876097183385458,-2.220446049250313e-16,112.75329464644051,116.7502135461733,121.30033841644037,61.82820456660886,66.79396112901384,72.9685250278848,0.3083757734527889,0.33288083316718303,0.3568993152657982,2.069546455407536,2.2136402191073206,2.4184108602063774,0.7024272407108563,0.7582455732792929,0.8129555653052271,0.18658487760930728,0.2413257967431355,0.2971756829552464,-0.29542769851237116,-0.06029951878420377,0.19383056480772395,-1.492398189626053,-1.082373650469804,-0.7714331003872221,bayesian_cpl,-1.133868775448421,-0.7800666910337032,-0.5169387272732872,-1.9138372262063772,-0.6371179097659923,0.7060529807412311,0.8345555555555556
0.942123287671233,117.92663936198127,66.69246342929294,0.3262723810602413,2.1967044433549736,0.7535892083720803,0.0004279750159040942,0.2459828166120156,-0.06577508182488373,-1.0891323531331996,bayesian_cpl,-1.0891323531331998,2.220446049250313e-16,113.33678538118012,117.3557567484706,121.95800055514863,62.19589418613038,67.09897303002013,73.22435749212846,0.30505881121030115,0.32945443668191443,0.35323390130393256,2.0799307948252457,2.2233071249415035,2.4245708588388246,0.7045923632881852,0.7609387816615517,0.8158620573056212,0.18367460196036642,0.23862906938572223,0.2950074877652347,-0.29369445117715737,-0.06038181377729545,0.19354759241912053,-1.496877825940402,-1.0839628292341643,-0.7704583864299855,bayesian_cpl,-1.133868775448421,-0.7800666910337032,-0.5169387272732872,-1.9138372262063772,-0.6371179097659923,0.7060529807412311,0.8345555555555556
0.951095890410959,118.52627376640875,66.96640032455852,0.32297945285805907,2.2047072656035978,0.7563707187612457,0.00043153921995689004,0.24319774201879737,-0.06613104755996711,-1.0906409834935278,bayesian_cpl,-1.090640983493528,2.220446049250313e-16,113.91838598709666,117.96212771081238,122.61640875291724,62.53295614255478,67.41628674983352,73.47354161620667,0.30179151166398627,0.32607609558160827,0.3496362959107935,2.090022945054429,2.2306298387034276,2.4308238854842577,0.706751654241142,0.7636226038636303,0.8187971528928415,0.18073569115320906,0.23594171943096723,0.29284511616520853,-0.29016202834030436,-0.06044729879350335,0.1926672797214588,-1.5013162607973916,-1.0855336189064493,-0.7705728596509476,bayesian_cpl,-1.133868775448421,-0.7800666910337032,-0.5169387272732872,-1.9138372262063772,-0.6371179097659923,0.7060529807412311,0.8345555555555556
0.960068493150685,119.12836330599472,67.23971200179297,0.31972294658621225,2.21264587753483,0.7591219001673677,0.0004351006366312704,0.24044299919600104,-0.06646022551379827,-1.0921358017437668,bayesian_cpl,-1.0921358017437677,8.881784197001252e-16,114.49958572064486,118.56235709872166,123.2721044794615,62.871104625992544,67.6831424006374,73.71768685071653,0.2985895098157572,0.32278289128836885,0.34609579957413766,2.09952304963064,2.238716051391932,2.4372730741710327,0.7089445361415773,0.766387162362372,0.8217392708840804,0.17778973851503227,0.23317357282103346,0.2906491230336573,-0.2878227744503157,-0.06093668535137607,0.1927927266392439,-1.5057140600205787,-1.08709002737546,-0.7704278591471417,bayesian_cpl,-1.133868775448421,-0.7800666910337032,-0.5169387272732872,-1.9138372262063772,-0.6371179097659923,0.7060529807412311,0.8345555555555556
0.9690410958904111,119.73290229335052,67.51238131470583,0.31650249458650753,2.220520019875311,0.7618429435283318,0.0004386591371381331,0.23771839733453004,-0.06676344725823742,-1.0936169967025933,bayesian_cpl,-1.0936169967025935,2.220446049250313e-16,115.07479172060428,119.18811772238635,123.9023991316919,63.212917150865074,67.96765982962296,73.96047939331325,0.29555936667498767,0.3194024436807422,0.34264449838757094,2.1087477377531485,2.2468287804468803,2.4432707310413337,0.7114314160121035,0.7688233174331898,0.8247685174690689,0.17475659167673993,0.23073400422227508,0.28815895114462897,-0.2843948120402136,-0.06147829715386514,0.19360933251358606,-1.5098523820755565,-1.0888374499049804,-0.7697259916965661,bayesian_cpl,-1.133868775448421,-0.7800666910337032,-0.5169387272732872,-1.9138372262063772,-0.6371179097659923,0.7060529807412311,0.8345555555555556
0.9780136986301371,120.33988489099448,67.7843919493744,0.31331773151840625,2.228329467833994,0.7645340443602652,0.0004422145973403858,0.23502374104239443,-0.06704152363616296,-1.0950847537626278,bayesian_cpl,-1.0950847537626274,-4.440892098500626e-16,115.66459849756494,119.7827995295696,124.49097335036994,63.5794781680296,68.2433875033264,74.20194017290056,0.29277126323936187,0.3162388622372585,0.33915892467099995,2.1194463581114937,2.2551662120348426,2.4480101479387084,0.7143981187151669,0.7716619648637298,0.8275897540269446,0.17193155928468656,0.22789169767413575,0.2851886658384592,-0.28190832845774505,-0.06220151536272513,0.19455958856095096,-1.5148223045022537,-1.090567661537241,-0.7692574761045218,bayesian_cpl,-1.133868775448421,-0.7800666910337032,-0.5169387272732872,-1.9138372262063772,-0.6371179097659923,0.7060529807412311,0.8345555555555556
0.9869863013698631,120.9493051187034,68.05572839822564,0.31016829434693954,2.2360740299302675,0.7671954025043211,0.0004457668976658809,0.23235883059801307,-0.06729524517335919,-1.0965392549677926,bayesian_cpl,-1.096539254967793,4.440892098500626e-16,116.267688799796,120.3783391751905,125.13215293668799,63.95847874366595,68.52209408325396,74.4420896655481,0.2897786090335218,0.31311758779203996,0.3356495572075259,2.129861563434588,2.264905294914629,2.45489190565725,0.7167619019948636,0.7744904239909023,0.8302228236590419,0.16929478834532385,0.22505957045321534,0.282821634704686,-0.28084783491654775,-0.06283732365541538,0.19555930065606605,-1.5202031564400948,-1.0916242517838748,-0.7685748906808086,bayesian_cpl,-1.133868775448421,-0.7800666910337032,-0.5169387272732872,-1.9138372262063772,-0.6371179097659923,0.7060529807412311,0.8345555555555556
0.9959589041095891,121.56115686063323,68.32637593466723,0.3070538223339243,2.2437535468454044,0.7698272218797713,0.0004493159230200447,0.22972346219720868,-0.06752538248598956,-1.0979806790885842,bayesian_cpl,-1.0979806790885844,2.220446049250313e-16,116.85523317801989,120.98947784027676,125.78991232187262,64.30915888115383,68.7915931474621,74.68611244508139,0.28675600953786357,0.30996235518389037,0.33228277743515444,2.1393306460047836,2.2740507621089283,2.4616747589845525,0.7189377435588211,0.7771193237875612,0.8330797691657252,0.16643399704727246,0.22242710419479603,0.2806426425763271,-0.27756375630260216,-0.06316284911539907,0.19514390555498598,-1.5251152710932012,-1.0930101603450195,-0.768047521772947,bayesian_cpl,-1.133868775448421,-0.7800666910337032,-0.5169387272732872,-1.9138372262063772,-0.6371179097659923,0.7060529807412311,0.8345555555555556
1.0049315068493152,122.17543387221508,68.59632058835675,0.30397395703215735,2.2513678902974594,0.7724297102434035,0.00045286156269831745,0.2271174281938982,-0.06773268668354421,-1.0994092016953134,bayesian_cpl,-1.099409201695313,-4.440892098500626e-16,117.43206524457084,121.59634097539572,126.44644340923922,64.64863587209527,69.03742124062543,74.93734026530217,0.28378597006626366,0.3068761549165863,0.3290264113465014,2.1478479227486944,2.2831936830910653,2.4695296715409274,0.7211299177390962,0.7798044994945146,0.8360906245396491,0.16341919065548735,0.21973831523728932,0.27844729683832736,-0.27567992428490085,-0.0634638785228989,0.19399533348530004,-1.5290521231243532,-1.0937090611397466,-0.7676846956034814,bayesian_cpl,-1.133868775448421,-0.7800666910337032,-0.5169387272732872,-1.9138372262063772,-0.6371179097659923,0.7060529807412311,0.8345555555555556
1.0139041095890413,122.79212978683208,68.86554912109723,0.30092834228228155,2.2589169619396294,0.7750030789552024,0.0004564037102985039,0.22454051733449912,-0.06791788976717182,-1.1008249952293974,bayesian_cpl,-1.100824995229397,-4.440892098500626e-16,118.03247526140116,122.22527311987564,127.11665799602535,64.98720910425347,69.28586019090928,75.18694163855336,0.28080137121571097,0.30372610739925093,0.3256875277976411,2.1570856310189073,2.291601701581222,2.4749401597366165,0.7231685976021546,0.7822083709639251,0.8387672457375628,0.16073879947254452,0.21733098208843205,0.27640552430770676,-0.27380241441139547,-0.06374116599125952,0.19283434522125673,-1.5327680699682071,-1.0947375330544122,-0.7669530307589194,bayesian_cpl,-1.133868775448421,-0.7800666910337032,-0.5169387272732872,-1.9138372262063772,-0.6371179097659923,0.7060529807412311,0.8345555555555556
1.0228767123287672,123.41123812228297,69.13404900334825,0.29791662421204035,2.266400692282139,0.777547542750301,0.0004599422636331473,0.22199251498606584,-0.06808170502329663,-1.1022282290727536,bayesian_cpl,-1.102228229072754,4.440892098500626e-16,118.64460765122162,122.85657508593934,127.79137516672556,65.36194195599387,69.58279702480581,75.43494574460952,0.277844030286937,0.30061271683795254,0.3223355083295562,2.166801459649574,2.299315213523758,2.4799081230556554,0.7251590729078788,0.7845842101462541,0.8412796134009307,0.15822274493928423,0.21495168519417862,0.2744119741507902,-0.2718235585387712,-0.0641769557262003,0.19138705643189316,-1.5363850833292618,-1.0959960683655152,-0.7665465834787112,bayesian_cpl,-1.133868775448421,-0.7800666910337032,-0.5169387272732872,-1.9138372262063772,-0.6371179097659923,0.7060529807412311,0.8345555555555556
1.0318493150684933,124.03275228703728,69.40180839134102,0.2949384512376563,2.273819039637621,0.7800633195171622,0.0004634771246420117,0.21947320335819576,-0.06822482741243353,-1.103619069615355,bayesian_cpl,-1.103619069615354,-8.881784197001252e-16,119.24080508713197,123.50851465180939,128.4706509389526,65.68364987895592,69.87754953537112,75.68138105269848,0.27491365243567006,0.2974475248501149,0.31912024990738386,2.175396515806089,2.3068766688268085,2.4847107183113035,0.7271010456576786,0.7866994033605342,0.8440201690328722,0.15547835367509796,0.21283317666431192,0.27246694492265755,-0.2686347139648808,-0.06422743811678605,0.1888176215489188,-1.539970151384379,-1.097142355652886,-0.7664031328289518,bayesian_cpl,-1.133868775448421,-0.7800666910337032,-0.5169387272732872,-1.9138372262063772,-0.6371179097659923,0.7060529807412311,0.8345555555555556
1.0408219178082192,124.65666558628813,69.66881610478654,0.29199347406708237,2.2811719890899793,0.7825506300819574,0.0004670081993047735,0.21698236171873786,-0.06834793395311184,-1.104997680320989,bayesian_cpl,-1.1049976803209907,1.5543122344752192e-15,119.85354388812402,124.12987273735096,129.16160777589596,66.02567842925019,70.11569101636134,75.92627534202948,0.27198018966500237,0.2944771062177225,0.31586564823871605,2.1843772050868733,2.316761618246496,2.4901935755082474,0.7289144713667832,0.7892068333090498,0.8465287206852645,0.15296609046393153,0.21032218622280577,0.27065052925856353,-0.26625300851397543,-0.06416685938466486,0.18628473916599977,-1.5435236954822378,-1.0982785634910233,-0.7663746977141562,bayesian_cpl,-1.133868775448421,-0.7800666910337032,-0.5169387272732872,-1.9138372262063772,-0.6371179097659923,0.7060529807412311,0.8345555555555556
1.0497945205479453,125.28297122780762,69.9350616051652,0.2890813457048943,2.288459551486632,0.7850096979990944,0.0004705353975540021,0.21451976660335162,-0.06845168410086695,-1.1063642217913257,bayesian_cpl,-1.1063642217913254,-2.220446049250313e-16,120.45691618555891,124.76199231322236,129.8411280047825,66.36164064075953,70.39438980641798,76.16965572164827,0.26914083633904384,0.29150066797370955,0.31270922207750596,2.1936056555653947,2.3254608821760736,2.4957125784608896,0.7308606030546765,0.7915794454830565,0.84917195672387,0.1503190489729166,0.20794608120785535,0.2687013185556024,-0.26182001742824806,-0.06345697520189524,0.18439219636420223,-1.5470461295940139,-1.0994048242427987,-0.7648072606041151,bayesian_cpl,-1.133868775448421,-0.7800666910337032,-0.5169387272732872,-1.9138372262063772,-0.6371179097659923,0.7060529807412311,0.8345555555555556
1.0587671232876714,125.91166232760969,70.20053497458703,0.28620172145861195,2.2956817624540973,0.7874407493478403,0.0004740586331885134,0.21208519201897125,-0.06853672012217743,-1.1077188518282577,bayesian_cpl,-1.1077188518282575,-2.220446049250313e-16,121.06937808625679,125.40529927499499,130.503979368184,66.71298573541172,70.65371405401325,76.41031803291045,0.2664137595036314,0.2885176452999171,0.3095533744586211,2.2026071527929814,2.331516211908336,2.502371049473077,0.7329971649050759,0.7938126635198993,0.8516892907022535,0.1477979714677751,0.20570944179838954,0.2665615528341143,-0.25936522747671686,-0.0627555501780898,0.18429270361751068,-1.5505378604741238,-1.1000472801434449,-0.7641350531299149,bayesian_cpl,-1.133868775448421,-0.7800666910337032,-0.5169387272732872,-1.9138372262063772,-0.6371179097659923,0.7060529807412311,0.8345555555555556
1.0677397260273973,126.54273191542634,70.46522689521166,0.28335425894624117,2.302838681436767,0.7898440125349889,0.00047757782378717636,0.2096784096412239,-0.06860366746334842,-1.1090617254946669,bayesian_cpl,-1.1090617254946675,6.661338147750939e-16,121.68528049640607,126.04021296895031,131.15129543671674,67.0648102243306,70.90568567240742,76.61932553877263,0.26379040366183026,0.28561821478446575,0.30642773136233675,2.211505999229698,2.3395502534294947,2.508792724706559,0.7353101791069739,0.7961547416206053,0.8541608295964961,0.14532270352689403,0.20336386478411925,0.2642452168578326,-0.2558051611954465,-0.06253860025508384,0.1839039039709722,-1.5539992878168356,-1.1007209236707498,-0.7637264325070042,bayesian_cpl,-1.133868775448421,-0.7800666910337032,-0.5169387272732872,-1.9138372262063772,-0.6371179097659923,0.7060529807412311,0.8345555555555556
1.0767123287671234,127.17617294000107,70.729128629216,0.28053861810485686,2.309930390758735,0.7922197181034963,0.0004810928906232369,0.20729918900588043,-0.06865313511424667,-1.1103929951735914,bayesian_cpl,-1.1103929951735911,-2.220446049250313e-16,122.30471714496596,126.68061544334347,131.82165009588272,67.4218703123451,71.18088817542215,76.85346134670513,0.2611143077847035,0.2827377696398756,0.30333166038900533,2.220657648748223,2.3479635583430074,2.5146674825886923,0.7373669432871784,0.7984299547579318,0.856585535740482,0.14289428380700164,0.20108518104831372,0.26218527437909567,-0.2526774858452515,-0.06357266769418396,0.18241128207391047,-1.5574308044087608,-1.1016879950993568,-0.7634825499235437,bayesian_cpl,-1.133868775448421,-0.7800666910337032,-0.5169387272732872,-1.9138372262063772,-0.6371179097659923,0.7060529807412311,0.8345555555555556
1.0856849315068495,127.81197827420547,70.9922319993001,0.277754461200048,2.316956994708547,0.7945680985470256,0.0004846037585792342,0.20494729769439518,-0.06868571596684683,-1.1117128106258594,bayesian_cpl,-1.1117128106258591,-2.220446049250313e-16,122.9298167755495,127.29648722097066,132.50757726057938,67.77350205806695,71.47149466758246,77.0946077132815,0.2584179820275475,0.2800085665358507,0.30025461305393325,2.2297731251337445,2.3574141128761243,2.520360670271449,0.739252517215563,0.8010163845002205,0.8589339517481546,0.140542188028726,0.19849507895857907,0.26029661576745394,-0.2499356919949705,-0.06383757935937903,0.18078330786557906,-1.5608327962774575,-1.1035433163716923,-0.7639089348726558,bayesian_cpl,-1.133868775448421,-0.7800666910337032,-0.5169387272732872,-1.9138372262063772,-0.6371179097659923,0.7060529807412311,0.8345555555555556
1.0946575342465754,128.45014071998304,71.25452936971897,0.27500145283606675,2.323918618646655,0.7968893881303236,0.0004881103560625679,0.20262250151361383,-0.06870198716856596,-1.1130213190462626,bayesian_cpl,-1.1130213190462626,0.0,123.5685458924642,127.90900271457689,133.19748286045004,68.14481174485536,71.72908008657815,77.33425929384805,0.2557479402855482,0.2773332437780651,0.29715858714526905,2.2379276264795354,2.365218796372264,2.525528006590753,0.7410972471161144,0.803646368640258,0.8610955405716605,0.13837702154652953,0.19586138222079225,0.25844881630679606,-0.2465959130433358,-0.06384257599761861,0.18010253028172424,-1.5646479936866846,-1.1048913956507997,-0.762816195442138,bayesian_cpl,-1.133868775448421,-0.7800666910337032,-0.5169387272732872,-1.9138372262063772,-0.6371179097659923,0.7060529807412311,0.8345555555555556
1.1036301369863015,129.09065301312512,71.51601362783023,0.272279259966532,2.3308154081354067,0.7991838227153496,0.0004916126149217776,0.20032456466972862,-0.06870251047032948,-1.1143186651182762,bayesian_cpl,-1.1143186651182744,-1.7763568394002505e-15,124.2086423670943,128.5400826305906,133.8709252834466,68.49460397696762,72.002554079276,77.57244276007545,0.25318130072596295,0.27461674011292103,0.29410372645318766,2.2468832516868953,2.3740662172846774,2.5310819869366177,0.7431282124796821,0.806044706350563,0.8632421742683559,0.13622680804767626,0.19345946060756372,0.2564146571413295,-0.24331876622833887,-0.06369147067562911,0.1794298098058911,-1.5692638013756397,-1.1059677960279468,-0.761390693488797,bayesian_cpl,-1.133868775448421,-0.7800666910337032,-0.5169387272732872,-1.9138372262063772,-0.6371179097659923,0.7060529807412311,0.8345555555555556
1.1126027397260274,129.73350782788376,71.77667816614698,0.26958755190555006,2.337647528091339,0.8014516395930769,0.0004951104703635888,0.19805324993655954,-0.0686878325693458,-1.115604991067382,bayesian_cpl,-1.1156049910673818,-2.220446049250313e-16,124.86300607189246,129.19392469137472,134.53207333043244,68.87614079470129,72.26099209440146,77.80918413305207,0.2506989382963009,0.2718441389221858,0.29102921432120316,2.2541449588266813,2.3815016994581515,2.5385808564437986,0.7452980440736646,0.8081602036628334,0.8651951447258622,0.1342703661622569,0.19134054153650543,0.2542415353008941,-0.24195632699461533,-0.0635874709248188,0.1787559512067313,-1.5740478766818864,-1.1078960689971096,-0.7605746570075038,bayesian_cpl,-1.133868775448421,-0.7800666910337032,-0.5169387272732872,-1.9138372262063772,-0.6371179097659923,0.7060529807412311,0.8345555555555556
1.1215753424657535,130.3786977814254,72.03651686488428,0.26692600033912633,2.344415161959536,0.8036930773208785,0.0004986038608707754,0.19580831881825075,-0.06865848544658225,-1.116880436713061,bayesian_cpl,-1.1168804367130614,4.440892098500626e-16,125.5136157958771,129.83745472656972,135.17891952981392,69.17700713510436,72.51369020010452,78.0453343343673,0.2483054328431362,0.26915606512716994,0.2880198873192555,2.2621460306662233,2.390787926556729,2.5444413191520985,0.7476280211880914,0.8104076260341945,0.867205102819257,0.1322568910380574,0.18908960446010473,0.25190815720092474,-0.23934890976467063,-0.06382075664363815,0.1780811203813318,-1.578791486201843,-1.1093842078443936,-0.7598477966636522,bayesian_cpl,-1.133868775448421,-0.7800666910337032,-0.5169387272732872,-1.9138372262063772,-0.6371179097659923,0.7060529807412311,0.8345555555555556
1.1305479452054796,131.02621543813046,72.29552407498998,0.264294279336751,2.3511185109098185,0.8059083755654097,0.0005020927281208872,0.1935895317064694,-0.06861498669889446,-1.1181451395194448,bayesian_cpl,-1.1181451395194446,-2.220446049250313e-16,126.15912099410849,130.47580994350292,135.8686263641331,69.47285435240455,72.78337207297123,78.28269760508121,0.2457908948045217,0.2665288061874567,0.2850800646435574,2.2699507308940996,2.397385357554439,2.5499283321128368,0.7494862970843585,0.8127220830316808,0.8692901427133692,0.13016827678875176,0.18677157920059567,0.2500467619692488,-0.2362258606121141,-0.06404587453507114,0.17740547724546915,-1.583495141189101,-1.1106731156932925,-0.7593366478816497,bayesian_cpl,-1.133868775448421,-0.7800666910337032,-0.5169387272732872,-1.9138372262063772,-0.6371179097659923,0.7060529807412311,0.8345555555555556
1.1395205479452055,131.6760533137427,72.5536946016486,0.26169206536305234,2.3577577930545,0.8080977749508977,0.0005055770169058862,0.1913966480321964,-0.0685578398658166,-1.1193992346447013,bayesian_cpl,-1.1193992346447033,1.9984014443252818e-15,126.8007312885881,131.12147563483288,136.62032151300443,69.78621063734282,73.05422443038302,78.51725621763026,0.24309361456163972,0.2639103974527646,0.28220235975950897,2.277655765997169,2.404948802846903,2.5554412844174146,0.7506662793138228,0.8149479223686718,0.8714329901106331,0.12802180792837858,0.18454221489900005,0.24886407501958652,-0.23428308608453927,-0.0642262291965626,0.1767291759252965,-1.5876571730838325,-1.1119512128415354,-0.7588297863545341,bayesian_cpl,-1.133868775448421,-0.7800666910337032,-0.5169387272732872,-1.9138372262063772,-0.6371179097659923,0.7060529807412311,0.8345555555555556
1.1484931506849316,132.32820387937252,72.81102368824784,0.2591190372894202,2.3643332426874104,0.8102615169127382,0.0005090566750527287,0.1892294264122091,-0.06848753475101516,-1.120642854989204,bayesian_cpl,-1.1206428549892045,4.440892098500626e-16,127.44886582846726,131.74972326209937,137.30956234740725,70.11647615567054,73.34059554675623,78.73937865579681,0.2406592688355458,0.26139948864367074,0.2793394070520904,2.2858733416943693,2.411878982919306,2.5613787049528964,0.7525380854514371,0.8173924556228758,0.8734903234405192,0.12596089561597054,0.18209400760290104,0.24698912332297182,-0.23080144670502664,-0.06439966014817956,0.1757309179057997,-1.5899698078763407,-1.113218634733059,-0.7584155539229432,bayesian_cpl,-1.133868775448421,-0.7800666910337032,-0.5169387272732872,-1.9138372262063772,-0.6371179097659923,0.7060529807412311,0.8345555555555556
1.1574657534246577,132.98265956535877,73.06750700079834,0.256574876405509,2.370845109543942,0.8123998435563083,0.0005125316533449359,0.1870876247903467,-0.06840454773836266,-1.1218761312424554,bayesian_cpl,-1.1218761312424559,4.440892098500626e-16,128.0961701920693,132.42789399237316,138.0169042322002,70.40578699044823,73.5985060791595,78.96723473966381,0.23819881323045872,0.2587290607902161,0.27652338652442865,2.2926856666281896,2.4184967280929666,2.565705576673593,0.7542152268169932,0.8192206947699774,0.8755633408044894,0.12388427857871197,0.18026247039742735,0.24530894938731745,-0.22776719716930213,-0.06455435801384833,0.17472822705543187,-1.5922632068100682,-1.1144755145586227,-0.7580454597243073,bayesian_cpl,-1.133868775448421,-0.7800666910337032,-0.5169387272732872,-1.9138372262063772,-0.6371179097659923,0.7060529807412311,0.8345555555555556
1.1664383561643836,133.63941276499216,73.32314061279521,0.2540592664305428,2.377293658081772,0.8145129975208935,0.0005160019054451765,0.18497100057366136,-0.0683093421026889,-1.1230991919288917,bayesian_cpl,-1.1230991919288928,1.1102230246251565e-15,128.74784854956482,133.0575514280043,138.71460111755786,70.73431023074063,73.88274244607706,79.19134638383377,0.23580868815358266,0.25628612973190856,0.2737311340262622,2.300245575524575,2.4253414685944525,2.5697579937804287,0.7560017161663103,0.8216523124065427,0.8775809267774871,0.12186311717051887,0.17782716286259895,0.24351934939403194,-0.2247094509644002,-0.0646909069042339,0.17362589918783736,-1.5944528619139866,-1.1157219833024838,-0.7576784311178302,bayesian_cpl,-1.133868775448421,-0.7800666910337032,-0.5169387272732872,-1.9138372262063772,-0.6371179097659923,0.7060529807412311,0.8345555555555556
1.1754109589041097,134.29845583810564,73.57792099051294,0.2515718935243426,2.3836791667820023,0.8166012218486323,0.0005194673878189055,0.18287931076354882,-0.0682023683151701,-1.1243121634525248,bayesian_cpl,-1.1243121634525248,0.0,129.40229713133166,133.70655912093983,139.4140954058821,71.04770450157878,74.19328695979674,79.41431212306682,0.23344833816053176,0.25380415747309304,0.2709693599314938,2.307126293549737,2.4326371504779445,2.5736165466552263,0.7577722435911814,0.8238471404705464,0.8795653095570818,0.11987516949003814,0.17562878277011015,0.24174571210444085,-0.22148544135592357,-0.06480987631295494,0.17235465078535456,-1.5980870260064297,-1.1171201216563873,-0.7572620172633496,bayesian_cpl,-1.133868775448421,-0.7800666910337032,-0.5169387272732872,-1.9138372262063772,-0.6371179097659923,0.7060529807412311,0.8345555555555556
1.1843835616438358,134.95978111453385,73.83184497872223,0.24911244629801726,2.3900019274703594,0.818664759858371,0.0005229280596590705,0.18081231208197,-0.06808406434338969,-1.1255151701404866,bayesian_cpl,-1.1255151701404866,0.0,130.0594994660023,134.3824944529421,140.1027481636115,71.34447777805302,74.52899320647168,79.63614965681595,0.23115902318461717,0.2512573415009788,0.2682378136492548,2.3149704760114176,2.439559275184999,2.578899598242283,0.7596639550403567,0.8257135851673771,0.881516955734096,0.11791996890976143,0.17375898428461636,0.23985080409246481,-0.2194703675507279,-0.06455058752431564,0.17139657802008207,-1.6013020977651689,-1.1186559718037195,-0.7568676625795574,bayesian_cpl,-1.133868775448421,-0.7800666910337032,-0.5169387272732872,-1.9138372262063772,-0.6371179097659923,0.7060529807412311,0.8345555555555556
1.1933561643835617,135.6233808974469,74.08490978682022,0.24668061582425052,2.3962622446581574,0.8207038550243322,0.0005263838828119239,0.1787697610928559,-0.06795485594608684,-1.126708334285517,bayesian_cpl,-1.1267083342855186,1.5543122344752192e-15,130.71495084865128,135.06760690282346,140.81884702779382,71.66273235429722,74.791282106469,79.85687629786538,0.22881399757755494,0.24871486726463127,0.2655544790031581,2.3220506081743437,2.4456794054523194,2.5851279435594896,0.7612618010862228,0.8274717885063806,0.883497002424155,0.11593633935955706,0.17199748678666846,0.23824994003666952,-0.21674270195191506,-0.06404457813285512,0.1707350829315037,-1.604843278733416,-1.1199282185674544,-0.7561650285633406,bayesian_cpl,-1.133868775448421,-0.7800666910337032,-0.5169387272732872,-1.9138372262063772,-0.6371179097659923,0.7060529807412311,0.8345555555555556
1.2023287671232878,136.2892474665613,74.33711297536378,0.24427609564713673,2.402460434902688,0.8227187508594923,0.0005298348217039546,0.17675141431880373,-0.06781515696260451,-1.1278917761874074,bayesian_cpl,-1.127891776187408,6.661338147750939e-16,131.37798422673166,135.75484601910472,141.5272697330015,71.97782570446647,75.0477193732161,80.07650898252841,0.22652904943667565,0.24620307567671415,0.2628808626615945,2.328625989655893,2.451161306307486,2.5907583686480247,0.7629469272963406,0.8292087948347948,0.885379367067626,0.11405044437328192,0.1702571907240518,0.23656173122302418,-0.21355749179519262,-0.06354050546119956,0.17005118620360687,-1.6082526406297322,-1.1211569003447923,-0.7554409328850913,bayesian_cpl,-1.133868775448421,-0.7800666910337032,-0.5169387272732872,-1.9138372262063772,-0.6371179097659923,0.7060529807412311,0.8345555555555556
1.2113013698630137,136.95737308123174,74.58845244299656,0.24189858179151366,2.4085968261866895,0.8247096908035565,0.0005332808432699578,0.17475702835317355,-0.06766536959705985,-1.1290656141934239,bayesian_cpl,-1.1290656141934237,-2.220446049250313e-16,132.02102420299516,136.45258301825828,142.23369725622354,72.28598182947815,75.3358178409298,80.29499171617988,0.22428444769669162,0.24369164220304296,0.2603262497410318,2.3355513717425738,2.4578704180946307,2.5963809836944467,0.7646574698457951,0.8308228076586975,0.8875355090631113,0.11189058512496106,0.1686399585820575,0.2348480807923516,-0.2105807575550772,-0.06303845860279995,0.16964565262421696,-1.611311117782129,-1.122432930100796,-0.7547227134053125,bayesian_cpl,-1.133868775448421,-0.7800666910337032,-0.5169387272732872,-1.9138372262063772,-0.6371179097659923,0.7060529807412311,0.8345555555555556
1.2202739726027398,137.62774998342746,74.83892641376075,0.23954777277175163,2.4146717573165772,0.8266769181154404,0.0005367219168822683,0.17278635996767733,-0.06750588469727298,-1.1302299647377665,bayesian_cpl,-1.1302299647377665,0.0,132.6651299481605,137.14464429950678,142.93954143986667,72.58904410175006,75.57422064891512,80.51213994053987,0.22207485537863741,0.24123840707897096,0.25780455365554267,2.342218112255146,2.464020689475084,2.6011569745545504,0.766378058585703,0.8325112798487219,0.8896808825484632,0.10974149006382226,0.16694821026143492,0.23312436867258032,-0.2082392664967296,-0.06253852211455271,0.16938220044059973,-1.6140996745397105,-1.123376341735014,-0.7537632517317409,bayesian_cpl,-1.133868775448421,-0.7800666910337032,-0.5169387272732872,-1.9138372262063772,-0.6371179097659923,0.7060529807412311,0.8345555555555556
1.229246575342466,138.30037040059645,75.08853342478365,0.23722336959996276,2.420685577339066,0.8286206757701402,0.0005401580142811603,0.17083916621557863,-0.06733708202847917,-1.1313849423800704,bayesian_cpl,-1.131384942380072,1.5543122344752192e-15,133.32717131216265,137.84691198831538,143.65023179704997,72.90099997311194,75.8105599477508,80.72825352580796,0.2198829195429697,0.2387866670661455,0.2552506337279427,2.348323095710315,2.4702142201029207,2.607513929161349,0.7680505242348413,0.8340812701670689,0.8915898672507417,0.10782892662403123,0.16537501218767223,0.23144880198502069,-0.2062266276804231,-0.06204077617524274,0.1691122765226927,-1.6168657837024127,-1.1243121590026772,-0.7528756171495251,bayesian_cpl,-1.133868775448421,-0.7800666910337032,-0.5169387272732872,-1.9138372262063772,-0.6371179097659923,0.7060529807412311,0.8345555555555556
1.2382191780821918,138.97522654842064,75.33727231433066,0.23492507579359617,2.426638644975847,0.8305412063598933,0.0005435891095064314,0.1689152045306003,-0.06715933054185837,-1.1325306598429825,bayesian_cpl,-1.1325306598429818,-6.661338147750939e-16,133.99914261544436,138.5399892311838,144.3627747322472,73.17417637156676,76.04808720365696,80.94334768544259,0.21771768876555253,0.2364034759544425,0.2526970229312701,2.3553393568502794,2.4769213370979943,2.6116733741357816,0.769707155621396,0.8357678610663954,0.8933711718934845,0.10604411679289301,0.1636851289792853,0.22978907114724462,-0.20419149130870837,-0.06154529673930873,0.16881176457979277,-1.6196097152348872,-1.125333959301716,-0.7520441959435233,bayesian_cpl,-1.133868775448421,-0.7800666910337032,-0.5169387272732872,-1.9138372262063772,-0.6371179097659923,0.7060529807412311,0.8345555555555556
1.247191780821918,139.65231063346587,75.58514221021565,0.23265259738239233,2.4325313280759864,0.8324387519995247,0.0005470151788301839,0.16701423282164515,-0.06697298863790835,-1.1336672280488194,bayesian_cpl,-1.1336672280488196,2.220446049250313e-16,134.67522498922298,139.20422667878248,145.07716415262644,73.48310874623347,76.32147154193244,81.15743731273325,0.2155787957057934,0.23415277708197574,0.25016626111043444,2.3622713747939668,2.4831970199913385,2.6180022186784053,0.7713481202186345,0.8378064449930556,0.8951032248691237,0.10430858164583351,0.1616430125901815,0.22814500870057036,-0.2018413675670716,-0.06163966589272423,0.16846163903251718,-1.6226427405700616,-1.126492280192539,-0.750864687376586,bayesian_cpl,-1.133868775448421,-0.7800666910337032,-0.5169387272732872,-1.9138372262063772,-0.6371179097659923,0.7060529807412311,0.8345555555555556
1.256164383561644,140.3316148557288,75.83214251855908,0.2304056429146745,2.4383640030856406,0.8343135542358701,0.0005504362006908023,0.16513600956343913,-0.06677840442473289,-1.1347947561553882,bayesian_cpl,-1.1347947561553882,0.0,135.3757595104919,139.89945429812545,145.79426704681129,73.78165743957815,76.60958964118625,81.37058449677806,0.21346332170183455,0.2318313243069831,0.24758387059616532,2.3690533717929023,2.4893495549440767,2.6254229291031774,0.7729643266332938,0.839476037648073,0.8965170142341357,0.1028915109939824,0.159970120216212,0.2265257121596019,-0.19918245376675786,-0.06116092915487887,0.1680638371910267,-1.6267972905088328,-1.127641387966378,-0.7499922181212392,bayesian_cpl,-1.133868775448421,-0.7800666910337032,-0.5169387272732872,-1.9138372262063772,-0.6371179097659923,0.7060529807412311,0.8345555555555556
1.26513698630137,141.01313141108528,76.07827291288677,0.2281839234629529,2.444137054534802,0.8361658539611782,0.000553852155628143,0.1632802938831937,-0.06657591597124513,-1.1359133515909188,bayesian_cpl,-1.1359133515909177,-1.1102230246251565e-15,136.05384361267852,140.58463487993868,146.51145834482585,74.05699645224621,76.9086629860123,81.58935435021915,0.2113785792476724,0.22957703485829922,0.24512213367361574,2.374925470049863,2.4951404540545816,2.6307306474445284,0.7745837109967418,0.8412708243809804,0.8982348761360568,0.10117015897742988,0.15817194207815782,0.22490322708376262,-0.19709497307759363,-0.06118118993688355,0.16739294552865042,-1.6309189266535244,-1.1287813921075263,-0.7495105791163434,bayesian_cpl,-1.133868775448421,-0.7800666910337032,-0.5169387272732872,-1.9138372262063772,-0.6371179097659923,0.7060529807412311,0.8345555555555556
1.274109589041096,141.69685249364187,76.32353332355925,0.22598715262883162,2.4498508745406595,0.8379958913303812,0.0005572630262199322,0.16144684564339884,-0.06636585155536373,-1.137023120088188,bayesian_cpl,-1.1370231200881875,-4.440892098500626e-16,136.7465024989345,141.26834239703274,147.23135119629495,74.34712719502734,77.17183394915443,81.80693770787882,0.20931654685399012,0.2273602082513353,0.2426451986885,2.381212525104549,2.5007663150672514,2.637030062081882,0.7761786641880476,0.8430873974485009,0.8997665450742323,0.09963511472746021,0.15635195369948124,0.22330518092889434,-0.19507877850674518,-0.061088948641292475,0.16687980227349714,-1.6350080385927523,-1.1299124003723717,-0.7490327407686144,bayesian_cpl,-1.133868775448421,-0.7800666910337032,-0.5169387272732872,-1.9138372262063772,-0.6371179097659923,0.7060529807412311,0.8345555555555556
1.283082191780822,142.38277029799406,76.56792392752429,0.22381504654720025,2.455505862327251,0.8398039056821369,0.0005606687970193783,0.1596354255208437,-0.06614852990723706,-1.1381241657178407,bayesian_cpl,-1.13812416571784,-6.661338147750939e-16,137.43618773940116,141.9383161199925,147.95937014969604,74.64816961258782,77.41091492487557,82.02335508393186,0.20726177546776714,0.22521891380566486,0.24021601439890142,2.3875475365020637,2.507783332342788,2.643196099774719,0.7776923456293975,0.8450715283237148,0.9013439901014438,0.09805425578999398,0.15436428611585282,0.22178845241294895,-0.19272179401912953,-0.06114430523854183,0.16601662524547028,-1.638885118078833,-1.1310345188233586,-0.7485586582678577,bayesian_cpl,-1.133868775448421,-0.7800666910337032,-0.5169387272732872,-1.9138372262063772,-0.6371179097659923,0.7060529807412311,0.8345555555555556
1.292054794520548,143.0708770213941,76.81144513838431,0.2216673238897028,2.461102423761047,0.8415901354635367,0.0005640694544940012,0.15784579508196933,-0.0659242604475392,-1.1392165909209149,bayesian_cpl,-1.1392165909209155,6.661338147750939e-16,138.12078582238377,142.61444871170875,148.6821216786588,74.93353065060523,77.6577349677139,82.23862649447028,0.20525165147371482,0.22308845821762782,0.23784064850112743,2.394179649379417,2.5137620531054687,2.6481408684972294,0.7792658030816896,0.8469856651724865,0.902994361453098,0.09640041337206622,0.15244664905983876,0.2202118998785429,-0.18982876643425406,-0.06123893849422176,0.16512233114799046,-1.6423006347072373,-1.131603155483389,-0.7476696184393292,bayesian_cpl,-1.133868775448421,-0.7800666910337032,-0.5169387272732872,-1.9138372262063772,-0.6371179097659923,0.7060529807412311,0.8345555555555556
1.3010273972602742,143.76116486583072,77.05409759677002,0.21954370586747898,2.4666409709021013,0.843354818158381,0.0005674649869656732,0.15607771685465335,-0.06569334352090453,-1.1403004965406245,bayesian_cpl,-1.1403004965406245,0.0,138.81140974732142,143.34385738386842,149.4418877098847,75.20028844477976,77.9115568285058,82.45277147191081,0.20316995377206581,0.22082385267447038,0.23547989365273367,2.400508631475845,2.518972091735281,2.65304172527862,0.7804567147195473,0.8482723719245453,0.9045720628007022,0.09481928119499862,0.15115685423256772,0.21901814230396188,-0.18728837488455577,-0.06128074187607711,0.16412478445481538,-1.6455351106268907,-1.1326563401396588,-0.7459895034631535,bayesian_cpl,-1.133868775448421,-0.7800666910337032,-0.5169387272732872,-1.9138372262063772,-0.6371179097659923,0.7060529807412311,0.8345555555555556
1.31,144.4536260400246,77.29588216101324,0.21744391623316728,2.472121921570425,0.8450981902189176,0.0005708553845518729,0.1543309543965305,-0.06545607062453551,-1.1413759818533786,bayesian_cpl,-1.1413759818533784,-2.220446049250313e-16,139.51409723151298,144.06070015118178,150.18571268228706,75.46959454483134,78.172750333943,82.66580907893254,0.20116245469391192,0.2186316914136665,0.23311379314562897,2.406463286285759,2.5250630883673533,2.656631085838468,0.7818201095105605,0.8497144916212088,0.905999340497477,0.09338866599939004,0.14971153472876114,0.21765177881622738,-0.18452477195974046,-0.06096009333790953,0.16345474758959957,-1.6483891757708489,-1.1333799411478802,-0.7442581042235461,bayesian_cpl,-1.133868775448421,-0.7800666910337032,-0.5169387272732872,-1.9138372262063772,-0.6371179097659923,0.7060529807412311,0.8345555555555556
1.3189726027397262,145.1482527613405,77.53679989811043,0.21536768128217695,2.477545698927226,0.8468204870009503,0.000574240639108148,0.1526052723599416,-0.06521272463205725,-1.1424431445991015,bayesian_cpl,-1.1424431445991021,6.661338147750939e-16,140.20077291016224,144.75769674447542,150.89015378183515,75.75271206869063,78.4160329414447,82.87775792196108,0.19928855784834168,0.2165313722528935,0.23083589524569156,2.411499442551242,2.5310770325163117,2.6600602783419167,0.783597764558446,0.8513960916073335,0.9076411282579648,0.09174338778814836,0.1480265649730354,0.21587086700157046,-0.1826143764067138,-0.06063684086524534,0.16261003386046477,-1.6519348515231624,-1.1348686792779092,-0.742885784260995,bayesian_cpl,-1.133868775448421,-0.7800666910337032,-0.5169387272732872,-1.9138372262063772,-0.6371179097659923,0.7060529807412311,0.8345555555555556
1.3279452054794523,145.84503725762022,77.77685207496965,0.2133147298532214,2.482912731070663,0.8485219427022136,0.0005776207441717811,0.15090043655361463,-0.06496358001266511,-1.143502081010843,bayesian_cpl,-1.143502081010844,1.1102230246251565e-15,140.8985317550894,145.4249634222619,151.5970340501079,76.04494745981552,78.65266909581331,83.08863616421569,0.19743436869060468,0.2145488695101154,0.22855526175646212,2.417301408585315,2.5366678265618505,2.663354796383645,0.7853531455273154,0.8534310953892038,0.9091456312175408,0.09023547921739734,0.14598794202207613,0.21411223510042354,-0.17937521585359906,-0.06026622549066341,0.16176995310828693,-1.655105779771238,-1.1363459413166708,-0.7416676835820983,bayesian_cpl,-1.133868775448421,-0.7800666910337032,-0.5169387272732872,-1.9138372262063772,-0.6371179097659923,0.7060529807412311,0.8345555555555556
1.3369178082191782,146.54397176893815,78.01604014993339,0.21128479332812025,2.488223450645769,0.8502027903039219,0.0005809956949066535,0.14921621400117147,-0.06470890304562313,-1.144552885843704,bayesian_cpl,-1.1445528858437035,-4.440892098500626e-16,141.598081415911,146.16351301744703,152.32131211404047,76.3277898106626,78.88224515939976,83.29835016430874,0.1955612537445137,0.21238615942076622,0.2263025358296227,2.4229488858904653,2.5413057998308863,2.666704961092747,0.7869318041772678,0.8546346498351449,0.9106336730840876,0.08874403509361692,0.14478132590860113,0.21253043707196553,-0.17706124400176024,-0.05998324677288713,0.1609345094213582,-1.6581899905349196,-1.1373795230267927,-0.7408573626456623,bayesian_cpl,-1.133868775448421,-0.7800666910337032,-0.5169387272732872,-1.9138372262063772,-0.6371179097659923,0.7060529807412311,0.8345555555555556
1.3458904109589043,147.24504854928182,78.2543657645701,0.20927760563087275,2.493478294468207,0.8518632615153949,0.0005843654880493007,0.14755237299655577,-0.06444895203017521,-1.1455956524030952,bayesian_cpl,-1.1455956524030972,1.9984014443252818e-15,142.29966988942354,146.8687015985039,153.05440556081723,76.61567658980053,79.14331061791407,83.49836712909743,0.19369235835132367,0.21035151585551864,0.22407653072427772,2.427683457041582,2.5473005779917592,2.670249824981516,0.7884236042283275,0.8562346067617428,0.912102198973547,0.08727211252604053,0.1431780290725871,0.21103554894203594,-0.17491777994927318,-0.05965325136221481,0.16034545261199834,-1.6578371573636312,-1.1377755577714834,-0.7401115875228981,bayesian_cpl,-1.133868775448421,-0.7800666910337032,-0.5169387272732872,-1.9138372262063772,-0.6371179097659923,0.7060529807412311,0.8345555555555556
1.3548630136986304,147.9482598681602,78.49183073572694,0.20729290322600852,2.4986777031614884,0.8535035867216685,0.0005877301218561498,0.14590868315647537,-0.06418397749094164,-1.146630472572377,bayesian_cpl,-1.1466304725723755,-1.5543122344752192e-15,143.0087377357445,147.576002219716,153.79171649838923,76.88890920938964,79.40650503150992,83.69437397220467,0.19183960375675946,0.20834000699461488,0.22186000103895792,2.4334452771042137,2.5512819648240845,2.674332859003767,0.7898764855598508,0.8578149104971906,0.9134818591950008,0.08588910911401326,0.1415943905652536,0.2095795985031435,-0.17309335031250972,-0.05927964030156624,0.15976227125167825,-1.6607828952344927,-1.1383737536324245,-0.7395197973525485,bayesian_cpl,-1.133868775448421,-0.7800666910337032,-0.5169387272732872,-1.9138372262063772,-0.6371179097659923,0.7060529807412311,0.8345555555555556
1.3638356164383563,148.65359801214137,78.72843704783708,0.205330425116225,2.5038221208073597,0.8551239949339933,0.0005910895960519301,0.1442849154699548,-0.06391422237882786,-1.1476574368398131,bayesian_cpl,-1.1476574368398123,-8.881784197001252e-16,143.71071498653632,148.27063371404225,154.49917613858807,77.16877366767206,79.64795199357714,83.8895536010246,0.1900867397350238,0.2063924799720925,0.2196978752929441,2.439135808199988,2.557190707338523,2.6796620224424634,0.7916397785383411,0.8595470539651836,0.914959021258888,0.0844085292232831,0.13985879907609947,0.207813014226583,-0.1708205382724639,-0.05881306457378264,0.15845602250861143,-1.6636630560028032,-1.1389674082521828,-0.738937231698776,bayesian_cpl,-1.133868775448421,-0.7800666910337032,-0.5169387272732872,-1.9138372262063772,-0.6371179097659923,0.7060529807412311,0.8345555555555556
1.3728082191780824,149.3610552863231,78.96418684547437,0.20338991283931757,2.5089119946089786,0.8567247137431403,0.000594443911779252,0.14268084234508044,-0.06363992226755917,-1.1486766343249806,bayesian_cpl,-1.1486766343249823,1.7763568394002505e-15,144.41885926213675,148.99690757126814,155.1935267020344,77.42533995324895,79.89525117309518,84.0840588431894,0.1883896122786674,0.20438529561910188,0.21754862240601072,2.4454938125662222,2.561546425550395,2.685048412295306,0.7935400256507827,0.8609174930957194,0.9163644285704952,0.08299974612086537,0.13848515380578175,0.20590937153662853,-0.1684541604382507,-0.05843310422007075,0.1576391428034714,-1.6633431187291634,-1.138939637569922,-0.7380586363577897,bayesian_cpl,-1.133868775448421,-0.7800666910337032,-0.5169387272732872,-1.9138372262063772,-0.6371179097659923,0.7060529807412311,0.8345555555555556
1.3817808219178083,150.07062401573688,79.19908242614878,0.20147111046441585,2.5139477745665673,0.8583059692754106,0.0005977930715493322,0.14109623765304008,-0.06336130554586171,-1.1496881528045397,bayesian_cpl,-1.1496881528045413,1.5543122344752192e-15,145.1340708361144,149.71049638636742,155.9063152956832,77.69941120239442,80.15315845601872,84.27789726347993,0.18667095196284667,0.20244155115921822,0.21540977308824505,2.450438840685118,2.5663293190372687,2.6909893972959034,0.7952544262584643,0.8624402346758278,0.917687372922668,0.08167347603677172,0.1369590928188303,0.2041916948182217,-0.16624508895260806,-0.058289170340032836,0.1568269021508072,-1.6663408425088204,-1.139980826943173,-0.7373799348386518,bayesian_cpl,-1.133868775448421,-0.7800666910337032,-0.5169387272732872,-1.9138372262063772,-0.6371179097659923,0.7060529807412311,0.8345555555555556
1.3907534246575344,150.7822965466888,79.43312623333605,0.19957376458753612,2.5189299131652296,0.8598679861512746,0.000601137079193867,0.13953087676953155,-0.06307859360536935,-1.1506920787374268,bayesian_cpl,-1.1506920787374268,0.0,145.84889697015683,150.42616541280037,156.6335942236356,77.97547839107656,80.39217346951258,84.47107629659541,0.18494148069662156,0.20051985750395082,0.21330344093367448,2.4557558107177164,2.571866326285218,2.6943634924714766,0.7968244668386154,0.8639442484417156,0.9190226008605874,0.08033490683723112,0.13545176474814724,0.20261847005362826,-0.1639818108907607,-0.05797770077154502,0.15596466834610773,-1.6687978301537432,-1.1407216359687262,-0.7361968839539528,bayesian_cpl,-1.133868775448421,-0.7800666910337032,-0.5169387272732872,-1.9138372262063772,-0.6371179097659923,0.7060529807412311,0.8345555555555556
1.3997260273972605,151.49606524803895,79.66632084973526,0.19769762432646212,2.5238588650745895,0.8614109874465481,0.0006044759398180345,0.13798453661363388,-0.0627920010243272,-1.1516884972894923,bayesian_cpl,-1.1516884972894919,-4.440892098500626e-16,146.56551207202764,151.14390678702563,157.39206849740717,78.22738577278899,80.61238366534602,84.66360324998737,0.1831633048069631,0.19861995059647736,0.21122269816239683,2.4613685979355773,2.5762359828073422,2.698012830061581,0.7980818373274717,0.8654297609938201,0.920342637475185,0.07901153261452855,0.1339629429816958,0.201358126550746,-0.16172267626501557,-0.05798137268619708,0.15502150752862473,-1.6715922958293845,-1.1412976331045603,-0.7354249821976028,bayesian_cpl,-1.133868775448421,-0.7800666910337032,-0.5169387272732872,-1.9138372262063772,-0.6371179097659923,0.7060529807412311,0.8345555555555556
1.4086986301369864,152.21192251242087,79.89866899074718,0.19584244131496936,2.528735086859923,0.8629351946560196,0.0006078096597546091,0.13645699568422576,-0.0625017357471545,-1.1526774923575906,bayesian_cpl,-1.152677492357591,4.440892098500626e-16,147.27666062568878,151.86371268446192,158.1711182223352,78.47983588028066,80.84198601817829,84.85919613905246,0.1813634578809727,0.19674156913483665,0.20918777633854946,2.467010824448011,2.5811215960448077,2.70252187874489,0.7991368458193511,0.86689699698573,0.9217383794968462,0.07761239273460961,0.13249240285328084,0.20030028098071131,-0.15961319133524887,-0.05781802216902167,0.15388246598906752,-1.6736896082125836,-1.1415643855494981,-0.7329273990356895,bayesian_cpl,-1.133868775448421,-0.7800666910337032,-0.5169387272732872,-1.9138372262063772,-0.6371179097659923,0.7060529807412311,0.8345555555555556
1.4176712328767125,152.92986075740424,80.1301734981686,0.1940079696964043,2.533559036704512,0.8644408276594536,0.0006111382465191874,0.1349480340940272,-0.062207999259925525,-1.1536591465931276,bayesian_cpl,-1.153659146593126,-1.5543122344752192e-15,147.9893511064947,152.60217709670667,158.89524323161768,78.76222410131999,81.07468920713995,85.058943254897,0.17971419984556405,0.19484205343683178,0.2071778039592335,2.4720727464196046,2.587390043837537,2.705670973137316,0.8007521129145402,0.8681572525055087,0.9231216254025212,0.07622575048091562,0.1312289818276895,0.1986817751822216,-0.1570797868073539,-0.05717050666141446,0.15288446492722998,-1.677059346647689,-1.1423597680321036,-0.7320131950009298,bayesian_cpl,-1.133868775448421,-0.7800666910337032,-0.5169387272732872,-1.9138372262063772,-0.6371179097659923,0.7060529807412311,0.8345555555555556
1.4266438356164386,153.64987242660115,80.36083733409541,0.19219396611663678,2.5383311741428654,0.8659281046898787,0.0006144617087664979,0.1334574336013548,-0.06191098676183658,-1.1546335414250717,bayesian_cpl,-1.1546335414250732,1.5543122344752192e-15,148.711877469158,153.350953560668,159.69870667961695,79.01792487973374,81.28018526958276,85.25786449047638,0.1779104134535808,0.19294396334279026,0.20516952077568618,2.478596064522355,2.5934164821138554,2.709663232772458,0.8015736926567141,0.8693072101305335,0.9243893440317622,0.07495471022306216,0.1300759303508912,0.19785751146031993,-0.15532556578312687,-0.05661523318221087,0.15242320134048462,-1.678711275429792,-1.1410934777520416,-0.7299190289388373,bayesian_cpl,-1.133868775448421,-0.7800666910337032,-0.5169387272732872,-1.9138372262063772,-0.6371179097659923,0.7060529807412311,0.8345555555555556
1.4356164383561645,154.37194999071886,80.59066357502905,0.19040018971639922,2.5430519598045285,0.8673972423040935,0.0006177800562477906,0.13198497763965866,-0.061610887332743204,-1.1556007570825,bayesian_cpl,-1.1556007570824995,-4.440892098500626e-16,149.44574250712938,154.07212114970199,160.49563284520318,79.27407444023898,81.51774554190709,85.45597124416749,0.1761480006523157,0.1911419594113272,0.20315946610210495,2.4833989815598767,2.5986421928362367,2.7131259107572827,0.802469210932926,0.8707764878225126,0.9255240811861436,0.07381673950010276,0.1286033253456763,0.19695925223240476,-0.15350256454408437,-0.0562726473266287,0.15193745308813505,-1.6726857567774593,-1.1365700151019402,-0.7253189073980608,bayesian_cpl,-1.133868775448421,-0.7800666910337032,-0.5169387272732872,-1.9138372262063772,-0.6371179097659923,0.7060529807412311,0.8345555555555556
1.4445890410958906,155.09608594856098,80.8196554061807,0.18862640212302773,2.5477218551681795,0.8688484553552995,0.0006210932997692846,0.1305304513449312,-0.06130788409679623,-1.1565608726165821,bayesian_cpl,-1.1565608726165824,2.220446049250313e-16,150.18530285628185,154.78723925323376,161.24920543777915,79.54939097008389,81.76280327731665,85.6532746823723,0.1745054482530681,0.18937988491544722,0.2011635489809425,2.488623548408151,2.603076841543538,2.716336501068874,0.803804703155352,0.8723191378947645,0.9265968965038358,0.07274072892386876,0.12705728780011072,0.1956206998451647,-0.1507922170737029,-0.05592951041245486,0.15121156414065526,-1.6757566924033527,-1.1371230337075446,-0.7244757037763232,bayesian_cpl,-1.133868775448421,-0.7800666910337032,-0.5169387272732872,-1.9138372262063772,-0.6371179097659923,0.7060529807412311,0.8345555555555556
1.4535616438356167,155.82227282797757,81.04781611596697,0.18687236744162566,2.552341322325707,0.8702819569677971,0.0006244014511516624,0.12909364158105124,-0.06100215438229093,-1.1575139659221476,bayesian_cpl,-1.1575139659221485,8.881784197001252e-16,150.923559497022,155.50823709472178,162.00449795855099,79.80563763237602,81.99728144137704,85.84978574528846,0.17288209312608968,0.1876278753983299,0.1992003424095484,2.49364951592859,2.607671397065773,2.7209070864847136,0.805127951180161,0.8738004276334544,0.9276944804318948,0.07163992633688925,0.1255726465172125,0.1942943934323469,-0.14798978126001527,-0.05558593325324501,0.15030271027028244,-1.6788896455251285,-1.1376720075676143,-0.7239445755251138,bayesian_cpl,-1.133868775448421,-0.7800666910337032,-0.5169387272732872,-1.9138372262063772,-0.6371179097659923,0.7060529807412311,0.8345555555555556
1.4625342465753426,156.55050318676766,81.27514909069262,0.1851378522456613,2.5569108237560023,0.8716979585136648,0.0006277045231905976,0.12767433696314456,-0.06069386987775434,-1.158460113758739,bayesian_cpl,-1.1584601137587396,6.661338147750939e-16,151.65133197101778,156.22546994876467,162.76117547802775,80.06058345201221,82.2135213729941,86.04551515251568,0.1712783701789085,0.18590902681577337,0.19729301020960158,2.4982508788469002,2.6128913094389903,2.724455208611337,0.8064423553125736,0.8753289355951769,0.9289289691041863,0.07040211466177346,0.12404074523659933,0.19297693033656885,-0.14610567517919323,-0.055242022606574064,0.14913942495378527,-1.6792057189695901,-1.138087962560411,-0.7223398259640805,bayesian_cpl,-1.133868775448421,-0.7800666910337032,-0.5169387272732872,-1.9138372262063772,-0.6371179097659923,0.7060529807412311,0.8345555555555556
1.4715068493150687,157.2807696135339,81.50165780941366,0.18342262556702152,2.5614308221081563,0.8730966695913484,0.0006310025296182923,0.12627232787903336,-0.0603831967843618,-1.1593993917712195,bayesian_cpl,-1.1593993917712206,1.1102230246251565e-15,152.38359644265242,156.95806701786782,163.49892589614498,80.33440710533239,82.44450926999056,86.24047340850231,0.16973615224683378,0.18417762728439457,0.1954014213962144,2.5036841194324295,2.616747850477493,2.727448979643444,0.8079486855988258,0.8766904982312798,0.9301160624380695,0.06921172610049889,0.12267590191506923,0.1914673954811154,-0.1441397173368805,-0.05489788129440705,0.1481711332875505,-1.6804695358750164,-1.1384431404060011,-0.7208566017370299,bayesian_cpl,-1.133868775448421,-0.7800666910337032,-0.5169387272732872,-1.9138372262063772,-0.6371179097659923,0.7060529807412311,0.8345555555555556
1.4804794520547946,158.01306472849268,81.72734583897682,0.18172645888553618,2.5659017799938058,0.8744782980060944,0.0006342954850660173,0.12488740650883953,-0.06007029596474176,-1.1603318745099411,bayesian_cpl,-1.1603318745099402,-8.881784197001252e-16,153.1230182057573,157.68049672892914,164.23509673842486,80.57481492114803,82.66108820376418,86.43467080783759,0.16821791037626266,0.18249383519578383,0.1935188152153226,2.5082148217535396,2.6209403286176403,2.731046813857052,0.809474376280184,0.8781709574780882,0.9312238030689998,0.06810074157067919,0.12119206859732788,0.18993847828313457,-0.1423324521832848,-0.05450463556637479,0.14777090103567306,-1.6810303124715402,-1.1392950996045959,-0.7198356345446469,bayesian_cpl,-1.133868775448421,-0.7800666910337032,-0.5169387272732872,-1.9138372262063772,-0.6371179097659923,0.7060529807412311,0.8345555555555556
1.4894520547945207,158.74738118424037,81.95221682922947,0.18004912611799131,2.5703241597883455,0.8758430497521549,0.0006375834050276332,0.12351936684281749,-0.05975532308822956,-1.1612576354504531,bayesian_cpl,-1.1612576354504551,1.9984014443252818e-15,153.8584855449276,158.4007449269284,164.97040186390856,80.8220408082315,82.88534735917617,86.62811744039452,0.1667216959440967,0.18083800933188712,0.1916731376244649,2.513435611128832,2.6245513732355406,2.7358753033690095,0.8110122041905203,0.8796805461891217,0.9323876712545784,0.06693358281438687,0.11967907684135783,0.18839740701457733,-0.14033762239012368,-0.05400556024092209,0.14731666536448274,-1.6781569310538795,-1.1386374885918389,-0.7169955011592994,bayesian_cpl,-1.133868775448421,-0.7800666910337032,-0.5169387272732872,-1.9138372262063772,-0.6371179097659923,0.7060529807412311,0.8345555555555556
1.4984246575342468,159.4837116664767,82.17627450839505,0.17839040360665095,2.574698423440735,0.877191128996698,0.0006408663058240765,0.12216800469747788,-0.059438428772655365,-1.1621767470128301,bayesian_cpl,-1.1621767470128301,0.0,154.5873181652789,159.1505567093508,165.75206875483116,81.06259392224725,83.10243352994905,86.82082319632744,0.16515291459895617,0.17913804600992758,0.18987003543129907,2.5182122450376414,2.6289056164125544,2.7405903646853296,0.8120990181377246,0.8808674774468206,0.9336394075875879,0.0656784856077106,0.118488970347131,0.1873076711452456,-0.1382583507001907,-0.05335710002940409,0.1466287843287897,-1.6763476968000954,-1.1365023399568708,-0.7148840489596479,bayesian_cpl,-1.133868775448421,-0.7800666910337032,-0.5169387272732872,-1.9138372262063772,-0.6371179097659923,0.7060529807412311,0.8345555555555556
1.5073972602739727,160.22204889468833,82.39952267860996,0.17675007010730157,2.579025032291659,0.8785227380653602,0.0006441442045687987,0.12083311773007102,-0.05911975872269695,-1.1630892805805235,bayesian_cpl,-1.1630892805805224,-1.1102230246251565e-15,155.3195166921147,159.90232072368923,166.48516199141798,81.32320692749163,83.3282089782375,87.01279777093002,0.16370166763114544,0.17745760799477023,0.18808410551260824,2.5229236068706102,2.632842009157373,2.7431975988029116,0.8136666491044203,0.8820395011523937,0.9348576963007652,0.06445685397656195,0.11731377610697553,0.1857367600120862,-0.1364055827072022,-0.05285519781374041,0.14593928202522,-1.6789055838838094,-1.1379371309136084,-0.7140212830373981,bayesian_cpl,-1.133868775448421,-0.7800666910337032,-0.5169387272732872,-1.9138372262063772,-0.6371179097659923,0.7060529807412311,0.8345555555555556
1.5163698630136988,160.96238562279237,82.62196521161587,0.17512790677684156,2.5833044468997555,0.8798380774293741,0.0006474171191341344,0.11951450545149173,-0.058799453864903276,-1.1639953065188635,bayesian_cpl,-1.1639953065188635,0.0,156.05891539046632,160.62737550098734,167.25758935938612,81.53907732141505,83.56550219876969,87.20405066935672,0.162193143523925,0.175859174444184,0.18630606326925048,2.5270606903920734,2.6371149263553493,2.7465210992166176,0.8148541611483903,0.8835119472903364,0.9359968467454377,0.0633144124537446,0.11583793222237286,0.18454623928089492,-0.1346192870475192,-0.05253551715243019,0.1451002147399921,-1.6718318627131685,-1.1365847039715395,-0.7123864508323408,bayesian_cpl,-1.133868775448421,-0.7800666910337032,-0.5169387272732872,-1.9138372262063772,-0.6371179097659923,0.7060529807412311,0.8345555555555556
1.525342465753425,161.70471463974224,82.84360604460387,0.17352369716042973,2.5875371268756817,0.8811373456942114,0.0006506850681185873,0.11821196923766998,-0.058477650479427025,-1.1648948941931458,bayesian_cpl,-1.1648948941931458,0.0,156.80120087151417,161.37968376778298,168.06091058231831,81.77418527155186,83.80726480328974,87.39459121121283,0.16064630229718324,0.17422338072366353,0.18454632002348534,2.531223550555672,2.6408871372346754,2.7486719972742386,0.8157471211027728,0.8846902743594168,0.9371092089675117,0.0621987729578359,0.11465641687521484,0.18365048192284397,-0.13288634392254126,-0.05218014417154997,0.14394745995584285,-1.671742436196091,-1.1360394137625314,-0.7113195895482148,bayesian_cpl,-1.133868775448421,-0.7800666910337032,-0.5169387272732872,-1.9138372262063772,-0.6371179097659923,0.7060529807412311,0.8345555555555556
1.5343150684931508,162.44902877009662,83.06444917620573,0.17193722717821383,2.5917235307237774,0.8824207395896831,0.0006539480708150177,0.11692531233950183,-0.05815448032853225,-1.1657881119863256,bayesian_cpl,-1.1657881119863258,2.220446049250313e-16,157.55882521922032,162.12748896029805,168.87283094179134,82.01313490113921,84.03777630005519,87.58442853501695,0.15910527900094046,0.17261989346032316,0.18277579854380724,2.535439265116834,2.6443673565783636,2.751696183913217,0.8165642791430485,0.885924337358696,0.9380467393658058,0.06125808901364967,0.11341911810952747,0.18283057796866173,-0.13180780598642106,-0.051914501146798124,0.14299952346185438,-1.6645407754073003,-1.1284190651993815,-0.7087603604946727,bayesian_cpl,-1.133868775448421,-0.7800666910337032,-0.5169387272732872,-1.9138372262063772,-0.6371179097659923,0.7060529807412311,0.8345555555555556
1.543287671232877,163.19532087455372,83.28449866262716,0.1703682851116538,2.5958641156910547,0.8836884539614307,0.0006572061471797065,0.1156543398913896,-0.057830070781956455,-1.166675027316353,bayesian_cpl,-1.1666750273163526,-4.440892098500626e-16,158.3278474603876,162.85432013808477,169.6629620822429,82.24530792574558,84.24876969125081,87.77357160253989,0.15762680475858137,0.17108250054005014,0.18100457493641642,2.539888500768726,2.648142617298914,2.754419031643403,0.8175992809266289,0.8873930397492218,0.938858150040547,0.0604436136695361,0.1119469989736185,0.1817926639709807,-0.13028571688749968,-0.05182156439487554,0.14232228018826737,-1.6620284208773064,-1.1288294891531552,-0.7062599183511964,bayesian_cpl,-1.133868775448421,-0.7800666910337032,-0.5169387272732872,-1.9138372262063772,-0.6371179097659923,0.7060529807412311,0.8345555555555556
1.5522602739726028,163.9435838504506,83.50375861392014,0.16881666158946032,2.5999593376233263,0.8849406817637626,0.0006604593178022923,0.1143988589184351,-0.0575045449391707,-1.167555706653131,bayesian_cpl,-1.1675557066531295,-1.5543122344752192e-15,159.0877455552801,163.62728251514878,170.43354314203566,82.485527799783,84.47217246916789,87.96202920302366,0.15620466938470778,0.1694699578417387,0.1792795354779038,2.544458802954337,2.6522922674843596,2.7578045497016306,0.8188283390898226,0.8883652751980936,0.9397872985897967,0.05951130832149497,0.11097170960133139,0.1805605433320426,-0.1287399909552422,-0.05165123755966357,0.14158155248870408,-1.6616612755603812,-1.1283218362061576,-0.7013096017964205,bayesian_cpl,-1.133868775448421,-0.7800666910337032,-0.5169387272732872,-1.9138372262063772,-0.6371179097659923,0.7060529807412311,0.8345555555555556
1.561232876712329,164.6938106322303,83.72223319038866,0.1672821495731643,2.6040096508281962,0.8861776140537689,0.0006637076038765507,0.11315867834235452,-0.05717802174861699,-1.168430215535122,bayesian_cpl,-1.1684302155351212,-8.881784197001252e-16,159.84496913660863,164.40634330952173,171.20039399499922,82.71891179565964,84.70844831981593,88.14980995728428,0.15480844127655327,0.16786765244594354,0.17758497538532375,2.549119707096664,2.656389224344491,2.7610433263670524,0.8200981125355344,0.8892793170157709,0.9407568600733079,0.05853855489596281,0.1100546523428393,0.1792876704671249,-0.1268639853917679,-0.0513083114834801,0.14049410986470692,-1.660090846373984,-1.125916440831438,-0.6973794095772502,bayesian_cpl,-1.133868775448421,-0.7800666910337032,-0.5169387272732872,-1.9138372262063772,-0.6371179097659923,0.7060529807412311,0.8345555555555556
1.570205479452055,165.44599419187713,83.93992659912492,0.16576454434233479,2.608015507944724,0.8873994399866704,0.000666951027172009,0.11193360898615762,-0.056850616123975,-1.1692986185856102,bayesian_cpl,-1.1692986185856118,1.5543122344752192e-15,160.60438453508152,165.16458016189276,171.9776077983794,82.96260140631053,84.92347344798564,88.35943702143446,0.15341235976759146,0.16632989811456653,0.1759095280668427,2.554256255489508,2.660673759266323,2.7647015512668958,0.8212735882990981,0.8904259896198459,0.9417093221844585,0.05758290860651674,0.108904784661005,0.17810915949335754,-0.1255044941427113,-0.051030945827448146,0.13932793609025448,-1.6629520628015764,-1.1267434862901768,-0.6961407459539832,bayesian_cpl,-1.133868775448421,-0.7800666910337032,-0.5169387272732872,-1.9138372262063772,-0.6371179097659923,0.7060529807412311,0.8345555555555556
1.579178082191781,166.2001275393213,84.1568430906714,0.16426364347946315,2.611977359819526,0.8886063468123421,0.0006701896100063745,0.11072346357765155,-0.05652243905752544,-1.1701609795286243,bayesian_cpl,-1.1701609795286234,-8.881784197001252e-16,161.36759657215535,165.92218103141582,172.7269100076866,83.18554394188432,85.17506982861863,88.57144833400133,0.15208422041613232,0.16481444080885596,0.1742494820256889,2.559068406175767,2.6633303363652057,2.7682610204590543,0.8227201141357762,0.8915859592958978,0.9426260880189771,0.056662980517864385,0.10774160386129643,0.17665938785133545,-0.12379795668453444,-0.05070571127842432,0.13817385980464392,-1.6619668100535587,-1.126378013864258,-0.6922764178676727,bayesian_cpl,-1.133868775448421,-0.7800666910337032,-0.5169387272732872,-1.9138372262063772,-0.6371179097659923,0.7060529807412311,0.8345555555555556
1.588150684931507,166.95620372281425,84.37298695580544,0.16277924685452994,2.615895655389116,0.8897985198729662,0.0006734233752187625,0.10952805675181503,-0.056193597730657616,-1.1710173612045038,bayesian_cpl,-1.1710173612045043,4.440892098500626e-16,162.13284711608588,166.66300254258067,173.53381483628235,83.42494960070223,85.38574312051168,88.76269192428285,0.15067317117105491,0.16335248804647853,0.17260848432609285,2.563943043685209,2.6670925115665343,2.771773038308232,0.8236232031002285,0.8929320222940821,0.9435279793874989,0.055757933341842175,0.10639218281205808,0.17575345677843765,-0.12210821951514768,-0.05054008913863598,0.13698805263827574,-1.6595197104165118,-1.126920730022994,-0.6898827438119532,bayesian_cpl,-1.133868775448421,-0.7800666910337032,-0.5169387272732872,-1.9138372262063772,-0.6371179097659923,0.7060529807412311,0.8345555555555556
1.5971232876712331,167.71421582927593,84.58836252244198,0.16131115660927026,2.61977084156825,0.8909761426017616,0.0006766523461437043,0.10834720505209468,-0.05586419562160941,-1.1718678255851922,bayesian_cpl,-1.1718678255851933,1.1102230246251565e-15,162.88953178354237,167.4431267757249,174.31915485742906,83.66451845652962,85.59983342367244,88.94770692304928,0.1493186085460246,0.16183390231546319,0.17100854314866262,2.568295445119579,2.6702393776708115,2.7736822464122803,0.824737238622923,0.8938634441539635,0.9445380922759203,0.054744577724317484,0.10545771073706126,0.17463641420482084,-0.12035805043119456,-0.050342856540628346,0.13589653411893227,-1.653487604049474,-1.1267198081521979,-0.6889669461722202,bayesian_cpl,-1.133868775448421,-0.7800666910337032,-0.5169387272732872,-1.9138372262063772,-0.6371179097659923,0.7060529807412311,0.8345555555555556
1.606095890410959,168.47415698461404,84.80297415265127,0.15985917714115672,2.6236033631441122,0.8921393965227444,0.0006798765465859213,0.10718072693066964,-0.05553433261046452,-1.172712433789168,bayesian_cpl,-1.17271243378917,1.9984014443252818e-15,163.65338216609132,168.20645788249237,175.11588157477283,83.888544737028,85.82361805427638,89.13168358950198,0.14796298747983558,0.16036841099566412,0.169415908100044,2.572347401927875,2.674372705674923,2.7769633565338796,0.8257493421313111,0.8949813202194241,0.9454734392900451,0.053806039657641004,0.10433663747684922,0.17362137547934248,-0.11853676454115376,-0.05010933941898546,0.13524977317523199,-1.6538989605953751,-1.1262415364800633,-0.6883713231137675,bayesian_cpl,-1.133868775448421,-0.7800666910337032,-0.5169387272732872,-1.9138372262063772,-0.6371179097659923,0.7060529807412311,0.8345555555555556
1.6150684931506851,169.23602035401828,85.01682623978797,0.15842311508711115,2.627393662676105,0.8932884612514713,0.0006830960007958466,0.10602844274773283,-0.055204105081492164,-1.173551246096094,bayesian_cpl,-1.1735512460960944,4.440892098500626e-16,164.41945267822956,168.97168537694984,175.90167074565701,84.12967928755764,86.04791428950354,89.3150447421591,0.1466439777477222,0.1589191689185421,0.16784088643656242,2.576042370907697,2.677979149451521,2.7803883215352903,0.8268703286261486,0.8960855225485754,0.9463917377054385,0.05288455831846056,0.10322924254313254,0.17249736519375147,-0.11694873763972474,-0.04987394587731245,0.13460668667916753,-1.6482634312443272,-1.1213141100384567,-0.6828167279721697,bayesian_cpl,-1.133868775448421,-0.7800666910337032,-0.5169387272732872,-1.9138372262063772,-0.6371179097659923,0.7060529807412311,0.8345555555555556
1.6240410958904112,169.99979914222783,85.22992320572786,0.15700277930696704,2.6311421804010826,0.8944235144967234,0.0006863107334458816,0.1048901747698307,-0.054873606022871384,-1.1743843219611532,bayesian_cpl,-1.1743843219611507,-2.4424906541753444e-15,165.18772966098413,169.74516118501305,176.67546818444856,84.3544099426068,86.26683736445818,89.49779761191239,0.14536225646050252,0.15747417835305838,0.1662832852197184,2.58073614995238,2.6809230287631776,2.7833579060327964,0.8281090364927521,0.8971090108516068,0.947293296493139,0.05197982463285197,0.10220261777483322,0.17125553732379342,-0.11547265518265902,-0.04965315102463728,0.13396726638568332,-1.6505209074003229,-1.1220382605940935,-0.6821810575738371,bayesian_cpl,-1.133868775448421,-0.7800666910337032,-0.5169387272732872,-1.9138372262063772,-0.6371179097659923,0.7060529807412311,0.8345555555555556
1.6330136986301371,170.76548659377573,85.44226949820904,0.1555979808666925,2.6348493541438174,0.895544732063084,0.0006895207696073643,0.10376574716730859,-0.054542925123864223,-1.1752117200290926,bayesian_cpl,-1.1752117200290932,6.661338147750939e-16,165.96046457923617,170.50780249876593,177.46416717721524,84.57297266677054,86.49326002612757,89.67994929863555,0.14407306884375376,0.15606863876817245,0.1647384134420804,2.5852575079022775,2.6842633745857523,2.78620813834489,0.8292130599414786,0.8982536052883437,0.948152524246965,0.051117449842751524,0.1010547882568964,0.17014849107123053,-0.11400475017707508,-0.04939798537904593,0.1333315034969956,-1.647525505409694,-1.1218770825618605,-0.676001898450084,bayesian_cpl,-1.133868775448421,-0.7800666910337032,-0.5169387272732872,-1.9138372262063772,-0.6371179097659923,0.7060529807412311,0.8345555555555556
1.6419863013698632,171.53307599320922,85.65386958827455,0.15420853302139265,2.6385156192325363,0.8966522878543745,0.0006927261347282445,0.1026549860108973,-0.05421214886949992,-1.1760334981480103,bayesian_cpl,-1.1760334981480094,-8.881784197001252e-16,166.73574576370996,171.2689072505562,178.2544896829069,84.80974251303068,86.71433106325635,89.86150677414926,0.14279835458510454,0.154684608822734,0.1632099860960297,2.5896352692562865,2.6877188460339685,2.7895732235611903,0.8303073042190973,0.8994204515097903,0.9489916320868199,0.05027520600182422,0.0998846837569017,0.1690512257514617,-0.11246936540815211,-0.04915763759485946,0.13271756042605543,-1.6462346719252507,-1.122469706780378,-0.6730005773147374,bayesian_cpl,-1.133868775448421,-0.7800666910337032,-0.5169387272732872,-1.9138372262063772,-0.6371179097659923,0.7060529807412311,0.8345555555555556
1.6509589041095891,172.3025606652877,85.86472796781244,0.15283425119810476,2.642141408419329,0.8977463538778951,0.000695926854611434,0.10155771926749342,-0.053881360632802064,-1.1768497133828026,bayesian_cpl,-1.1768497133828009,-1.7763568394002505e-15,167.5071694029398,172.01801544132397,179.04643149267528,85.02270141068827,86.93710573000776,90.06320274272892,0.14153792302357676,0.1533402938283444,0.16171017903192703,2.593010742800915,2.6904323951727913,2.7926677601859,0.8313918727887999,0.9007188415411189,0.9498834356356267,0.04938022119934243,0.09858292735209317,0.16796363789806604,-0.11123054922682586,-0.048971586346672105,0.1322186588679954,-1.647578141656353,-1.1234422078362092,-0.6713244503447969,bayesian_cpl,-1.133868775448421,-0.7800666910337032,-0.5169387272732872,-1.9138372262063772,-0.6371179097659923,0.7060529807412311,0.8345555555555556
1.6599315068493152,173.0739339751592,86.07484914719154,0.1514749529784003,2.645727151805282,0.8988271002494497,0.0006991229553938359,0.1004737767951565,-0.05355064076464252,-1.1776604220283942,bayesian_cpl,-1.1776604220283942,0.0,168.283179626082,172.76930198215308,179.84642314672885,85.24239642395246,87.1533227896152,90.26417351474828,0.14028154727321399,0.15200959423270738,0.16022221772055192,2.5969572875676787,2.692861665415031,2.7951034759377875,0.8324072982024214,0.90199957225775,0.950731909914078,0.048528594689686386,0.09729883718434874,0.1669452412901582,-0.10998110522673331,-0.04867272960687765,0.1317196714555313,-1.6471200485171695,-1.1237931317209138,-0.669788005585988,bayesian_cpl,-1.133868775448421,-0.7800666910337032,-0.5169387272732872,-1.9138372262063772,-0.6371179097659923,0.7060529807412311,0.8345555555555556
1.6689041095890413,173.84718932851587,86.2842376529882,0.1501304580808094,2.6492732767701357,0.8998946951990976,0.0007023144635260188,0.09940299033737639,-0.05322006668126117,-1.178465679622685,bayesian_cpl,-1.1784656796226827,-2.220446049250313e-15,169.06885082660486,173.540171518848,180.63530963366014,85.47646247183266,87.37481032564253,90.43608100211883,0.13905892315349577,0.15066213321248761,0.15873655712770973,2.6003945885808992,2.696367583069972,2.797416759386308,0.8335309760966203,0.9030816010187612,0.9514803825916918,0.047777043373790094,0.09621359732664142,0.16581850238854828,-0.10861243729584591,-0.048424704663794,0.13122251356453057,-1.6406815677210322,-1.1233407083254954,-0.6666812042126562,bayesian_cpl,-1.133868775448421,-0.7800666910337032,-0.5169387272732872,-1.9138372262063772,-0.6371179097659923,0.7060529807412311,0.8345555555555556
1.6778767123287672,174.6223201717294,86.49289802580275,0.1488005883430802,2.6527802079063405,0.9009493050776086,0.000705501405752533,0.09834519351663884,-0.05288971294949538,-1.17926554095921,bayesian_cpl,-1.1792655409592094,-6.661338147750939e-16,169.85704425675092,174.32437663599015,181.4319311336378,85.7001754095396,87.5881842841735,90.60756636297958,0.13784045925305657,0.1493096629861741,0.15726679347423458,2.6031683686814384,2.7008106800296505,2.800735958728004,0.8345885413388887,0.9040316211560276,0.9522100004450994,0.047044357719006405,0.09526046378595988,0.16475792201279918,-0.10709190373167009,-0.04783368259121371,0.1307272033809671,-1.6407175162245293,-1.1231658656277834,-0.6633917389073904,bayesian_cpl,-1.133868775448421,-0.7800666910337032,-0.5169387272732872,-1.9138372262063772,-0.6371179097659923,0.7060529807412311,0.8345555555555556
1.6868493150684933,175.39931999196787,86.70083481816152,0.1474851677042866,2.6562483669573127,0.9019910943635797,0.0007086838090928478,0.09730022182732743,-0.052559651369797726,-1.1800600600995956,bayesian_cpl,-1.1800600600995963,6.661338147750939e-16,170.64099977130263,175.11036788261669,182.2303087030416,85.92963956005615,87.7928615549631,90.77863311787253,0.13663530670380622,0.1479723040352744,0.1558250889146856,2.6067055117150457,2.704059552928941,2.803500283125286,0.835635418400704,0.9049703270493569,0.9529964583372424,0.046254783538240904,0.0943186483934197,0.16370803266546982,-0.1059545599599421,-0.04725116278707693,0.13022250473550404,-1.6428814628213535,-1.123844266179251,-0.6627797444856874,bayesian_cpl,-1.133868775448421,-0.7800666910337032,-0.5169387272732872,-1.9138372262063772,-0.6371179097659923,0.7060529807412311,0.8345555555555556
1.6958219178082194,176.17818231729288,86.90805259250274,0.14618402218679985,2.6596781727597785,0.9030202256711832,0.0007118617008228978,0.09626791262799388,-0.05222995105706281,-1.1808492903857244,bayesian_cpl,-1.1808492903857244,0.0,171.43346883566255,175.91013606404886,183.0466816421226,86.15213116357246,87.99494324248751,90.94928473843677,0.13541926249356231,0.14662986270553044,0.154387783217823,2.6099634849282745,2.7082760024685806,2.8061840669593687,0.8365232475331634,0.9057743091873899,0.953697187672684,0.04555100136806308,0.09351165803463932,0.16281731113336667,-0.10467942141958127,-0.0467667181259284,0.1296561165811618,-1.643872496302281,-1.1222776619061052,-0.6593044340393349,bayesian_cpl,-1.133868775448421,-0.7800666910337032,-0.5169387272732872,-1.9138372262063772,-0.6371179097659923,0.7060529807412311,0.8345555555555556
1.7047945205479453,176.95890071674057,87.11455591924253,0.14489697987813188,2.663070041190012,0.904036859758506,0.0007150351084572219,0.09524810513303678,-0.05190067851933501,-1.1816332844516724,bayesian_cpl,-1.1816332844516708,-1.5543122344752192e-15,172.23242379145387,176.71610487055392,183.85727512186193,86.36752405109213,88.18590088621312,91.14202435192156,0.13422782832165264,0.1452954104862188,0.15295875219721908,2.613182421544008,2.711769741345294,2.8099293506668674,0.8374702116646712,0.9065227359725548,0.9543356260790011,0.04490955571803283,0.0927602627505191,0.16186740317131315,-0.10331455849920117,-0.046338495874152216,0.12909256038208525,-1.6417620144755551,-1.11971456944121,-0.6560019850141554,bayesian_cpl,-1.133868775448421,-0.7800666910337032,-0.5169387272732872,-1.9138372262063772,-0.6371179097659923,0.7060529807412311,0.8345555555555556
1.7137671232876714,177.74146880038415,87.32034937491946,0.14362387091266873,2.6664243851138627,0.9050411555364576,0.00071820405973168,0.09424064040381074,-0.05157189773443666,-1.1824120942354126,bayesian_cpl,-1.1824120942354117,-8.881784197001252e-16,173.01860556200438,177.4906322477081,184.71160522151698,86.60194207100554,88.38995690269867,91.33558235094799,0.13298902905031568,0.14403010726383192,0.15157184699983556,2.616006829743889,2.7156423608530114,2.813502709419355,0.8380260451172152,0.9076010407027696,0.9551250685823572,0.044116982789990905,0.09167872381615656,0.1613089313044843,-0.10193999477671634,-0.04591444945337167,0.12853183518791375,-1.6402972964538807,-1.1159692062846458,-0.6542633291766858,bayesian_cpl,-1.133868775448421,-0.7800666910337032,-0.5169387272732872,-1.9138372262063772,-0.6371179097659923,0.7060529807412311,0.8345555555555556
1.7227397260273976,178.52588021938126,87.52543754041423,0.14236452745330097,2.669741614340396,0.906033270078207,0.0007213685825867356,0.09324536133920627,-0.05124367022457213,-1.1831857709902902,bayesian_cpl,-1.18318577099029,-2.220446049250313e-16,173.80395367049954,178.28290799229433,185.55970593173345,86.83422087013872,88.60242283747417,91.50936827493486,0.13177614723597045,0.1427528338539461,0.15020516061717049,2.6193152289419466,2.7188280259232007,2.8155207412819574,0.8386469279552632,0.9085045213390536,0.9559324593778349,0.04330644313706886,0.09077214250931104,0.16068535534415962,-0.1008397022576754,-0.04549454639982706,0.1279739394919915,-1.641406773292816,-1.115557402356167,-0.6529792439468395,bayesian_cpl,-1.133868775448421,-0.7800666910337032,-0.5169387272732872,-1.9138372262063772,-0.6371179097659923,0.7060529807412311,0.8345555555555556
1.7317123287671234,179.3121286660049,87.72982499924272,0.14111878367296601,2.673022135579035,0.9070133586291252,0.0007245287051512885,0.09226211266572347,-0.05091605512894588,-1.1839543652962612,bayesian_cpl,-1.1839543652962607,-4.440892098500626e-16,174.5962446187931,179.07138440250424,186.35819938425908,87.0672286402787,88.78152296548183,91.6816809851418,0.13064932007695026,0.1414984800139839,0.14884503772299593,2.6234575154217326,2.7215272442703027,2.8170858314225042,0.8397229307207197,0.9094537825370008,0.9566723441528362,0.042563459192099425,0.08981973932991812,0.15960629264529502,-0.09958733207933201,-0.04516275736452757,0.1274188712523515,-1.636433440077898,-1.1090610074922898,-0.6494674399276774,bayesian_cpl,-1.133868775448421,-0.7800666910337032,-0.5169387272732872,-1.9138372262063772,-0.6371179097659923,0.7060529807412311,0.8345555555555556
1.7406849315068496,180.10020787365988,87.93351633591946,0.13988647573611207,2.6762663524000567,0.9079815746171996,0.0007276844557270415,0.09129074092707332,-0.05058910927445047,-1.1847179270709138,bayesian_cpl,-1.1847179270709134,-4.440892098500626e-16,175.3978112359031,179.86953750602353,187.13808009573435,87.29231209981897,88.98910879453722,91.85660069707673,0.1295626487970657,0.14024549545416534,0.14748770508030115,2.6266602734526776,2.7243406243276675,2.819198483884386,0.8409712035940993,0.9103119163260835,0.9573199838711655,0.041912790349265594,0.08895853161042568,0.1583548161295636,-0.09846833165124945,-0.04487679455490719,0.12686662791202874,-1.630682121829574,-1.1066565367744294,-0.6444874498686254,bayesian_cpl,-1.133868775448421,-0.7800666910337032,-0.5169387272732872,-1.9138372262063772,-0.6371179097659923,0.7060529807412311,0.8345555555555556
1.7496575342465754,180.8901116168847,88.13651613438972,0.13866744178009532,2.6794746651983217,0.9089380696638977,0.000730835862773395,0.09033109447332893,-0.05026288724446482,-1.1854765055802772,bayesian_cpl,-1.1854765055802787,1.5543122344752192e-15,176.19871502563902,180.6694205286534,187.95956888118513,87.48785889311583,89.21035667213073,92.02932183847538,0.1284326014574622,0.13900641845258546,0.1461499541875806,2.630108709081465,2.7273267440450626,2.821922193538972,0.8418506850064003,0.91115999572238,0.957984480967002,0.041245247176159724,0.088107381864913,0.15747242105303622,-0.09726960651878991,-0.04465646484397353,0.1263172064187296,-1.6305024514273918,-1.1065832612279523,-0.6432581652662291,bayesian_cpl,-1.133868775448421,-0.7800666910337032,-0.5169387272732872,-1.9138372262063772,-0.6371179097659923,0.7060529807412311,0.8345555555555556
1.7586301369863016,181.68183371133946,88.33882897652731,0.13746152189652114,2.6826474711600965,0.9098829935954469,0.0007339829548928462,0.08938302344966027,-0.04993744144581555,-1.1862301494494267,bayesian_cpl,-1.1862301494494252,-1.5543122344752192e-15,176.9996931755622,181.46188008235674,188.7718218876084,87.68289987753695,89.41164206149516,92.20475998078567,0.12732973214463394,0.1377949636629009,0.144830199870307,2.633108851345661,2.730022807255479,2.8240105286262462,0.8428188212893486,0.9120901057268821,0.958657622896265,0.04056904870905487,0.08717413088854849,0.15650129497478243,-0.09607461811203345,-0.04435877755527782,0.12598788730635924,-1.6290632219327674,-1.1071780256632036,-0.6419703043486351,bayesian_cpl,-1.133868775448421,-0.7800666910337032,-0.5169387272732872,-1.9138372262063772,-0.6371179097659923,0.7060529807412311,0.8345555555555556
1.7676027397260277,182.47536801378104,88.54045944069671,0.13626855811253868,2.685785164232873,0.9108164944545113,0.0007371257608168871,0.08844637978467182,-0.04961282217392837,-1.1869789066728484,bayesian_cpl,-1.1869789066728489,4.440892098500626e-16,177.81489749873322,182.26431855939933,189.61815851225728,87.88203946930454,89.6071535622711,92.39402015534142,0.12619562799008557,0.13658431992226328,0.14350527732147594,2.6364618886300595,2.732299711381653,2.82627060536488,0.8434892178611751,0.9129270404865494,0.9591865903337996,0.04003713788207048,0.08633412568316082,0.15582814448871385,-0.0948936411795502,-0.04421305379636769,0.1257444478936265,-1.6310402894512208,-1.1079300099066018,-0.6410772156221792,bayesian_cpl,-1.133868775448421,-0.7800666910337032,-0.5169387272732872,-1.9138372262063772,-0.6371179097659923,0.7060529807412311,0.8345555555555556
1.7765753424657535,183.27070842202505,88.74141210037665,0.13508839437209993,2.6888881350980407,0.9117387185122376,0.0007402643093923871,0.08752101717836996,-0.04928907767624156,-1.187722824624662,bayesian_cpl,-1.1877228246246625,4.440892098500626e-16,178.62433480216131,183.06256785653386,190.43955346307078,88.07433407079432,89.8087118570888,92.56947797485353,0.12510937321412752,0.135395757693089,0.1422076344814957,2.639487351015476,2.7350373179216345,2.8279635203564757,0.8443882995153608,0.9138131753277087,0.9597879005629348,0.039432822750721526,0.08544487605761422,0.15492611972700762,-0.0937206921086267,-0.04399012364237885,0.1253506068585539,-1.6260621196645164,-1.1074848288881263,-0.6370363123985191,bayesian_cpl,-1.133868775448421,-0.7800666910337032,-0.5169387272732872,-1.9138372262063772,-0.6371179097659923,0.7060529807412311,0.8345555555555556
1.7855479452054797,184.06784887489638,88.94169152284363,0.13392087651719203,2.691956771146312,0.9126498102806434,0.0007433986295684434,0.08660679108978815,-0.04896625421389194,-1.1884619500685845,bayesian_cpl,-1.1884619500685862,1.7763568394002505e-15,179.43135588745724,183.86259272300225,191.25063967563054,88.28644077583299,90.00719248496307,92.74254302462553,0.12405045621857493,0.13422005022742578,0.14093130825831765,2.6429496081939123,2.737442437397714,2.830780579414136,0.8453844410029365,0.9146886322849987,0.9604248052247839,0.03879288103782752,0.08456630836357991,0.15392695135389,-0.09243779019574613,-0.0437664739158361,0.12480349088292614,-1.6262311982542668,-1.1045134950326845,-0.6338274391636408,bayesian_cpl,-1.133868775448421,-0.7800666910337032,-0.5169387272732872,-1.9138372262063772,-0.6371179097659923,0.7060529807412311,0.8345555555555556
1.7945205479452058,184.86678335216786,89.14130226791299,0.13276585226905196,2.694991456455785,0.9135499125253307,0.0007465287503836938,0.08570355872428562,-0.048644396121741866,-1.1891963291677472,bayesian_cpl,-1.1891963291677472,0.0,180.2398345359901,184.66438724771155,192.11650154664505,88.49547890512294,90.21972205867097,92.9197190992867,0.1229347952567257,0.13305704016357567,0.13966982890806023,2.646113336147594,2.7403254575208975,2.8331770851364975,0.8459032916499437,0.9155535502907968,0.9610555560838977,0.03815909481421319,0.08369828363919773,0.15340545862346472,-0.09110308986973267,-0.04355076408493363,0.12422096748179572,-1.6151171193436862,-1.1031077412474035,-0.6300953428837394,bayesian_cpl,-1.133868775448421,-0.7800666910337032,-0.5169387272732872,-1.9138372262063772,-0.6371179097659923,0.7060529807412311,0.8345555555555556
1.8034931506849317,185.66750587448738,89.34024888673586,0.13162317120937425,2.6979925717725446,0.9144391662784989,0.0007496547009540709,0.08481117902054706,-0.04832354586676839,-1.1899260074942917,bayesian_cpl,-1.1899260074942917,0.0,181.0442412166278,185.46794556312724,192.9558947633224,88.70221937008398,90.43360965688709,93.10785550480195,0.12186754392103853,0.13190657211986498,0.13843143764357144,2.6492704193767493,2.7423328255581545,2.8350340009121924,0.8466628955648957,0.9164080665103547,0.9617389344324346,0.03747263464741793,0.08284066468972334,0.1526430125335438,-0.09019004226683851,-0.04321666187690722,0.12361720397508241,-1.6081366684058864,-1.0997958792584122,-0.6272629456108072,bayesian_cpl,-1.133868775448421,-0.7800666910337032,-0.5169387272732872,-1.9138372262063772,-0.6371179097659923,0.7060529807412311,0.8345555555555556
1.8124657534246578,186.47001050329564,89.53853592065012,0.13049268476151704,2.7009604944936854,0.9153177108522375,0.000752776510460997,0.08392951263730154,-0.04800374410487099,-1.1906510300388116,bayesian_cpl,-1.1906510300388098,-1.7763568394002505e-15,181.84998557254104,186.27326184505802,193.8102999023611,88.92147982474512,90.65227959549206,93.29669096882282,0.12079541703130957,0.13076849267329754,0.13720742538836328,2.653831518216316,2.744611154076735,2.8373072546498976,0.8472979523764552,0.9172523163583409,0.9624170638218219,0.03679142417057437,0.081993316070996,0.15200521199112071,-0.08905550705514596,-0.042845030725450026,0.12301721515230458,-1.6047290261279636,-1.0980991743201756,-0.6264627433868781,bayesian_cpl,-1.133868775448421,-0.7800666910337032,-0.5169387272732872,-1.9138372262063772,-0.6371179097659923,0.7060529807412311,0.8345555555555556
1.8214383561643837,187.2742913407327,89.73616790008306,0.12937424617171842,2.7038955986526596,0.9161856838520742,0.000755894208139994,0.08305842193978578,-0.04768502973612314,-1.191371441219583,bayesian_cpl,-1.191371441219585,1.9984014443252818e-15,182.67223115248018,187.0803303124331,194.68190805989613,89.1304879553055,90.8481838151632,93.48454741396091,0.11971621264120125,0.12964265033825717,0.1359750078498737,2.656270200430495,2.748071236677187,2.83900337092229,0.8477906800807791,0.9180864335155169,0.9629300980689377,0.03627544148837819,0.08115610407277146,0.15150985465133576,-0.08781801282789284,-0.04225037544570345,0.12248157211339203,-1.600677454945096,-1.0972836604635205,-0.6259456203768968,bayesian_cpl,-1.133868775448421,-0.7800666910337032,-0.5169387272732872,-1.9138372262063772,-0.6371179097659923,0.7060529807412311,0.8345555555555556
1.8304109589041098,188.08034252953547,89.93314934350465,0.12826771049032834,2.7067982549068597,0.9170432211907673,0.0007590078232697118,0.08219777098596298,-0.0473674399585209,-1.1920872848916626,bayesian_cpl,-1.1920872848916642,1.5543122344752192e-15,183.4820717750535,187.89433392719906,195.4949346234621,89.34892520596864,91.04164850040287,93.67052252621097,0.11872252926131964,0.12852179699498842,0.13477734204660372,2.658926502509765,2.751144399498115,2.8415721783132155,0.8488004521599767,0.9188597992352638,0.9635834881707565,0.03561898409118831,0.08037968941697,0.15049702240970855,-0.08678526915104073,-0.041436604012748894,0.1221952545471054,-1.5990437648115832,-1.096480011218317,-0.6237576213282975,bayesian_cpl,-1.133868775448421,-0.7800666910337032,-0.5169387272732872,-1.9138372262063772,-0.6371179097659923,0.7060529807412311,0.8345555555555556
1.8393835616438359,188.88815825292588,90.12948475642955,0.12717293455306503,2.7096688305273435,0.9178904571023146,0.0007621173851613531,0.081347425512524,-0.047051010320245945,-1.1927986043557586,bayesian_cpl,-1.1927986043557566,-1.9984014443252818e-15,184.29416203800787,188.6997008934678,196.30047564379126,89.57145352882843,91.24200857705101,93.85031242988421,0.11775014577136296,0.12742708061980224,0.13359216895557738,2.6621240852706958,2.753142880297035,2.844009555466033,0.8498800118577247,0.9197247959118107,0.96422228093477,0.034977132723173245,0.0795115636656261,0.1494143393065933,-0.08561392603195506,-0.040832004067291275,0.12190896598872135,-1.5874871702422302,-1.0946347602634403,-0.6195715018153101,bayesian_cpl,-1.133868775448421,-0.7800666910337032,-0.5169387272732872,-1.9138372262063772,-0.6371179097659923,0.7060529807412311,0.8345555555555556
1.8483561643835618,189.69773273449036,90.32517863046537,0.12608977696230284,2.7125076893905833,0.9187275241561634,0.0007652229231484837,0.08050725292068808,-0.04673577477050095,-1.1935054423669662,bayesian_cpl,-1.193505442366966,-2.220446049250313e-16,185.1089557202743,189.51329737849804,197.10662067425804,89.754326251492,91.4364514721219,94.02015022363867,0.11678894428487767,0.12633531887803193,0.13241869252518687,2.665140940039005,2.756085489064639,2.8459232949675006,0.8509588978314754,0.9205166154032817,0.9648418806548684,0.034354487033180364,0.078716671510711,0.14833232482360303,-0.0844253134806687,-0.04054845112090857,0.12138356712142641,-1.5833919398117655,-1.093962029695612,-0.6173893966751566,bayesian_cpl,-1.133868775448421,-0.7800666910337032,-0.5169387272732872,-1.9138372262063772,-0.6371179097659923,0.7060529807412311,0.8345555555555556
1.8573287671232879,190.50906023805098,90.52023544240711,0.12501809806839875,2.7153151919721945,0.9195545532716103,0.00076832446657723,0.07967712226181248,-0.04642176570894505,-1.194207841143354,bayesian_cpl,-1.1942078411433565,2.4424906541753444e-15,185.9299067734866,190.32928617324023,197.92315869120327,89.95337343882689,91.6563350212764,94.18841734485632,0.1158273005175672,0.12525437937241188,0.13125191670507003,2.66839176982968,2.7581252115096495,2.847936570875198,0.8519528230689892,0.9212924900368885,0.9654066050960131,0.03378675922125175,0.07793773338112318,0.14733533640343727,-0.08327660131123008,-0.0402663518362427,0.1205855149714786,-1.580077163239472,-1.0943822968421741,-0.616020812322218,bayesian_cpl,-1.133868775448421,-0.7800666910337032,-0.5169387272732872,-1.9138372262063772,-0.6371179097659923,0.7060529807412311,0.8345555555555556
1.866301369863014,191.32213506752865,90.71465965337448,0.12395775995106409,2.718091695342516,0.920371673732363,0.0007714220447968335,0.07885690422284022,-0.04610901403376025,-1.1949058423743582,bayesian_cpl,-1.1949058423743588,6.661338147750939e-16,186.75005998751732,191.15853573224996,198.74027378570074,90.16166196213891,91.85278734381562,94.35624260818544,0.11487682072773348,0.12417002444578916,0.130101606023416,2.671563066247362,2.7611475588067336,2.8497692780403567,0.85294677645011,0.9219477124439466,0.9659890025304702,0.03320134063973915,0.07727954453296025,0.14633831460041777,-0.08201732163026278,-0.03988011195595523,0.11979436327364411,-1.581463514366364,-1.0947334165500189,-0.6151888960878614,bayesian_cpl,-1.133868775448421,-0.7800666910337032,-0.5169387272732872,-1.9138372262063772,-0.6371179097659923,0.7060529807412311,0.8345555555555556
1.8752739726027399,192.13695156679856,90.90845570799213,0.12290862640078846,2.7208375531639963,0.9211790132012595,0.0007745156871505712,0.07804647111158992,-0.045797549188384336,-1.1955994872290192,bayesian_cpl,-1.1955994872290177,-1.5543122344752192e-15,187.56929872590783,191.98938104241154,199.55698997303296,90.3661179409283,92.0376832894968,94.52363025660839,0.1139384479475376,0.12309764374142668,0.12896760899910995,2.6745906252308704,2.7628512911094503,2.852143561178328,0.8539490686662042,0.9225956656562243,0.9665900455622034,0.03259725772781639,0.07662862755312201,0.14533294173543185,-0.08125751987649438,-0.03960813356798942,0.11911429893582139,-1.5758879580280727,-1.0914699880663135,-0.608685973183247,bayesian_cpl,-1.133868775448421,-0.7800666910337032,-0.5169387272732872,-1.9138372262063772,-0.6371179097659923,0.7060529807412311,0.8345555555555556
1.884246575342466,192.95350411953916,91.10162803361013,0.12187056290032071,2.7235531156902706,0.9219766977351193,0.0007776054229670168,0.07724569684191372,-0.04548739920695513,-1.1962888163640875,bayesian_cpl,-1.1962888163640866,-8.881784197001252e-16,188.39054790740195,192.8218174619004,200.37200865387607,90.57313654392075,92.23609029220917,94.70266478526028,0.11301343737146312,0.1220370814769173,0.1278456452064615,2.6767109947693335,2.7659962577074704,2.85348409154212,0.854970661558847,0.9232364461412019,0.967179464688916,0.032004805370650535,0.07598488594998457,0.14430824665592773,-0.08048514996520888,-0.039337490482093,0.1186124339828706,-1.5653338246824673,-1.0902497179303965,-0.6016236774813704,bayesian_cpl,-1.133868775448421,-0.7800666910337032,-0.5169387272732872,-1.9138372262063772,-0.6371179097659923,0.7060529807412311,0.8345555555555556
1.893219178082192,193.7717871490731,91.29418103956405,0.12084343660621556,2.726238729766887,0.9227648517997222,0.0007806912815516435,0.07645445691872613,-0.0451785907584864,-1.1969738699319732,bayesian_cpl,-1.1969738699319725,-6.661338147750939e-16,189.21448977792173,193.65584039175647,201.21957548553007,90.76782422681751,92.43727896084017,94.87156859850211,0.11206337808779333,0.12098818410346836,0.12673465160630515,2.678775063967994,2.768210029404119,2.8551018020856147,0.8557200074533471,0.9238701489230249,0.9677503825753208,0.031430866813490214,0.0753482246754674,0.1435560235441869,-0.07940705659967906,-0.039068199149831076,0.11811320057023052,-1.5593711677469109,-1.0881864442146416,-0.5984622016877158,bayesian_cpl,-1.133868775448421,-0.7800666910337032,-0.5169387272732872,-1.9138372262063772,-0.6371179097659923,0.7060529807412311,0.8345555555555556
1.902191780821918,194.591795118203,91.48611911647292,0.11982711633044775,2.7288947388335765,0.923543598284891,0.0007837732921787527,0.07567262842293028,-0.044871149189811436,-1.1976546875885292,bayesian_cpl,-1.1976546875885303,1.1102230246251565e-15,190.04098829006293,194.49144527530524,202.0818542701648,90.97149540450745,92.63143861920973,95.05728970247661,0.11110907283023387,0.1199508002734346,0.12563469693621204,2.680912444591644,2.770318364426235,2.856922027149196,0.856351016916346,0.9244968676053438,0.9683043674181981,0.030873872674319597,0.07471855010219312,0.14292223335896792,-0.07837923723379032,-0.03876768576055307,0.1176165910461165,-1.5601173322362971,-1.0862838691571821,-0.59648212593082,bayesian_cpl,-1.133868775448421,-0.7800666910337032,-0.5169387272732872,-1.9138372262063772,-0.6371179097659923,0.7060529807412311,0.8345555555555556
1.911164383561644,195.41352252904028,91.67744663557369,0.11882147252210282,2.731521482928013,0.9243130585196695,0.0007868514840837195,0.07490008999624678,-0.04456509856733014,-1.198331308500712,bayesian_cpl,-1.198331308500717,5.10702591327572e-15,190.87633309306213,195.32372183189594,202.9171284335149,91.17036267327553,92.81017742104929,95.2362406113204,0.11019624120974654,0.1189307547312364,0.12453745619090667,2.6835985896361785,2.77262158887902,2.8592085178316347,0.8572173243435033,0.9251631655821557,0.9687777351072937,0.03039756140984386,0.07404925925253851,0.1420529415933188,-0.07751385021720977,-0.03853373276215726,0.11727787162060743,-1.553756321529782,-1.0842670001602213,-0.5935059304426253,bayesian_cpl,-1.133868775448421,-0.7800666910337032,-0.5169387272732872,-1.9138372262063772,-0.6371179097659923,0.7060529807412311,0.8345555555555556
1.92013698630137,196.2369639228283,91.86816794809091,0.11782637724914738,2.734119298690991,0.9250733522875854,0.0007899258864555491,0.0741367218259591,-0.0442604617175877,-1.199003771354103,bayesian_cpl,-1.1990037713541009,-2.220446049250313e-15,191.71456528901987,196.15275854708037,203.8084958543237,91.35973693093582,92.98523926206666,95.40359796864392,0.10923445159521261,0.1179275610820065,0.12345080855238993,2.6863224626618356,2.77520522621765,2.8613981187929443,0.8576167975427637,0.9258677624158232,0.9692316438507717,0.029940723223086555,0.07334163334597406,0.14165087814223704,-0.07668248744542189,-0.03796228819553416,0.11706560634626166,-1.5475638245527719,-1.0801554580429138,-0.5860125812843224,bayesian_cpl,-1.133868775448421,-0.7800666910337032,-0.5169387272732872,-1.9138372262063772,-0.6371179097659923,0.7060529807412311,0.8345555555555556
1.929109589041096,197.0621138797604,92.05828738464092,0.11684170418028411,2.7366885193729513,0.9258245978419785,0.0007929965284297335,0.07338240562959181,-0.04395726026670287,-1.1996721143602342,bayesian_cpl,-1.199672114360236,1.7763568394002505e-15,192.5545321036702,196.98623658665366,204.69469008689506,91.55654597059645,93.17231416104086,95.56969726750086,0.10829066494610873,0.11693173422369198,0.12237611651827415,2.6889148614220533,2.777840846604015,2.862991897126263,0.8580682901464315,0.9265379735096525,0.9696779044422078,0.029491537357340315,0.0726684189342682,0.1411967486343183,-0.07580853244971783,-0.037088255693799366,0.11670667387924277,-1.547628316265191,-1.07980076105603,-0.5826632610935293,bayesian_cpl,-1.133868775448421,-0.7800666910337032,-0.5169387272732872,-1.9138372262063772,-0.6371179097659923,0.7060529807412311,0.8345555555555556
1.9380821917808222,197.88896701879196,92.24780925466821,0.1158673285668976,2.7392294748417885,0.9265669119213916,0.0007960634390813961,0.07263702463952698,-0.04365551467871209,-1.2003363752638991,bayesian_cpl,-1.2003363752639,8.881784197001252e-16,193.39622605327168,197.81994689194283,205.58239247977215,91.75836117741294,93.3599690021889,95.73307973269199,0.10735748483105778,0.115948195769258,0.12131323031504473,2.691697562362021,2.7801137578414825,2.864978270091622,0.8585154626580367,0.9272135901083625,0.9701166547852277,0.02904986585070025,0.07198979085656532,0.1407469405608621,-0.07499426611108849,-0.03660237628867427,0.1161625647568723,-1.546005275870006,-1.079041983370577,-0.5790659356628682,bayesian_cpl,-1.133868775448421,-0.7800666910337032,-0.5169387272732872,-1.9138372262063772,-0.6371179097659923,0.7060529807412311,0.8345555555555556
1.947054794520548,198.71751799744862,92.4367378459138,0.1149031272250926,2.7417424915918773,0.9273004097650033,0.000799126647418723,0.071900463587578,-0.04335524429280761,-1.2009965913502025,bayesian_cpl,-1.200996591350199,-3.552713678800501e-15,194.23963974112758,198.65528603587956,206.44279950088736,91.94931910264154,93.54078631024402,95.8960782744615,0.10646446595213944,0.11497512900433449,0.12026200206578715,2.6946019931832312,2.7821802536040487,2.8667435644098505,0.8591980504536836,0.927881484284098,0.9705480302228928,0.028615573302584504,0.07131888831152527,0.14006151198121092,-0.07415941588674571,-0.03624657109669612,0.11562179367714177,-1.5427542445771683,-1.0792585989504175,-0.5773219211783851,bayesian_cpl,-1.133868775448421,-0.7800666910337032,-0.5169387272732872,-1.9138372262063772,-0.6371179097659923,0.7060529807412311,0.8345555555555556
1.9560273972602742,199.54776151162878,92.62507742391423,0.11394897851783235,2.7442278927542727,0.9280252051281003,0.0008021861823766647,0.07117260868952306,-0.04305646735953488,-1.2016527994515442,bayesian_cpl,-1.2016527994515447,4.440892098500626e-16,195.08476585648782,199.4922492321065,207.26729481145478,92.13982335216433,93.72181570748046,96.05869611321296,0.10561913745191077,0.11401240401603747,0.11922228577214529,2.697140480932753,2.784390842270846,2.86840372868918,0.8601851721200238,0.9285417561472299,0.9709721635830321,0.028188526828397897,0.07065561116302732,0.13907128270949273,-0.07325980491608992,-0.03602241223193933,0.1150843406361405,-1.523345985736246,-1.0770429303648652,-0.574470447846925,bayesian_cpl,-1.133868775448421,-0.7800666910337032,-0.5169387272732872,-1.9138372262063772,-0.6371179097659923,0.7060529807412311,0.8345555555555556
1.965,200.37969229540244,92.81283223152947,0.11300476233717799,2.7466859981079916,0.9287414102975741,0.0008052420728109059,0.07045334762961503,-0.04275920107597408,-1.2023050359545076,bayesian_cpl,-1.2023050359545042,-3.3306690738754696e-15,195.9315971734603,200.3308317327038,208.09270796067665,92.33413875989353,93.90631025821719,96.23217641623009,0.10478291511500908,0.11305989263908844,0.11819393729612418,2.6994443729094204,2.787366853926787,2.8704390167489597,0.8611693024815819,0.9291945044264186,0.9713891852229586,0.027768596014808737,0.06999986065680829,0.13808404215613676,-0.0723643251973105,-0.0359218937444822,0.11455018562799035,-1.5176643859409682,-1.0721004143333484,-0.5718497566206345,bayesian_cpl,-1.133868775448421,-0.7800666910337032,-0.5169387272732872,-1.9138372262063772,-0.6371179097659923,0.7060529807412311,0.8345555555555556
