z,H,dH_dz,S_rel,dlnS_dlna,Omega_m,Omega_r,Omega_geom,Delta_H,w_geom,H_p16,H_p50,H_p84,dH_dz_p16,dH_dz_p50,dH_dz_p84,S_rel_p16,S_rel_p50,S_rel_p84,dlnS_dlna_p16,dlnS_dlna_p50,dlnS_dlna_p84,Omega_m_p16,Omega_m_p50,Omega_m_p84,Omega_geom_p16,Omega_geom_p50,Omega_geom_p84,Delta_H_p16,Delta_H_p50,Delta_H_p84,w_geom_p16,w_geom_p50,w_geom_p84,reconstruction,H0_anchor_sigma
0.0,75.95386911332336,-4.43929758893434,0.7865101892220074,-0.11689457405549404,0.24798666266169897,7.25162394462691e-05,0.7519408210988547,-0.861144626998376,-1.3817430852869226,67.2814279824201,76.26499298283854,85.76729044542203,-59.53063823781328,-5.15505535111582,50.055027075926375,0.6168233167024917,0.7801061289039974,1.002336987862625,-1.4025041889248286,-0.13857881817157305,1.450875888862931,0.19448439175629564,0.2459674624434304,0.3160368522730857,0.6838707322566333,0.7539606117714847,0.8054587371339044,-2.0149611065135673,-0.8788251254273088,0.5302447803028963,-1.8455527166474226,-1.3870839289874008,-0.737774627313183,unanchored,
0.008972602739726028,75.92038139052791,-3.027176188340672,0.7872041858411092,-0.0804616041637241,0.25494675387657467,7.522042981700552e-05,0.7449780256936084,-0.8456027475127161,-1.378356908234719,67.69931856594437,76.2453177985372,85.2373117539949,-56.751400545129876,-3.713465206219631,50.19341514993509,0.6245177560744102,0.7805089548123708,0.9900008575444796,-1.356482524758352,-0.10068908168943466,1.4553105790919323,0.20225854678266456,0.25277841248823874,0.32062520691033874,0.6792801946470168,0.7471470068373784,0.7976817781103108,-1.993564351571672,-0.8672959787788995,0.5281583221467074,-1.8428675768879315,-1.3849141397896663,-0.7399490176292902,unanchored,
0.017945205479452057,75.89950929964276,-1.627263605874581,0.7876372019868294,-0.04364890368689197,0.26195301114492314,7.797488564507495e-05,0.7379690139694318,-0.8298198366642418,-1.3748214450544283,68.17294665659252,76.23337049656894,84.92148508298277,-53.89662242352855,-2.3820800042450028,50.025441904588845,0.6291714782976049,0.7807534532495743,0.9762926661482859,-1.3090428121987072,-0.06333527946695444,1.4643360246137542,0.20925035390763094,0.25966360847940606,0.32469619643553244,0.6752071520746612,0.7402590981156092,0.7906873590724725,-1.9712672917240344,-0.84944306268195,0.5233060660314084,-1.8430236771238953,-1.3844562500513882,-0.7448951060858934,unanchored,
0.026917808219178087,75.89114329579294,-0.23955984153606752,0.7878108649143877,-0.006483187806216372,0.2690004412321745,8.077847089297997e-05,0.7309187802969326,-0.8138076253863117,-1.371134544322287,68.48556869123118,76.220681231904,84.56507919065888,-51.19309410616614,-0.9044391041424774,49.86354361468692,0.6344860772924178,0.7810134381374999,0.9673998832719727,-1.2688079061683408,-0.024301292021428805,1.4668266885329524,0.21664722124120442,0.266679438966707,0.3303216635332827,0.6695791437711187,0.7332404795390037,0.7832877215002464,-1.9457307871259797,-0.8382435564892736,0.5126116640590866,-1.8431504961125986,-1.3822159718572653,-0.7498605314973821,unanchored,
0.03589041095890411,75.89517383410345,1.1359351046748694,0.7877271911470782,0.03100867217134023,0.2760840049862302,8.362998320976391e-05,0.72383236503056,-0.7975778627201895,-1.3672940039952097,68.92543274633053,76.26180230673143,84.2449230616191,-48.541147722980675,0.5325646704007476,49.83882723884486,0.6393176309046945,0.7801714939364356,0.9550919307286506,-1.223332935773146,0.014652793545255928,1.4657018933996886,0.2240691624995853,0.2734358710004783,0.33474229191152005,0.6651563096309577,0.7264813011757879,0.7758629635926213,-1.916021246993566,-0.8246947485069267,0.5063611812182216,-1.8389091605654186,-1.3806438301932786,-0.753166603321143,unanchored,
0.04486301369863014,75.91149136969932,2.499221232758228,0.7873885761426725,0.06879969770167647,0.28319863050161,8.652815735078355e-05,0.7167148413410392,-0.7811423064325566,-1.3632975819555457,69.33103318833372,76.34747959013814,83.90846090308419,-46.07502959909138,1.854483631569325,49.889431341837,0.6444550731593186,0.7784214254659958,0.9439498887851988,-1.1742556056805482,0.05049531088522909,1.4739505553075247,0.23178999501443595,0.2799734315743191,0.33950875573495337,0.6603875111820646,0.7199410256915992,0.7681391841587634,-1.891885279935674,-0.8064923993029849,0.49413317821216346,-1.8392522372756779,-1.376871445510778,-0.7557488717517465,unanchored,
0.053835616438356174,75.93998635770558,3.8502985427140115,0.7867977828160622,0.10686285138688348,0.29033922625577546,8.947166879614535e-05,0.7095713020754284,-0.7645127140556275,-1.3591430073433075,69.66985628219834,76.39166087548219,83.48766600693708,-43.584643650061786,3.176116387501403,49.998953959798875,0.6509678156178299,0.7775213166015807,0.9347906839523774,-1.1262712823713428,0.08661672297485055,1.4766803662588144,0.24021609622161055,0.28691608236553645,0.34495064655423646,0.6549430525838458,0.7129955008503288,0.7597098781798585,-1.8643743873278003,-0.7916893220148701,0.4869529488323786,-1.834165339408472,-1.3743369037683713,-0.7569128752138016,unanchored,
0.0628082191780822,75.98054925324723,5.1891670345422165,0.7859579289958231,0.1451710846842482,0.29750069415471087,9.245913754774002e-05,0.7024068467077413,-0.7477008343300753,-1.3548279926534657,70.0389422939523,76.3932230350176,83.1218153005532,-40.797170002123366,4.682116345141917,50.072248528418505,0.6567107482659201,0.7774895089315352,0.9249644992054562,-1.0680397053060458,0.12593548393735687,1.4774105464294436,0.24857806793499393,0.29429522888160375,0.3501174432245599,0.6497737450735618,0.7056133081955143,0.7513446774090469,-1.834044685160349,-0.7705259496386776,0.47975559476743057,-1.8285083276232779,-1.3692786238080488,-0.7589024274890902,unanchored,
0.07178082191780823,76.03307051144931,6.515826708242844,0.7848724738969809,0.1836973847789803,0.30467794242666796,9.548913208406182e-05,0.6952265684412481,-0.73071839902936,-1.350350246571506,70.3601370719672,76.4341778244872,82.765715471771,-38.089586516852215,6.152631269674643,50.140180012223915,0.66237398694803,0.7766564622971993,0.9165387189682176,-1.0034704631872002,0.16840751315417163,1.4780910067657127,0.2571255206062472,0.301488586712935,0.3557891763780516,0.6440993157149874,0.6984169237311452,0.7427938936690238,-1.8033784388294187,-0.7484701873354306,0.47359510248575526,-1.8226258005816791,-1.3629247412352836,-0.7608230852705057,unanchored,
0.08075342465753425,76.09744058743682,7.830277563815893,0.783545203696119,0.22241482046664782,0.3118658983052288,9.856017345142625e-05,0.6880355415213197,-0.7135771151428443,-1.3457074875158577,70.69620042407679,76.49364125408653,82.50130140809455,-35.34912966984823,7.416362926048267,50.19983678542606,0.6666264761053818,0.7754494541522621,0.9078456370749315,-0.9496549678478677,0.20527137165582632,1.4867209566305397,0.2653300203025463,0.30864363596217675,0.36133983565121863,0.6385459687375581,0.6912588222082727,0.734586126435635,-1.7760882080700449,-0.7344540943124555,0.4654753304390886,-1.8196519975412306,-1.3572837427368079,-0.7642824756164222,unanchored,
0.08972602739726028,76.17354993633481,9.132519601261366,0.7819802162980357,0.2612965868999911,0.3190595204454954,0.0001016707394698109,0.6808388088150349,-0.6962886573943745,-1.3408974578511612,71.0684532770966,76.52322388864451,82.24394833310845,-32.852770471383266,8.374861697385825,50.326078952884714,0.6708049439101418,0.7748500055553205,0.898360055294749,-0.8956832236181822,0.2376256404900477,1.4939033574675076,0.2736983612317698,0.3161502887631187,0.36654421998892117,0.6333389779114498,0.683748967546183,0.7262144227066651,-1.7540568646590236,-0.713628061775283,0.4522850285074151,-1.8136350636046423,-1.349283154664866,-0.766514549019814,unanchored,
0.0986986301369863,76.26128901326825,10.422552820579263,0.7801819053854789,0.30031604906411913,0.32625381102022466,0.00010481926903133223,0.673641369710744,-0.6788646610726802,-1.335917938731593,71.49025109850963,76.58188346447264,81.96789474493293,-30.502537000496435,9.282660928680631,50.119562972614055,0.6753308788230014,0.7736634334944448,0.8877905396700946,-0.8363676809613793,0.2733004513413734,1.501174067973395,0.28240756597242483,0.3235279386540521,0.37125322306976605,0.6286275001887731,0.6763681178489053,0.7175017017399075,-1.7242188255394324,-0.6967276727193354,0.4423056590272841,-1.8091261585242937,-1.3418063424270994,-0.7708340303496178,unanchored,
0.10767123287671235,76.36054827336221,11.70037722176958,0.7781549438450186,0.339446783853991,0.3334438274460549,0.0001080041664693314,0.6664481683874758,-0.661316715150051,-1.3307667655286477,71.8359697247057,76.68515967943534,81.78726855523745,-28.216482746990287,10.710978455855876,49.9904249016972,0.6783170980463038,0.771580984677839,0.8792659200160969,-0.7825575688476367,0.3100240703535204,1.508268156028241,0.29066274163479155,0.33062684848380974,0.3767704568763063,0.6231075052396612,0.6692660597836595,0.7092431112119251,-1.6921831833837004,-0.6743843394384074,0.4312085181295881,-1.8013769345630017,-1.3389285951864238,-0.7757983096365157,unanchored,
0.11664383561643837,76.47121817174168,12.965992804832323,0.7759042666629218,0.378662620638448,0.3406246936935924,0.00011122380597618009,0.6592640825004314,-0.6436563556662338,-1.3254418437929552,72.12571556869271,76.82498413980234,81.60184205874268,-25.92425027798158,12.14148680654726,50.07176189854698,0.6814032991397867,0.7687749053775548,0.8722156761790835,-0.7209850297561277,0.35173861910504767,1.5192345670965164,0.29913843759300557,0.3374948790909436,0.3829057401772467,0.6169692300332486,0.6623949190779943,0.7007638850625187,-1.6651189216628997,-0.6594076116808623,0.42916157380743236,-1.7988338321736475,-1.3324762095195375,-0.7792146345196531,unanchored,
0.1256164383561644,76.59318916353169,14.219399569767488,0.7734350533849406,0.4179376802057903,0.3477916111389599,0.0001144765360482074,0.6520939123249919,-0.6258950593552822,-1.3199411656948308,72.50310080006159,76.88699607536158,81.4442207288231,-23.710014120911705,13.295875128830861,50.23508834681936,0.6840433547483862,0.7675353233450077,0.8631595953440137,-0.659036402644717,0.39131535144041796,1.523607572639127,0.30759472226614315,0.3451386713647757,0.38813817012937624,0.6117340731571166,0.6547477253213756,0.6923040321109495,-1.6306113265931408,-0.6420006426909424,0.41825641980468414,-1.7951189980840159,-1.3260923180547506,-0.7812662023523619,unanchored,
0.13458904109589043,76.72635170385726,15.460597516575076,0.770752710233301,0.45724641199689825,0.35493986891845497,0.00011776068393660177,0.6449423703976084,-0.6080442374942132,-1.3142628268834586,72.89135724798679,76.99017033851983,81.30542445808246,-21.44233527710501,14.89091840717309,50.429943383021346,0.686380780534472,0.7654796093569345,0.8539886210848663,-0.596939025266244,0.443795812933431,1.5203802913512847,0.3160856926436356,0.3525115495509048,0.39327089636047347,0.6065986256239999,0.6473714954242986,0.683809437572472,-1.5973037525724023,-0.6260470954377537,0.40553478088372713,-1.7932605280141558,-1.321392996873913,-0.7836035774882063,unanchored,
0.14356164383561645,76.87059624784342,16.689586645255083,0.7678628519728646,0.4965636295430788,0.36206485375214803,0.00012107456008373598,0.6378140716877683,-0.5901152299537001,-1.3084050436998311,73.29256526186778,77.08066364158995,81.2772308307781,-19.071265689868067,16.32372361583079,50.28982558809613,0.6868570495848032,0.7636832533387359,0.8446646381841607,-0.5378594682060165,0.48586796703232665,1.5212141993559798,0.3238687697517915,0.3600940776372201,0.39827864820912917,0.6015881673306203,0.6397855068306262,0.6760229284663144,-1.5500776323071186,-0.6062587878978529,0.39546055345628806,-1.788206147021136,-1.317758600852931,-0.7903963376143707,unanchored,
0.15253424657534248,77.02581325061517,17.906366955807513,0.7647712836165101,0.5358645440370835,0.36916205920653244,0.00012441646252508791,0.6307135243309425,-0.5721192994326143,-1.3023661706739285,73.5344440613589,77.24089553429152,81.21189861967099,-16.61064965505722,17.27902594668764,50.01329554676141,0.6879626099543328,0.7605181057793948,0.8391170268191049,-0.4810521014357718,0.5156380782706301,1.5312929063312775,0.33208581335173865,0.36710901155404185,0.4050494261119985,0.5948140625226326,0.6327672639097021,0.6678022657692827,-1.510773713625096,-0.5886856886854729,0.38114359523205493,-1.7810596214165266,-1.3106454195660624,-0.7949105619283724,unanchored,
0.1615068493150685,77.19189316729754,19.11093844823237,0.7614839820572744,0.5751247959770103,0.3762270943706884,0.00012778468123778093,0.6236451209480738,-0.554067625860006,-1.2961447182321173,73.94582059585403,77.42882974608321,81.22471034929303,-14.224000789268606,18.300845085021265,49.94335492230204,0.6877455902958824,0.7568307455803436,0.829806612764637,-0.4187142927744913,0.5532225252849243,1.5451903163149197,0.33979509904360955,0.37392806552650226,0.4099833196314572,0.5898774304617823,0.6259449306522044,0.6600894903199235,-1.4743174681410987,-0.5683645549378948,0.36835909273165923,-1.7682794010777945,-1.304097920659863,-0.8004800585549721,unanchored,
0.17047945205479453,77.36872645301553,20.303301122529646,0.7580070777117521,0.614320484833979,0.38325569192477865,0.00013117750241772226,0.6166131305728035,-0.5359713009500278,-1.2897393705364533,74.24430180881116,77.5317089474364,81.1949076851573,-11.889554808083053,19.51074956093501,50.32276946137645,0.6882505581084917,0.7548235763951435,0.8231479550981952,-0.35164442178121397,0.594001896270718,1.5533341799757971,0.3479861225857726,0.3816460829439186,0.4161915480261409,0.58366600146641,0.6182232904769518,0.6518947716803828,-1.4475771273673503,-0.5523985233049218,0.3560225683055295,-1.7577279373308101,-1.299882879558599,-0.8029989833165595,unanchored,
0.17945205479452056,77.55620356289418,21.48345497869935,0.7543468362557453,0.6534281967054797,0.3902437155840323,0.0001345932126683695,0.6096216912032992,-0.5178413228972907,-1.2831490033735249,74.57738509514152,77.74126113288452,81.25911713258878,-9.675796658408858,20.472259664140132,50.62239289087797,0.6871633037320466,0.7507597761529594,0.8158115817929253,-0.2914615407235654,0.6292300379814922,1.558714580731992,0.3554878843164903,0.38838803382697407,0.4220410659844312,0.577813374047066,0.611478012976223,0.644389509592741,-1.410108116686963,-0.5383898350635612,0.3518958670994363,-1.7507308734542413,-1.2965484812290353,-0.8050204903016052,unanchored,
0.1884246575342466,77.75421495205852,22.65140001674147,0.750509640529207,0.6924250299270631,0.3971871669056519,0.00013803010308528795,0.6026748029912627,-0.4996885912022338,-1.2763727020067448,74.82937351563226,77.98957914311778,81.33568613783355,-7.163629924738654,21.60640762626514,50.66981828382774,0.685870127021908,0.7459865786222029,0.8103263099469077,-0.2207255330618953,0.6652982842579138,1.5633863534832666,0.3629784321290803,0.3947934572881244,0.4288435403574249,0.5710074283469667,0.6050693444684594,0.6368954259545159,-1.3800874194419837,-0.5254641876488169,0.3479657346594937,-1.7431299219866496,-1.292325672722018,-0.8073333130605903,unanchored,
0.1973972602739726,77.96265107563354,23.80713623665602,0.7465019726832363,0.7312886186255048,0.40408219145025415,0.00014148647322186184,0.595776322076524,-0.4815239016181451,-1.269409778902613,75.13013003643636,78.13573301926618,81.41981340100686,-5.375477497076685,23.10990188737135,50.72245300535504,0.6844535148823128,0.7431984161168814,0.8038516082299448,-0.160891307236165,0.7069374796194603,1.5624971190680412,0.37049530525063135,0.4022939732997859,0.4351256009234945,0.5647220429767174,0.5975651663587169,0.6293749684827964,-1.3341433490580212,-0.5020763939387516,0.34576354615157767,-1.7374937912187705,-1.2862761512188876,-0.8073729997631498,unanchored,
0.20636986301369864,78.18140238874429,24.950663638442986,0.7423303966372579,0.7699971542066575,0.4109250842935048,0.00014496063492277204,0.5889299550715724,-0.46335794121354806,-1.262259791238522,75.41031606765972,78.35483253149252,81.62047561694531,-3.396606055874585,24.49304460814389,50.647521452277445,0.68109221253837,0.7390479421377347,0.7978892888945487,-0.10242009003060924,0.7464144097059475,1.5633091936883976,0.3770260198380946,0.4091080458184317,0.44168031483168957,0.5581638751160207,0.5907476345370866,0.6228409779838756,-1.285043754855035,-0.48464246470615924,0.33651422769038536,-1.726405724474753,-1.2781000091864803,-0.8106006535607074,unanchored,
0.2153424657534247,78.41035934651578,26.081982222102386,0.7380015409096733,0.8085294047808862,0.4177122948875074,0.00014845091601315083,0.5821392541964795,-0.44520128354568855,-1.2549225580972,75.66836200565172,78.56482628195553,81.80062850927432,-1.4350519076952148,25.621820329940768,50.68752698706583,0.6780955238179837,0.7351024137115408,0.7924566095944521,-0.04322426466907019,0.7861507990776389,1.5749287147973805,0.383805211379124,0.4160713754476781,0.4485341163169559,0.5513064789893223,0.5837807568032324,0.616058387954922,-1.2445195134253626,-0.4651868068599373,0.3258768214184712,-1.7149070848729866,-1.2694550850536042,-0.8150388809617011,unanchored,
0.22431506849315072,78.649412404073,27.201091987634197,0.7335220818801992,0.8468647325381471,0.4244404312752058,0.00015195566383263706,0.5754076130609616,-0.4270643839428008,-1.2473981772509473,75.91001856343249,78.79306846298708,81.98329376512865,0.7546244845164997,26.49065749581831,51.12067326522275,0.6750772254072027,0.7308497993918054,0.7874191671295506,0.0226949838355729,0.8171320357224088,1.588195840041771,0.39062228087456446,0.4228941591725913,0.4556270890089091,0.5442097900637032,0.5769544387508088,0.6092378708366668,-1.2144988180107241,-0.4485411570639438,0.3214857106637717,-1.7040037835526303,-1.2609640006774137,-0.8154826987086612,unanchored,
0.23328767123287675,78.89845201654101,28.30799293503843,0.7288987275369269,0.8849831090934713,0.4311062636645678,0.0001554732486048894,0.5687382630868274,-0.4089575748946516,-1.2396870414374408,76.19268154883625,79.01316556411118,82.23271109344002,2.6644289532776844,27.632911189112853,51.34616040086756,0.6709882950901066,0.726783807504126,0.78158756392429,0.083629059787155,0.8554686873154619,1.6000415636633731,0.39685520900336557,0.4298553967898634,0.4622690117030312,0.5375642765810036,0.5699895810715084,0.6030016699757402,-1.1840790433288422,-0.4272398733322005,0.31402931748754725,-1.694153494980977,-1.2535633002757107,-0.820441312612636,unanchored,
0.24226027397260277,79.15736863904483,29.402685064315097,0.7241382017558414,0.9228651288317249,0.43770672737259964,0.00015900206663445134,0.5621342705607659,-0.39089106155261183,-1.2317898540282153,76.43069023600034,79.2469092807842,82.50344797513588,4.692153816850154,28.7071110542043,51.39193271483093,0.6665917883759934,0.72250272768764,0.77672734374553,0.1438814622683765,0.897939306830865,1.6054279684263755,0.40292268723848046,0.4367181619297609,0.46949433529029483,0.5303351154242684,0.5631231951115154,0.5969309464025893,-1.148511099744457,-0.409012858501203,0.3040173422804913,-1.6867447783539802,-1.241655531180684,-0.8237186423503585,unanchored,
0.2512328767123288,79.42605272670944,30.485168375464177,0.7192472291552217,0.9604920202880648,0.4442389251522685,0.00016254054332417645,0.5555985343044073,-0.37287491734203737,-1.2237076439908572,76.61628797053017,79.58260381485272,82.76101946900455,6.574186360160781,29.789148626621746,51.750050340455495,0.662449071864491,0.7164203125515025,0.7729687635827764,0.20713978405867986,0.9396655176045057,1.611063912564878,0.409157869122203,0.4424928963284851,0.47741972271982797,0.5224055963669719,0.5573452019746707,0.5906924259812041,-1.118599968422285,-0.39178821944815817,0.29899973338632985,-1.6747325579605343,-1.2332707524348623,-0.8192550436085287,unanchored,
0.2602054794520548,79.70439473465989,31.555442868485677,0.714232520562027,0.997845655607477,0.4507001289182085,0.00016608713600773257,0.5491337839457838,-0.3549190796911795,-1.2154417800467003,76.93108061611035,79.79317343181455,83.09500564676003,8.47924242097538,30.961347456239388,51.91032104181194,0.6571345682879902,0.712644080470564,0.7666559169616064,0.26328176371333256,0.9835983768373194,1.615412796266959,0.4146697694624053,0.449697780056471,0.4837807165915737,0.5160410057721023,0.5501365021822808,0.585177420919891,-1.0800433145366595,-0.3754639552671882,0.293006500964302,-1.6602247108506725,-1.2232366191692168,-0.8230574318333008,unanchored,
0.26917808219178085,79.9922851180212,32.61350854337961,0.7091007591221214,1.0349085581331054,0.45708778088960544,0.0001696403365929688,0.5427425787738016,-0.3370333458820828,-1.2069939839272914,77.2044042109924,80.06772066882152,83.31812439152561,10.397893940028927,32.230621724748545,51.86331302711347,0.6536197816774435,0.7077652569372659,0.7612372152207294,0.32656487284730124,1.0201873560558685,1.6215067496011768,0.4213246308216662,0.45622691348508504,0.49069504574582157,0.5091228411542333,0.5436037656745815,0.5785190017251318,-1.04339457691863,-0.35753577842303563,0.29235978908517685,-1.6484456483545136,-1.218191429085787,-0.8241785858927468,unanchored,
0.27815068493150685,80.28961433191839,33.65936540014596,0.7038585870810149,1.0716639081788073,0.46339949417091414,0.0001731986740131599,0.5364273071550728,-0.31922736902998783,-1.198366342635191,77.4437387521494,80.37620748191941,83.60570198993564,12.304677383070834,33.206892289639526,52.35787588534986,0.6491310180277972,0.7023428196672934,0.7565393745562503,0.4014879685418944,1.0622465612801544,1.629898189450035,0.42736849549881045,0.46240155812851647,0.4980829529176349,0.5017308852326458,0.5374256161827703,0.5724717726549824,-1.0114256324593585,-0.33680322168405885,0.2872656893590441,-1.6435145681028607,-1.208387338076118,-0.8279706783636538,unanchored,
0.2871232876712329,80.59627283147645,34.69301343878474,0.6985125932567678,1.1080955470464737,0.4696330527930608,0.000176760716484331,0.5301901864904549,-0.3015106541986459,-1.1895613196178199,77.7468160556746,80.70032554826096,83.99481921555363,14.327203135354557,34.331735877200316,52.632108059305196,0.6431305764070568,0.6967124706546812,0.7506524944506323,0.46426315822414205,1.090712453866435,1.649826598438835,0.43239789641355986,0.4684227710011777,0.5046884278949411,0.49512161722946935,0.5314009238087867,0.5674393574561969,-0.9770337332554057,-0.31627420116597116,0.29270760889150543,-1.6322372357885226,-1.2002816359527921,-0.8228592576876222,unanchored,
0.29609589041095896,80.91215107182045,35.714452659295944,0.6930693012218344,1.1441879793531178,0.4757864112394984,0.00018032507356798689,0.5240332636869336,-0.2838925546596494,-1.180581764767037,77.93232710321475,81.006275940172,84.30131209145446,16.0226053593879,35.47641814177361,52.7399492235368,0.6384626593236605,0.6914596493598983,0.7470830257546957,0.5245470205428596,1.1288070957850418,1.6703680340530564,0.4382993978444891,0.47468139839102075,0.5128663917087867,0.4869392297473316,0.5251386953399809,0.5615344848194667,-0.9388800807164984,-0.29223233362742085,0.29448545612891436,-1.6181308298983548,-1.1852318928238965,-0.8212483120327201,unanchored,
0.30506849315068496,81.23713950807534,36.72368306167955,0.6875351582059384,1.1799263737366161,0.48185769348295393,0.00018389039803964733,0.5179584161190064,-0.26638226830440426,-1.1714309231619862,78.268146256966,81.33245019084507,84.65135933282164,17.8463524366428,36.61509172695909,52.89079937059136,0.6331932612995602,0.6859247050975483,0.7406858785150426,0.5795509541206499,1.1644054165191968,1.6749222883444579,0.4437722795368171,0.48072901051887656,0.519108273601551,0.48069362013523204,0.5190875298201298,0.5560583645263022,-0.8995110772827066,-0.27356680860565297,0.2823891778439831,-1.607875523217657,-1.1752418305060184,-0.8302006357996388,unanchored,
0.314041095890411,81.57112859536622,37.720704645935605,0.6819165247276047,1.2152965620122473,0.48784519155989603,0.00018745538756458584,0.5119673530525394,-0.2489888342176991,-1.1621124424784348,78.53035477935056,81.63848459175387,85.05944914274089,19.428147434648317,37.64535739333917,53.24687635775975,0.627132091972925,0.6807917598502101,0.7357479155093195,0.631386037456953,1.205744800301943,1.693750888717464,0.4486522388705871,0.4870405312867173,0.5263563350731457,0.473441411563502,0.5127723225178675,0.5511753657040316,-0.8678967447433268,-0.2529002167934316,0.27731350559129814,-1.5887566106649544,-1.1674066352991677,-0.8302486979774429,unanchored,
0.323013698630137,81.91400878881805,38.70551741206406,0.6762196649577561,1.2502850368548526,0.4937473637107108,0.00019101878618311058,0.5060616175031061,-0.2317211294220123,-1.1526303789943722,78.79139798451487,81.94780521235398,85.45393687554204,21.091073451106354,38.634060606084475,53.7640177031397,0.6213553043305088,0.6756620154573292,0.7308807916946264,0.6862301816546036,1.2397555121050625,1.7135806297584553,0.4536876984493207,0.49334019133022755,0.5336586360714055,0.4661349044466999,0.5064689474086307,0.5461367808697937,-0.8379136057220601,-0.23469244462052408,0.27916339919810773,-1.5733087012220004,-1.1567245040334466,-0.8253308208639027,unanchored,
0.33198630136986307,82.2656705435559,39.67812136006495,0.6704507378147939,1.2848789480835856,0.49956283211427266,0.00019457938560858348,0.5002425885001187,-0.2145878658016667,-1.1429892021289558,79.04294885353846,82.32560282390236,85.8173772032587,22.65897302283189,39.54163535171422,54.386082410773646,0.6161035137037785,0.6694749408874252,0.7262362139419366,0.7500051171054407,1.278303342473305,1.7247557961446442,0.4590679058458077,0.49883575128773266,0.5411294213848731,0.4586598090710794,0.5009699525241496,0.5407532875150072,-0.8006863493183868,-0.21646362404651776,0.2861984698413849,-1.5587533063825558,-1.1479347249351008,-0.8167929500520952,unanchored,
0.34095890410958907,82.62600431470473,40.63851648993826,0.6646157887868882,1.3190660976277857,0.5052903802460857,0.00019813602634216932,0.4945114837275721,-0.1975975872158402,-1.133193797460052,79.32946691687368,82.66804699908138,86.27295320071364,24.316887679309644,40.33725191311956,54.840045975365626,0.6096138535515385,0.6639399511258399,0.7209997046596405,0.800566450700634,1.309243854418681,1.7453147821957427,0.4634738160924285,0.5047765581634671,0.5481576289208563,0.45162742581469867,0.4950255072916946,0.5363444451216689,-0.7693930419373003,-0.20592346411592635,0.2804698922575466,-1.54491066185266,-1.1384811925141705,-0.8163357352701339,unanchored,
0.3499315068493151,82.9949005573896,41.58670280168399,0.6587207424737636,1.3528349332535816,0.510928949889415,0.00020168759860901303,0.48886936251197605,-0.1807586668090993,-1.1232494681744152,79.67688205036166,83.0680055272627,86.7157186822306,25.72070483833234,41.47315211864716,55.11893075126317,0.6034044398913498,0.6575618518392732,0.7147258594806073,0.8555053853780957,1.3453534348388376,1.7659559167628167,0.46802351429608624,0.5100300700808131,0.5543686562409729,0.4454125084727401,0.48976859715055965,0.5317917348912786,-0.7361610244188488,-0.18668974653639106,0.28673220853682363,-1.5290688279511198,-1.1260698135683327,-0.8147227774865399,unanchored,
0.3589041095890411,83.37224972673555,42.52268029530215,0.6527713958371277,1.3861745411314472,0.5164776378288967,0.00020523304312119214,0.48331712912798214,-0.16407930452772754,-1.1131619349140838,79.96460046392455,83.46228340705858,87.09718594330596,27.346169281708995,42.34149247318283,55.560932470437955,0.5981304469782212,0.6513638265774673,0.7095918423043225,0.9078528842985587,1.385544486734258,1.78756650483312,0.47324530814143134,0.515363958444435,0.5614344024158704,0.4383425000432465,0.4844312510559198,0.5265666380734311,-0.7157946203445885,-0.1703701922016973,0.2795165554075539,-1.5148898647212377,-1.1136494854760342,-0.8136394164132483,unanchored,
0.3678767123287672,83.75794227786753,43.44644897079274,0.6467734121460205,1.4190746373250223,0.5219356922559708,0.0002087713516733479,0.47785553639235584,-0.14756752484958355,-1.1029373339926591,80.30471704890898,83.81955376264366,87.53531876702756,29.02593032461859,43.30308923483204,56.08235719237923,0.5921578950749873,0.6458229412470583,0.7035938719462942,0.9563382254730283,1.420567321166746,1.8055031952440512,0.4778618525231281,0.5211686775993649,0.5677888851411831,0.4319840024869772,0.4786228578505256,0.5219470054140765,-0.6844086082843298,-0.1544577315338978,0.2777553360719087,-1.504039338975177,-1.1030537670222589,-0.81206985710971,unanchored,
0.3768493150684932,84.15186866591061,44.358008828155725,0.6407323156007853,1.4515255582812552,0.5273025089151662,0.00021230156757739055,0.47248518951725643,-0.1312311747345529,-1.0925822139657142,80.63584879538843,84.19626070548676,87.99867281770187,30.442470822275574,44.29266848483576,56.61024175090064,0.5859383485466716,0.6400568531040645,0.6978271132801372,1.0096090805716074,1.4483176153091564,1.8262244986925726,0.48220880036082636,0.5267466245613935,0.5742897285844237,0.4254790519399229,0.47304129768016656,0.5175970536177051,-0.6524582435992805,-0.13794262230507132,0.2867702041858132,-1.4873315630525739,-1.0948592867666962,-0.8035106342903214,unanchored,
0.38582191780821923,84.55391934598981,45.25735986739116,0.6346534866170812,1.4835182504012299,0.5325776270198099,0.00021582278594309948,0.46720655019424695,-0.11507792180197232,-1.0821035305506221,80.99066982603625,84.58134679903534,88.43974227096315,31.694274837588747,45.30612239062751,57.226683839912745,0.5801084909505025,0.6342419797435268,0.691726120369156,1.067431326387519,1.483977401656266,1.8441048062723424,0.48680549313812965,0.5322323057400229,0.5804708608748222,0.41929390799266886,0.46755201141269626,0.5129972328638441,-0.6122961291377376,-0.1217861865828801,0.2988326348046639,-1.472577394722106,-1.0863080303513772,-0.7925784491120009,unanchored,
0.3947945205479452,84.96398477323012,46.144502088499,0.6285421577493302,1.5150442587699913,0.5377607249651004,0.00021933415381177613,0.46201994088108783,-0.09911525274055707,-1.0715086399023823,81.35707794691474,85.00498780317793,88.89141512159748,33.115745744819684,46.04167500246153,57.673559024147984,0.574228210952009,0.6279359689996489,0.6855094938679478,1.1070676702327344,1.5081137467901415,1.8700091412819746,0.4912914356018692,0.5372420891067491,0.5865001700329934,0.41326061666537883,0.4625387882732159,0.5085081834734924,-0.5794029054274958,-0.10726118301173271,0.3112733407804202,-1.4529457988078298,-1.0735804716964692,-0.7854882657457993,unanchored,
0.4037671232876713,85.3819554027566,47.01943549147928,0.6224034102312536,1.546095715122334,0.5428516158657529,0.0002228348701503994,0.4569255492640967,-0.08335047195552646,-1.0608052902635647,81.74281569328257,85.45657348069793,89.33101151766101,34.4083904808148,47.035604578259125,58.08776613882602,0.5685905741699356,0.6213169597268684,0.6790550310208635,1.1511931257302936,1.528905335959089,1.8976411483535116,0.49591680713880293,0.5419040288150256,0.5922623732323092,0.4074945093021128,0.4578735252893268,0.5038796242356383,-0.5529022390797902,-0.09208638760472207,0.3182781256920106,-1.433800599653294,-1.0651468106413629,-0.7832495238683581,unanchored,
0.4127397260273973,85.80772168969423,47.88216007633197,0.6162421711096782,1.5766653251198388,0.5478502429445635,0.0002263241857139439,0.45192343286972253,-0.06779070045670754,-1.0500016120180915,82.10990571024908,85.9473081804062,89.76915990594668,35.50641452188472,47.67721483949844,58.79046089093253,0.5630537259158515,0.6142421271894603,0.672996919780939,1.182585714641352,1.5590155625851954,1.927239006354558,0.5005647698182925,0.5460721683515539,0.598306223248245,0.4014466085328336,0.45370224200887793,0.49922844025072693,-0.5266615031028848,-0.07218512984324177,0.3216603774726768,-1.424069542772743,-1.0537547666148344,-0.7803020769210097,unanchored,
0.42171232876712333,86.24117408916807,48.73267584305709,0.6100632109465572,1.6067463550125325,0.552756674797282,0.0002298014027836794,0.44701352379993436,-0.052442874990448016,-1.039106106190141,82.51280331601384,86.37722907920644,90.23051190821842,36.73721336286579,48.419689694717434,59.44243220587672,0.5573106147824748,0.6081428723942721,0.6664406519302136,1.2185388116628841,1.5871023064832128,1.9502324426751318,0.5049594152357043,0.5510167240289031,0.603838277904203,0.39591068418048325,0.4487541979302292,0.49483065445090313,-0.49272314026537983,-0.05454860794381823,0.32346595963799474,-1.4126687389271504,-1.0406809027901294,-0.7651519415166743,unanchored,
0.4306849315068494,86.6822030563031,49.57098279165462,0.603871142063171,1.6363326177563875,0.5575711005581464,0.00023326587478936765,0.4421956335670642,-0.037313747417209074,-1.02812763144087,82.91954123794882,86.86481202919347,90.69689274748308,37.5642812410535,49.33359349839307,60.3691038089121,0.5515937547851266,0.6013348705833887,0.6599186109836289,1.2596835624954879,1.6177204489558739,1.9729223979672856,0.5093019280003452,0.5552292902251259,0.609321294850771,0.3904237890233234,0.4445384236216582,0.4904850000530492,-0.47076552673137323,-0.050114603991632166,0.33403600044045795,-1.3853520115897013,-1.0350033913308407,-0.7592117737361251,unanchored,
0.4396575342465754,87.13069904622435,50.39708092212459,0.5976704172997096,1.665418458655532,0.5622938249893294,0.00023671700582332026,0.4374694580048472,-0.022409884335749565,-1.017075389626782,83.35018446430615,87.29296668267928,91.16693122106508,38.68808385686962,50.09274969173856,61.12589870278649,0.5459206039180925,0.5954504807123915,0.6531170574921044,1.2826510734400594,1.6477303951568196,2.0095166764548056,0.5136071246498652,0.5602052882326392,0.6144585339897324,0.3852827884685547,0.4395588740032179,0.48617665469233373,-0.4571623482717817,-0.0355448696539971,0.3479901706474853,-1.3708875263845939,-1.0257902824388654,-0.7470766409751645,unanchored,
0.44863013698630144,87.58655251405688,51.21097023446697,0.5914653292629003,1.6939987405955073,0.5669252635163733,0.00024015425005427174,0.43283458223357246,-0.0077376669538297,-1.0059589099942836,83.7864085764369,87.70979376869829,91.64844960418661,39.47226065006613,50.656709183661704,61.9348383079696,0.5401991693925451,0.589804359468546,0.6463340089442574,1.3122774478824653,1.6785271031337858,2.0413832443842304,0.5177861512877765,0.5653332078340384,0.6195174259782281,0.3802201412949103,0.43442731232391674,0.48199451019821954,-0.43652883217812977,-0.02154256613097516,0.3602427780813392,-1.3538535291949172,-1.0175035562580343,-0.7329747782397357,unanchored,
0.45760273972602744,88.04965391492564,52.01265072868177,0.5852600100339969,1.7220688289312631,0.5714659372304985,0.0002435771110489785,0.42829048565845246,0.006696708795571461,-0.9947880320951826,84.24007236741889,88.13304012260114,92.12155129193512,40.3209624920016,51.494674707729914,62.77177494643226,0.5346648967466239,0.584153058155198,0.6393912593590728,1.3365117859679227,1.7069969974105303,2.065258860700238,0.5220633070518669,0.5703850752511364,0.6243213597754549,0.37541253443717787,0.42937180833585675,0.47771417282255463,-0.4155072781990796,-0.01059832282088746,0.3756883693136359,-1.3521918635307857,-1.0082825543298735,-0.7184435079385472,unanchored,
0.4665753424657535,88.5198937039557,52.80212240476901,0.5790584313092881,1.7496245760907925,0.5759164678774253,0.0002469851410093562,0.4238365469815653,0.02088723189447902,-0.9835728875174234,84.68795306913941,88.56479192339384,92.60052596398539,41.08975256236658,52.384847861187865,63.57667675062366,0.5291481117054135,0.5784714695813391,0.6326461733882001,1.3614820350756198,1.7361478312351148,2.0881719353626758,0.5262769610112453,0.5753326909960919,0.6292134435726627,0.3705167145670089,0.42442057421902407,0.4734973420401948,-0.40558352524987995,0.004073498423035025,0.38621102658363043,-1.3422922699015067,-0.9968877836684962,-0.6984329522917893,unanchored,
0.4755479452054795,88.99716233627207,53.57938526272866,0.5728644049453031,1.7766623059524316,0.580277572851092,0.00025037793993284177,0.41947204920897513,0.03482807563942406,-0.9723238805341925,85.12065005989207,89.03364042413273,93.08024432644775,41.816184535123945,53.3597980943771,64.3862303830237,0.5237079031778303,0.5723950830773956,0.626230614113533,1.392596727368264,1.7648001007739977,2.107400225095073,0.5304849599932501,0.5798021777103846,0.6343343689464279,0.3653919287084254,0.4199476494729918,0.46928614656391726,-0.39363600358459133,0.02056208934717526,0.4026595278811883,-1.3292896657329003,-0.9834961273714616,-0.6853191032789939,unanchored,
0.48452054794520555,89.48135026699978,54.34443930256074,0.566681583881052,1.8031787980509517,0.5845500602093996,0.0002537551547035048,0.4151961846358969,0.04851359680393892,-0.9610516677824785,85.50965100491801,89.54654379559362,93.57004503043255,42.437181612223455,54.041609658557924,65.23366186786042,0.5182394627933098,0.5658567511337994,0.6205458694337695,1.416293012359778,1.7934000760157187,2.1355068882204082,0.5345804730479883,0.5836992190213605,0.6401127823069407,0.3596093425731016,0.41604739517696837,0.46518746376380304,-0.378138368597053,0.033652973453449406,0.42167717783621467,-1.3182919939283921,-0.9734435072852979,-0.6739537671180984,unanchored,
0.49349315068493155,89.97234795126381,55.09728452426523,0.5605134634099618,1.8291712716645434,0.5887348237278356,0.0002571164781212368,0.4110080597940432,0.061938334568551696,-0.9497671370892425,85.90760788072066,89.998293750974,94.07612132238486,43.25595581471547,54.85696682160469,65.8770922753063,0.5126787896613159,0.5601903331399478,0.6148099743892902,1.4382475663544816,1.8199269569131205,2.1690944189094146,0.5384917161918267,0.588395424132685,0.6457651163205955,0.3539528605244795,0.4113476076142096,0.46127310985891035,-0.3770468735226325,0.04681147469760937,0.43449781837852364,-1.3116345326951186,-0.9611326296421212,-0.6587733957073568,unanchored,
0.5024657534246576,90.47004584418923,55.837920927842156,0.5543633827745928,1.8546373698318463,0.592832838005585,0.0002604616478761313,0.4069067003465389,0.07509700922358697,-0.9384813855693609,86.36058010992107,90.49844675654683,94.57551062041877,44.00664044688607,55.59756675964226,66.74238053445275,0.5072788690327196,0.554015488740971,0.608377405354978,1.4596085289827783,1.8455946118011641,2.196888500140923,0.542480944689685,0.5924608022368352,0.6505951060294227,0.34911905441758184,0.4072788995695429,0.45728071581267404,-0.3605261301084784,0.059675039737122085,0.4430865133076496,-1.30674254734576,-0.9502696965162984,-0.6418073148529442,unanchored,
0.5114383561643836,90.97433440090101,56.566348513291494,0.5482345270577891,1.8795751433451355,0.596845153637494,0.0002637904454749278,0.40289105591703106,0.08798452065075366,-0.9272056971245078,86.82491042340504,90.99247268381282,95.11205501173596,44.62544572204413,56.225522520144935,67.50774332395969,0.5015717031238215,0.5480160373241281,0.6018877017837495,1.4841896746199827,1.8734916945813584,2.2315356183658452,0.5460448502171796,0.5966072909487741,0.6552556253097382,0.34445476829529154,0.40312902373503656,0.45371381178516684,-0.35155328671250025,0.07373966626075057,0.4608313542250968,-1.3078107154757883,-0.9390445785844448,-0.6271933838076351,unanchored,
0.5204109589041096,91.4851040765242,57.282567280613264,0.5421299293445454,1.9039830347628177,0.6007728924640394,0.0002671026951261299,0.39896000484083444,0.10059594659019494,-0.9159515194759703,87.27518833651524,91.47947665341684,95.62265662105747,45.03240034399938,56.90999153503188,68.33707994130268,0.4962294668321336,0.5421966304875578,0.595693098545328,1.4978652337224616,1.8980096024309847,2.2639397829139023,0.5499073118414034,0.600846808764264,0.6601300656221435,0.33957644157571243,0.39888605567753754,0.4498482002216326,-0.342828056830542,0.0846136326987093,0.4723262387489512,-1.3042261491441194,-0.9280880533585859,-0.6105743680228272,unanchored,
0.5293835616438357,92.00224532618383,57.98657722980745,0.5360524731296307,1.9278598624813972,0.6046172429102696,0.0002703982625901365,0.39511235882714024,0.11292654070022773,-0.904730440867132,87.79216016623386,91.97301386964152,96.1838772842325,45.68630542169496,57.710009942742474,69.32878130198809,0.49045548648259296,0.5363932717001283,0.5886981759507676,1.5173536597024406,1.9248856542869976,2.29215244753256,0.553188090479363,0.6050016319438264,0.6639966904202372,0.33570635550913286,0.39472779788626844,0.44656451151751164,-0.3262560188485164,0.0990253738157384,0.4975139456988345,-1.3007308518649114,-0.9183648386027232,-0.5889068429225982,unanchored,
0.5383561643835617,92.52564860500489,58.67837836087406,0.5300048949468014,1.9512048049042008,0.6083794554235417,0.0002736770540004377,0.3913468675224579,0.12497173041757417,-0.8935541665728699,88.27477359057708,92.47688947352599,96.73282182332363,46.16178712215047,58.42637866075209,70.0112227797464,0.48490475554475393,0.5305639506662447,0.5822787384329546,1.533595442940341,1.944252998127053,2.3216629442610435,0.5566101255351875,0.6090211815988829,0.6683833020600778,0.33131602839656366,0.3907048526691747,0.44313948563589123,-0.3113664453039632,0.1094072644537579,0.5195828899135525,-1.2957053350702035,-0.9091074615988882,-0.5704359244282039,unanchored,
0.5473287671232877,93.05520436811241,59.35797067381309,0.5239897871963172,1.974017384741241,0.6120608380187565,0.0002769390146616302,0.3876622229665818,0.13672711462632495,-0.882434495353522,88.77914842304808,93.00474114911279,97.26326354802237,46.54760130738458,59.09327353419756,71.18771505250389,0.4796301848899363,0.5245585635883694,0.5756815637307163,1.5533840986354437,1.9640446392592792,2.3527425134480313,0.5602453713336206,0.6127252130956591,0.6724408546477236,0.32725488620655613,0.386997547280054,0.43950113458300016,-0.29835452647815675,0.11909791253233953,0.5353316234185755,-1.2845011621712725,-0.8937965323946644,-0.5528137217659759,unanchored,
0.5563013698630137,93.59080307063142,60.025354168624546,0.5180096011483892,1.9962974534718392,0.6156627519387406,0.0002801841278297035,0.38405706393342964,0.14818846114429832,-0.871383295990285,89.28056858419782,93.51682919376192,97.78424559891835,47.059347176474006,59.70451715015593,71.91677742511385,0.4745329550073236,0.5188294420963548,0.5692332984992008,1.569364301485976,1.9829313863012374,2.382796142171777,0.5639900579405311,0.6166371461064504,0.6765429410425019,0.323149168650218,0.38308222632525,0.4357532738397478,-0.2929164399125365,0.13608821401710453,0.5602115055791378,-1.279757375084131,-0.8814162935025155,-0.5342095228747096,unanchored,
0.5652739726027398,94.13233516768695,60.680528845308444,0.5120666501011557,2.0180451759988993,0.619186607436394,0.00028341241347974505,0.3805299801501263,0.1593517040357985,-0.8604124840370166,89.83470847336,94.06955911591407,98.36199167443111,47.363652470451946,60.671058564324966,72.83929625843982,0.46897482754379094,0.5127503202074324,0.5622323542223898,1.581748763699353,2.004592611022388,2.4113678389393787,0.5670803446827565,0.6200132954732491,0.6798465471890586,0.31984227529446957,0.37970291372386644,0.43266009284093465,-0.29302611559768255,0.1520351037909543,0.5774008837226045,-1.2726621775735774,-0.8682639580110548,-0.5100939153438788,unanchored,
0.5742465753424658,94.67969111440398,61.32349470386473,0.5061631126727665,2.0392610155210815,0.6226338596842516,0.0002866239270658989,0.37707951638868253,0.17021294076006327,-0.8495339989204357,90.43221801940159,94.64173114766805,98.88829441862421,47.567893761908685,61.1870515596931,73.7141931355194,0.46399615804000915,0.5065692309910952,0.5548272730846165,1.6003505997623835,2.032779343467867,2.442363160813497,0.5707640709604376,0.6231334279255922,0.6824958948008102,0.3171899243197989,0.3765797181755713,0.42897318290569525,-0.2949525222299485,0.159643124042201,0.5973310053606846,-1.2635319649822905,-0.8591130174820238,-0.491275306178869,unanchored,
0.5832191780821918,95.23276136590755,61.954251744293465,0.5003010362081715,2.0599457186466044,0.6260060048161914,0.00028981875827810904,0.3737041764255305,0.18076842916491762,-0.8387597815167045,90.94639241806154,95.19889592804648,99.38472811090223,48.017679191721946,61.7263976577481,74.59948074603663,0.45937234787539305,0.5006570478119841,0.5485714861833014,1.6170108060313948,2.052227480864275,2.469294320852252,0.57479362904388,0.6264514674189878,0.6864048234327447,0.31327739528069753,0.37325850758921975,0.42494026172624993,-0.2864790365179822,0.16798794693814903,0.6116723790225268,-1.268335199913274,-0.8485725572007066,-0.4786214237113115,unanchored,
0.5921917808219179,95.7914363773227,62.572799966594616,0.494482340282234,2.0801003007699226,0.6293045761051429,0.0002929970297998693,0.37040242686505725,0.19101458433529453,-0.8281017523274455,91.50577808953429,95.76274699750249,99.9260565727986,48.483161442016716,62.40673855751644,75.33744991365695,0.4544087223294642,0.4947787171665441,0.5418850002514776,1.629503854251278,2.0749608488747575,2.4973324402464816,0.5783047544646505,0.6296817611213796,0.6896317271641165,0.3100471881729284,0.3700250662357809,0.4214259934405595,-0.2923446663195656,0.1795930594755576,0.6246688497672612,-1.2689228839843696,-0.8363681952308765,-0.4571442714487711,unanchored,
0.6011643835616439,96.35560660377443,63.17913937076819,0.48870882028181994,2.0997260317302304,0.63253114027984,0.00029615889607090273,0.36717270082408904,0.2009479753064266,-0.8175717903723821,92.10693535101764,96.3620957769653,100.51997053286425,49.00864191189834,63.07382416890809,76.19493899074982,0.44905491254189994,0.4886430172612254,0.534834597322953,1.644076141417343,2.093875084889935,2.5244229851212263,0.5812074676994697,0.6324459720612134,0.6922312912435507,0.30744459751198205,0.36725790891952814,0.4185204037821685,-0.29269037049843755,0.19206477183778414,0.6396219295881094,-1.2721083235316508,-0.8270294978835879,-0.43671974371737116,unanchored,
0.6101369863013699,96.92516250038774,63.77326995681418,0.48298215105053743,2.1188244217684487,0.6356872939828899,0.0002993045420583939,0.3640134014750517,0.21056532165154532,-0.8071817129092002,92.61198876894603,96.93740741718355,101.08211451218772,49.35112750278956,63.62090080948939,76.87647711852726,0.44407418155401396,0.48286014042757,0.5290171457399332,1.6615399887700188,2.110084461096569,2.5506804167213093,0.5844777372946847,0.6355267070904289,0.696277237397914,0.30339493012587054,0.36417406397762275,0.41524706947247875,-0.30097869446636216,0.201799307301913,0.6588679733063614,-1.2721385282322106,-0.8154307328150419,-0.4184741025251503,unanchored,
0.6191095890410959,97.4999945222877,64.35519172473259,0.4773038905808282,2.137397207797256,0.638774660371722,0.00030243418204011017,0.36092290544623784,0.21986348995392918,-0.7969432560839234,93.15287846399046,97.49531877341951,101.65383858141212,49.97885152933251,64.13248334336616,77.6848321822669,0.43909308007158576,0.4773496885278088,0.5228915221751055,1.679844440869843,2.1322179939692747,2.580017618824167,0.5876372236417018,0.6388359516551277,0.6997844791966837,0.299884200919013,0.3608615851438677,0.4120845537015557,-0.30262956390291235,0.21053934890695616,0.6758322300552778,-1.2771832391142912,-0.8069562260036351,-0.39600757759651856,unanchored,
0.628082191780822,98.07999312459927,64.92490467452345,0.4716754837391178,2.155446339996691,0.6417948858633197,0.0003055480584024643,0.3578995660782779,0.22883949017312222,-0.7868680566071883,93.74719560424616,98.07532634274878,102.22906754849424,50.11829376737158,64.72212992912779,78.43620784583356,0.4341655478913552,0.4717203731910862,0.5162827172868993,1.69373706394389,2.154961561346762,2.6073101689979308,0.5907562251186153,0.6418559656134779,0.702490629760222,0.2971749259294585,0.35783845724904867,0.40896252549540474,-0.30262137217766316,0.21851427705453194,0.6903820382841312,-1.2823860058673715,-0.7955871905247988,-0.3840153446593727,unanchored,
0.637054794520548,98.66504876244753,65.4824088061867,0.46609826601071697,2.172973968745916,0.6447496370230195,0.0003086464404562992,0.35494171653652423,0.2374904719150326,-0.7769676345434642,94.23153351134538,98.67274999732166,102.85792002305557,50.72933211669252,65.29522674627226,79.13193511697031,0.42887297672332114,0.46602551263330794,0.5109891082490503,1.7097394880311299,2.1698885337223386,2.630883985344128,0.5932562213500816,0.6446489979151373,0.7068467447564293,0.2928148824563839,0.35504240382109487,0.40645978249003883,-0.2932679594394559,0.2259627245724836,0.7007679104172087,-1.2893770887320202,-0.7843237240443001,-0.3549852883118209,unanchored,
0.646027397260274,99.25505189095745,66.02770411972239,0.4605734672521431,2.1899824318999657,0.6476405975971198,0.0003117296232729119,0.3520476727796073,0.24581372061551468,-0.7672533772915071,94.79202546769487,99.3038373518682,103.44396812642935,51.1160697819918,65.87836557552497,79.85374483935507,0.42402729542263107,0.4601210453976292,0.5049641587776156,1.721103714743536,2.1856251599714813,2.655206180664178,0.5962507841439826,0.6470044194821025,0.7100610712705793,0.28959715418491383,0.3526841571069973,0.4034622217531044,-0.28464731993667103,0.232079032210995,0.7179517630600997,-1.2946312078605455,-0.7751782184228293,-0.33607161415688136,unanchored,
0.655,99.84989296525409,66.56079061513047,0.4551022154394596,2.2064742424185457,0.650469465688505,0.00031479792654257743,0.34921573638495235,0.2538066536468602,-0.757736524825368,95.34039245999422,99.91630833830679,104.0606839032321,51.65249808133746,66.37579401402277,80.43734071292221,0.4190162034649783,0.45449739458660243,0.49917208052141193,1.7330183997701853,2.2010692988676324,2.673927846264315,0.5988923734847156,0.6496050060492229,0.7134577364995826,0.2861969820875719,0.35008061438376775,0.4008177895785181,-0.28317529395497104,0.23995228497428467,0.7259284493660254,-1.292127137748503,-0.7615323046122477,-0.3194069401390703,unanchored,
0.6639726027397261,100.44946244046244,67.08166829241102,0.4496855404021634,2.222452076352441,0.6532379510740556,0.00031785169345759947,0.3464441972324868,0.26146681635644375,-0.7484281562561119,95.95003196472449,100.49995933283095,104.66725083105484,52.03345245913198,66.89088501175675,81.10043475983784,0.4141737274805452,0.44923375956394185,0.49284903416698944,1.745662657653094,2.2157979444216536,2.7007094233019866,0.6016515382863621,0.6525816693781167,0.715939616337556,0.2837120226722533,0.3471007982611407,0.39805571087146585,-0.2793598836564966,0.24778571306177674,0.7383856430144389,-1.2995830916174944,-0.7555324016299371,-0.30005202949169707,unanchored,
0.6729452054794521,101.05365077170752,67.59033715156397,0.4443243775330111,2.2379187611914912,0.6559477726621629,0.00032089128962166944,0.3437313360482155,0.2687918780465161,-0.7393391777652645,96.51916192770967,101.1110037929378,105.31008197388216,52.39679489172699,67.43532894100795,81.88501645349882,0.4091327598708306,0.4438204546223285,0.4870539534911006,1.7502986781910757,2.2311348038462966,2.723459008667657,0.6039950453550262,0.6552038406891053,0.7190286468922182,0.2806196024968456,0.34447563195465336,0.3957094787593823,-0.2794936036075947,0.2571668496186069,0.7504202806383516,-1.2989558254986182,-0.7483630369478207,-0.28552618373552086,unanchored,
0.6819178082191781,101.66234841411436,68.08679719258936,0.43901957146504433,2.252877264576836,0.6586006560883269,0.00032391710198711315,0.34107542680968606,0.27577962790390675,-0.7304803119518518,97.13708451839501,101.6947409895738,105.97534351964407,52.69283857159838,67.8675654567867,82.68553045655682,0.4040122104568311,0.43873993709010656,0.4808770953124445,1.7639196291142825,2.247393418917505,2.739189299537487,0.6060839292121404,0.6581811591119522,0.7213937397226985,0.27825145988741046,0.34149513010569243,0.3936179827915958,-0.2815121890334688,0.26674787062180905,0.7638482714301953,-1.299650790728924,-0.7415638563598075,-0.26953826549933474,unanchored,
0.6908904109589041,102.27544582280798,68.57104841548716,0.4337718797078743,2.267330683378735,0.6611983314464474,0.0003269295378213793,0.3384747390157313,0.2824279708881072,-0.7218620886259788,97.8049239712613,102.3129453382297,106.6167314351769,52.98748400232461,68.35902103445171,83.39497208983103,0.39916589597434216,0.4334539703691812,0.47433232598862674,1.7784949181739025,2.263145318883883,2.7555931228635515,0.6084484419928388,0.660713742347595,0.723024606173195,0.2766178942853095,0.33895956771968033,0.39125071065400213,-0.28201034154757604,0.2813724518263102,0.7826181219774652,-1.3030064650956652,-0.7289653948195878,-0.24386695239335598,unanchored,
0.6998630136986302,102.89283345291341,69.04309082025738,0.4285819762360748,2.28128223314017,0.6637425311531525,0.00032992902370394236,0.33592753982314355,0.28873492358589664,-0.71349483707319,98.41732720049608,102.90520591327224,107.25192858668731,53.415932732302075,68.77505375218428,84.02562505378484,0.3944517947372112,0.42847892429036394,0.4684476220430787,1.7908255399363133,2.2770601707503886,2.774870312545954,0.6108853082346275,0.6635829351760023,0.7254822358565082,0.27415714593001855,0.33608721513127293,0.3888110366824433,-0.27955071072519666,0.28596801474987227,0.7903619287786043,-1.308653102577736,-0.7206319254921028,-0.22049026715045109,unanchored,
0.7088356164383562,103.51440175955564,69.50292440690002,0.4234504550232677,2.2947352378852854,0.6662349879422287,0.00033291600455459574,0.3334320960532167,0.294698610040381,-0.7053886798054916,98.96350445045198,103.49284518393068,107.89643616840952,53.85603937319998,69.30075381097639,84.5684666472882,0.38975344045944343,0.4236268751391619,0.4632911808606285,1.8041499633921774,2.291810518464562,2.7948178009262756,0.613217852583654,0.6665125582043248,0.7289183200369012,0.27071744124981406,0.33315438708993517,0.38647572394550084,-0.27431936343836555,0.2870216290665445,0.8013194112460531,-1.3083799527295277,-0.7161678272593954,-0.20603793638260312,unanchored,
0.7178082191780822,104.14004119785972,69.9505491754151,0.418377833516196,2.307693120290762,0.668677432986013,0.00033589094269394757,0.33098667607129306,0.300317257561947,-0.6975535278070025,99.59697347847973,104.12834485645187,108.55314640397339,54.22946381004288,69.85691889086365,85.09408672021233,0.3850519481864828,0.4184718293642071,0.4574165658130347,1.8173767847300062,2.3073211052619875,2.8066147391151537,0.6154139336582068,0.6688276629870413,0.7310715590798555,0.2685612080765602,0.33083637060652965,0.3842769307913374,-0.2730951154454157,0.29667704517607574,0.8122103231181768,-1.310610418404361,-0.704807540282345,-0.19769723245787868,unanchored,
0.7267808219178084,104.76964222295065,70.38596512580258,0.4133645560437414,2.3201593922172807,0.6710715941404036,0.0003388543169367631,0.3285895515426596,0.3055891925283227,-0.6899990772747288,100.24230447625837,104.80259566285486,109.25007650413993,54.47153141875027,70.48432576984683,85.70419349478472,0.3801549573299072,0.4131046458866008,0.45154608509254274,1.8220825134864898,2.317033200195004,2.822703084544606,0.6171578803886673,0.6706496461989667,0.7330569269196028,0.26657291957305757,0.32901171254464434,0.382530488760277,-0.26885961176301965,0.30547769639950817,0.8271048022524778,-1.307545030873179,-0.6927546968222935,-0.18287629895500648,unanchored,
0.7357534246575343,105.40309528995347,70.8091722580625,0.40841099715648,2.332137645597438,0.6734191943099975,0.0003418066217186513,0.3262389990682838,0.3105128361805708,-0.682734807848056,100.87592658399018,105.404807927831,109.91359616678922,54.7853922090608,70.97212771317713,86.2697252647826,0.3755790223684186,0.408397725588695,0.4458913940703195,1.8326145178406217,2.3276251257826965,2.833527034857302,0.6192833307722405,0.6733973111370486,0.7352197307007112,0.2644070946489446,0.32626089334845015,0.3804023402853021,-0.2714230244772655,0.31060819334586576,0.8275910901665107,-1.3108759983414984,-0.6813722058325086,-0.1707219065673466,unanchored,
0.7447260273972603,106.04029085399317,71.22017057219483,0.4035174648929572,2.3436315436756745,0.6757219499297334,0.0003447483662564553,0.3239333017040101,0.3150867004214482,-0.6757699823142866,101.46234872849578,106.0526245427647,110.62054237201177,55.161182075853056,71.45244950836778,86.9945782439278,0.37079390834599046,0.40342361413188815,0.4407520438634387,1.8453309879254778,2.337179237692074,2.8464994546640896,0.6209237630794616,0.6755647893981842,0.7380742010607242,0.2615492389133389,0.32409054241770596,0.3787594461859563,-0.27309057102339496,0.3147590323744338,0.8379128549112007,-1.312013538206127,-0.6694448059048712,-0.15501174923831346,unanchored,
0.7536986301369863,106.68111937019479,71.61896006819958,0.3986842039694215,2.3546448125951605,0.6779815695593066,0.00034768007374257087,0.32167075036695086,0.3193093836222703,-0.6691136477718151,102.05398266396185,106.71943776473945,111.3228223876473,55.567052097517255,71.94249906190191,87.61174648339369,0.3661303576994249,0.39839796852883314,0.43565654418023436,1.8559062973253886,2.3487451996036777,2.856956161786105,0.6226221959759541,0.6774948124935851,0.7408548035546271,0.2587652739455624,0.32215775704968264,0.37705851314545846,-0.26777814403583283,0.3197542716484114,0.8529634335659658,-1.312638528050264,-0.6646249746971951,-0.14486955934838536,unanchored,
0.7626712328767125,107.32547129368338,72.00554074607678,0.3939113988902812,2.365181233325951,0.6801997525865642,0.0003506022805733101,0.3194496451328625,0.32317956644396545,-0.6627746382276183,102.65883521475129,107.38241800070767,112.01225950810804,55.93838193287345,72.24337689100105,88.0385456790779,0.36163715344667846,0.39349371465219113,0.43053800336409026,1.8627753034227343,2.3574059648352166,2.8652791772012733,0.6244691141041492,0.6794785022845711,0.743445973364527,0.2561708247116948,0.3201712671962386,0.37520900942541696,-0.2656881033671966,0.3245436767519495,0.8658965715748526,-1.3188108530451317,-0.6576359163494696,-0.1337427122436321,unanchored,
0.7716438356164385,107.97323707958387,72.37991260582638,0.38919917697702766,2.3752446339281885,0.6823781880360106,0.00035351553561130676,0.3172682964283781,0.3266960076777117,-0.6567615786013864,103.26982290826206,108.03148600819338,112.67249055878806,56.22267805894915,72.57166784941649,88.46335679206324,0.35741140323971865,0.38877961834432895,0.4254585861238296,1.8680361716751968,2.367322351154286,2.8763079351838217,0.6266450705791771,0.6816425809831397,0.7459513695237799,0.2536621799674543,0.3180042845727402,0.3730302872038705,-0.2673202028275817,0.3285492270631922,0.8724788288621079,-1.3224514776850724,-0.6505381534706504,-0.12740151804158345,unanchored,
0.7806164383561645,108.62430718302137,72.7420756474484,0.38454761131382414,2.384838882143681,0.6845185534785405,0.0003564203994818731,0.3151250261219776,0.32985754011013196,-0.6510828901050725,103.85103446646222,108.69898393664296,113.41408731086088,56.60108857009328,72.89794879707625,88.76523989638079,0.35275254247304433,0.38401942053070826,0.4207096792423724,1.872154424695801,2.376548567137386,2.8889410212815654,0.6279213626748259,0.6835783411870537,0.7488892729966538,0.2507207895611941,0.31606572797045135,0.3717516863874816,-0.26646760080960274,0.3359776363002041,0.8753578960094436,-1.3254904240585579,-0.6451053193862644,-0.12032398712428433,unanchored,
0.7895890410958905,109.27857205912085,73.09202987094285,0.37995672360837995,2.39396787830877,0.6866225140384922,0.0003593174439031213,0.3130181685176047,0.332663066417681,-0.6457467969637771,104.45850414515415,109.37083363316262,114.11748923107626,56.77928755040233,73.31799753000081,89.33376636647404,0.34841733267347064,0.3793159619620985,0.415830705371794,1.8901530712830996,2.388022920596435,2.8934914074488645,0.6296274549977929,0.6854645890824842,0.7514506431818374,0.24815611407006308,0.31417669942903503,0.37004305372699325,-0.26977516542270835,0.33980690903454136,0.8803780707283808,-1.3269790261419818,-0.6390617799572427,-0.1101467513353407,unanchored,
0.7985616438356166,109.93592216300736,73.42977527630971,0.3754264869671092,2.402635548581034,0.6886917214941152,0.00036220725104958284,0.31094607125483525,0.33511155509449003,-0.6407613344417635,105.12680769280331,110.08443637914891,114.86068128593645,57.211296799037996,73.44046703367309,89.79023284649547,0.34392312764419686,0.37441420315566964,0.41056054520482604,1.9004657617285097,2.398737658750604,2.8963095692162923,0.63090117256344,0.6868347627952954,0.7531425151668791,0.24646138063794434,0.312804006593688,0.3687670142721699,-0.27026553834535316,0.34264369631185,0.8838517290689956,-1.330593677685003,-0.6385251221830639,-0.1013249250737123,unanchored,
0.8075342465753426,110.5962479498059,73.75531186354903,0.37095682858393925,2.4108458384721088,0.6907278134675762,0.00036509041294899416,0.3089070961194748,0.3372020364175844,-0.6361343581359857,105.73377657553296,110.6808988764844,115.54969212868713,57.58591980850617,73.88656622633832,90.06401892250858,0.33983380878515096,0.3703896175889603,0.4058603911027777,1.9096305087065648,2.407283814585944,2.8952642956203434,0.6327762305402903,0.6896716571168974,0.7557188301120125,0.2438817278872755,0.3099638107111144,0.36688930987836965,-0.2648071788596413,0.3452784874900545,0.8864215464635572,-1.336145294167277,-0.6364488170407302,-0.09735694143683833,unanchored,
0.8165068493150686,111.25943987464149,74.06863963266073,0.3665476323424506,2.4186027066786235,0.6927324127006431,0.00036796753091184126,0.30689961976844504,0.3389335984530466,-0.631873554498839,106.3750392146051,111.30367609232229,116.260622377725,57.91067965026206,74.17520937215455,90.4343282738848,0.3356903672050434,0.3662563341053383,0.40098185527972474,1.921236783268123,2.416034930109409,2.9006300074817735,0.6344157688544514,0.6921818928969257,0.7578090909549012,0.2417883739031179,0.30745043199880406,0.3652472404118152,-0.2615663252528524,0.35042556385943985,0.8916485958948152,-1.3395134217783968,-0.6302014868664445,-0.09824610068529326,unanchored,
0.8254794520547946,111.92538839263916,74.36975858364488,0.36219874133133745,2.4259101192030847,0.6947071264122519,0.0003708392149932108,0.30492203437275495,0.34030538310635644,-0.6279864525518384,106.94584882961891,111.94223981860618,117.01399540879551,58.167470072379935,74.47590595130116,90.71357860025131,0.33138173246349284,0.36208970219575665,0.39671288865651005,1.927995099873113,2.4230777630084743,2.906109758106734,0.6355992576314032,0.6944979863576305,0.7609062082221622,0.23868761505931502,0.30513128606770745,0.36406145532116485,-0.2599572026297077,0.3508849112094942,0.8990629171113411,-1.3409829783712346,-0.6261847706326195,-0.09944146066311485,unanchored,
0.8344520547945207,112.59398395892391,74.65866871650145,0.35790996027344407,2.432772043756332,0.6966535457341999,0.0003737060834864371,0.3029727481823137,0.34131658221978645,-0.6244804367526818,107.5147138903318,112.57218446556425,117.72688828415747,58.36478867073443,74.81660660130646,91.06812279915498,0.32738053757380436,0.3580485920815083,0.3925259327733931,1.939635913767669,2.4311280780291566,2.9149536288873463,0.6372295762065762,0.6969233855021842,0.764031776735938,0.23555837345465308,0.3027027636640966,0.36242859452884313,-0.2571266467713964,0.35257408048495287,0.8947214441780582,-1.345404363933711,-0.621103257270507,-0.09993640951914237,unanchored,
0.8434246575342467,113.26511702862078,74.93537003123043,0.3536810578688798,2.4391924444331297,0.6985732452212909,0.00037656876244799973,0.30105018601626105,0.34196643371946484,-0.6213627609794449,108.05883332939885,113.30478063995807,118.47098389233618,58.45613278468236,75.12944883765721,91.3548364236146,0.32328101837069256,0.3534334858452364,0.38858283168338104,1.9460230554086773,2.4382031563169115,2.9223823703882696,0.6385285982869415,0.6980842532661528,0.7675094940113365,0.23207677685960793,0.30153944156451085,0.36112720026290357,-0.26122872001415554,0.35134562732974933,0.8938449278321164,-1.3507399436849117,-0.6181084187655771,-0.09211625325376521,unanchored,
0.8523972602739727,113.9386780568548,75.19986252783184,0.3495117690529414,2.445175276652325,0.7004677824323217,0.00037942788525308215,0.29915278968242526,0.3422542178143477,-0.6186405635977543,108.60572039713374,113.93409806698706,119.24806769442652,58.65688986171944,75.32352879372547,91.48305705547466,0.31908137628584465,0.34953986940261106,0.38467925339691816,1.9563214080029079,2.442570148286831,2.927101682371741,0.6394812531435637,0.7005240992472663,0.770948069373439,0.22863432513072138,0.2990964423619092,0.36017235402349723,-0.2604953404403479,0.35181728772967974,0.9002611291190444,-1.352048386579774,-0.616348132892363,-0.08477101584127976,unanchored,
0.8613698630136988,114.61455749875097,75.45214620630567,0.34540179716976477,2.450724482352973,0.7023386975783908,0.0003822840921811778,0.297279018329428,0.34217925324907544,-0.6163208835793769,109.1510430070281,114.6085109873111,120.00252728274829,58.864228645923255,75.58951330745981,91.65169494096656,0.31508184871047107,0.34543824382860827,0.38084510437942,1.9641818658369976,2.4488248831829607,2.925224550600143,0.6406862299709979,0.7024128080755365,0.7744089833368204,0.22516950459757276,0.29720486749381847,0.35896504347493075,-0.2585181081242546,0.3502472903710129,0.8964042038622158,-1.3516404687684243,-0.614726105805756,-0.07819087815321361,unanchored,
0.8703424657534248,115.29264580943428,75.69222106665194,0.34135081606281165,2.455843985437804,0.7041875132350891,0.00038513803003109776,0.2954273487348798,0.34174089361241244,-0.6144106776439138,109.75579454345278,115.2272318930157,120.73017946803415,59.30565369909488,75.68697373767944,91.62017354432648,0.3112952304089229,0.3417384975527181,0.37665978216480267,1.9721255543770881,2.4562836146198643,2.9183716207850128,0.6421845323588353,0.7049872783197413,0.7770279221758075,0.2225471015251225,0.29462714623839703,0.357464240615606,-0.26033910575890185,0.3470735074914129,0.8964045961483037,-1.347770909435494,-0.6138732782917453,-0.08337228150040467,unanchored,
0.8793150684931508,115.97283344402982,75.92008710887059,0.3373584720834515,2.460537687455424,0.706015734115241,0.0003879903517647245,0.2935962755329943,0.34093852370264216,-0.6129168383991443,110.3505756043328,115.91094223007912,121.46543028832409,59.653021026221,76.16482310693716,91.74859280968641,0.3075379906114665,0.3377188370647003,0.372610397763023,1.9877073592455756,2.459681827307933,2.9180983899682458,0.6436081443840859,0.7067698973209685,0.7797901202568822,0.21978134673961428,0.2928416978775126,0.3560381613024989,-0.2560882147134677,0.3453326837447921,0.8892963768892994,-1.3518542685394817,-0.606735975869657,-0.08569777137091848,unanchored,
0.8882876712328768,116.65501085766252,76.1357443329617,0.3334243860190418,2.4648094635126707,0.7078248468989529,0.00039084171617882876,0.2917843113848683,0.3397715559510967,-0.6118462134599001,110.96059379454039,116.57646829397112,122.17577568512617,60.14105331537695,76.3325598993298,91.99568679550072,0.3039722566388705,0.33387382200689125,0.36852470964357403,1.9947018517516522,2.4639381069150446,2.91660806255759,0.6453010788618503,0.708778952155286,0.7823391363073448,0.21722887720333126,0.29082967929744497,0.35434260335385687,-0.2548158958241193,0.34314949440367815,0.8917405897107943,-1.356172281081619,-0.6030718992281239,-0.09217500204926123,unanchored,
0.8972602739726029,117.3390685054575,76.33919273892522,0.32954815494202333,2.468663158408561,0.7096163201178258,0.0003936927876042648,0.2899899870945699,0.3382394269046669,-0.6112056255303715,111.52696260296177,117.25829925281519,123.038753812353,60.532563822958764,76.52339165577078,92.0142092587877,0.29972316624185913,0.3300023105860033,0.364791259158173,2.001251486831747,2.4707210179238066,2.914635021929185,0.6453941467826736,0.7105942538492361,0.7855053261654943,0.2140588780773214,0.2890115108087596,0.35424779067909706,-0.2594263827768901,0.3419476308348655,0.8899861944285568,-1.358765257871597,-0.6066400404884652,-0.09298208298196782,unanchored,
0.9062328767123289,118.0248968425397,76.53043232676117,0.3257293539816655,2.472102582981439,0.7113916040903147,0.0003965442356318491,0.2882118516740535,0.3363415937679677,-0.6110018934401242,112.15981238717004,117.87287184071434,123.7843744574142,61.01436442414341,76.61431736602432,92.08077717428054,0.296123325796712,0.32657010751496585,0.3606863225073877,2.006664243016196,2.471332603811788,2.91393395416238,0.6467321571482909,0.7132278064386385,0.7877374832985112,0.21182341571070232,0.2863746257889709,0.3529073411147749,-0.2646683810665152,0.33978496115847007,0.8842525825420445,-1.3614286395219124,-0.6083354073180179,-0.09439315328012057,unanchored,
0.9152054794520549,118.71238632403421,76.70946309646953,0.3219675380201703,2.475131510660901,0.7131521309052915,0.00039939673486422166,0.2864484723598443,0.3340775310055695,-0.6112418541301763,112.76103479521657,118.507371131242,124.50021110206696,61.31553792704617,76.67052496143046,92.1322409317798,0.29272781341678744,0.32308250012399764,0.35685031181980903,2.021818965743734,2.4718763314949825,2.915726487200618,0.6483866826982738,0.7156217513058838,0.7904168285206803,0.2091405030964991,0.28397746886260034,0.3512501920823282,-0.2543589666949578,0.3401974113309483,0.8734229888533395,-1.368892015694013,-0.611961081123928,-0.09711737280433998,unanchored,
0.9241780821917809,119.40142740506597,76.87628504805033,0.3182622433149339,2.477753674216294,0.7148993144510154,0.00040225096469299367,0.2846984345842916,0.331446727004476,-0.6119323855919745,113.3432783073946,119.14642542540244,125.22487501882524,61.636583904111426,76.72559311072214,92.25189947799268,0.28934963814619163,0.31962601685874115,0.3531934307489642,2.03403972628982,2.473687822452046,2.9144742522132048,0.6499541252295805,0.7179627025594486,0.7933637960981111,0.20618980348454055,0.2816333228054101,0.3496801663852036,-0.25526217353321135,0.33982451662466595,0.8686835247684536,-1.3770509478565163,-0.6192991327511375,-0.09939882249638084,unanchored,
0.933150684931507,120.09191054076008,77.03089818150355,0.31461298904881674,2.479972762693634,0.7166345504867888,0.0004051076091004844,0.2829603419041107,0.3284486807968655,-0.6130804307691406,114.0239336962666,119.85589948695858,126.0120547387216,61.713075817927525,76.9330042681355,92.26406843312941,0.2857458756195706,0.3158532490086948,0.34898947613330433,2.0402360790256395,2.4786149807044193,2.916183302563817,0.6508802060181661,0.719459650434255,0.7949383053431534,0.20461232258004508,0.2801336449509121,0.3487518567621007,-0.2598167183980365,0.3321968996761685,0.8583684091925191,-1.3812711097389305,-0.6205535554078383,-0.09943200367574326,unanchored,
0.942123287671233,120.7837261862415,77.17330249682918,0.31101927881032987,2.481792418532975,0.7183592167547179,0.00040796735648536046,0.28123281588879673,0.3250828988428795,-0.6146930224394325,114.50629140710632,120.58862423602358,126.77653238251224,61.93737062428369,76.98470998251446,92.43674451554737,0.28231010708403353,0.31202650648600166,0.3460552637484703,2.045248388550862,2.4777829147289534,2.9148326204865174,0.6520498284947193,0.720685604002984,0.7992816045715233,0.2002644709910935,0.2789051074490798,0.34757986228028115,-0.261723474408804,0.3305410657940029,0.8419585807150737,-1.3824970042570688,-0.622919105112862,-0.09934945002704602,unanchored,
0.951095890410959,121.47676479663524,77.30349799402724,0.30748060200568084,2.4832162348583733,0.7200746731290842,0.00041083089951149366,0.27951449597140426,0.3213488918730747,-0.6167773091024824,115.08435122309398,121.25966982388661,127.57519417720135,62.2377662778926,77.07341166393158,92.53175489962454,0.2787864633638832,0.30858257184615234,0.34258757707083604,2.0458880999347704,2.4841908649995137,2.9146436450722066,0.6528771902035392,0.7226553255913848,0.8022900825880702,0.19725217939030695,0.2769323711454559,0.3467503177017781,-0.25756969059972423,0.32558347142733435,0.8340096894338611,-1.3890109082662576,-0.6278860630944092,-0.09230406351753236,unanchored,
0.960068493150685,122.17091682706639,77.42148467309772,0.30399643520465314,2.484247752932762,0.7217822618009555,0.00041369893497936785,0.2778040392640651,0.3172461717899776,-0.619340581907545,115.72479486220124,121.99336831762491,128.31601065262632,62.487025380665436,77.06950956020445,92.54707126786056,0.2755766785900389,0.30488194886419684,0.33880617631245047,2.050925571336276,2.4860741838217386,2.9079613809900495,0.654304904063785,0.7238847471528341,0.8044314338301515,0.19510749578193254,0.2757003488452336,0.3453200725305586,-0.25631381636831774,0.32238484948739754,0.8259999538849574,-1.388020924429076,-0.6318216009669615,-0.09654800896034094,unanchored,
0.9690410958904111,122.86607273265992,77.52726253404063,0.30056624342231464,2.484890459770231,0.7234833074957725,0.0004165721637193794,0.2761001203405081,0.31277424862803604,-0.622390302664726,116.35655854532648,122.72659972558034,129.08410348541432,62.67135496932508,77.18175662483308,92.35374197141716,0.27230689530751623,0.3012497929212279,0.3351370380701679,2.054928724034049,2.4834669918790038,2.9116689976282917,0.6554611423684598,0.7251286574415281,0.8066975519491774,0.1928379622206716,0.274453823023915,0.3441614517349819,-0.252083878348413,0.31460432948920825,0.8203497349553455,-1.4015611841162365,-0.6339863652811586,-0.10450685658940893,unanchored,
0.9780136986301371,123.56212296854083,77.62083157685595,0.29718948133855655,2.485147785898339,0.7251791177217444,0.0004194512905063829,0.2744014309877493,0.30793262757108,-0.6259341329931236,116.95085981922098,123.41436816292088,129.86749447255974,62.939369452476605,77.26351457447112,92.18684157482274,0.2690315686151,0.2979015128577862,0.3317396045658308,2.0571424193259986,2.476264502750249,2.9073035872648822,0.656470325560893,0.7269165627570778,0.8094856946782475,0.1900460902132618,0.27266298099578584,0.3431499650424813,-0.24979793559049776,0.3087081568996045,0.8119544200157469,-1.4007920874938038,-0.6372918673763153,-0.11064285723413281,unanchored,
0.9869863013698631,124.2589579898342,77.7021918015437,0.29386559445747507,2.485023103263302,0.7268709830470095,0.00042233702399486106,0.27270667992899567,0.30272080602629403,-0.6299799646698385,117.57464378764104,124.14392554059309,130.7096057156582,63.075475873419016,77.39654736933078,91.88096221415817,0.2655762095756876,0.2944104446060789,0.32822889747610545,2.0653092808082367,2.4787495651741134,2.8988195282918525,0.6568977252494019,0.7282186595719193,0.8118679623361539,0.18766031447350429,0.27135822035770474,0.34272059459439225,-0.24809812166194434,0.3004199558728137,0.8028870088806366,-1.4092254227141767,-0.6423549212452189,-0.11635154003382654,unanchored,
0.9959589041095891,124.95646825166502,77.77134320810387,0.29059402020859926,2.4845197232710574,0.7285601774036088,0.0004252300766741072,0.2710145925197171,0.29713827075353483,-0.6345359512551989,118.34257925843993,124.84837791457542,131.4658745328388,63.40286342420864,77.62278888709005,91.9318149707414,0.26252949468459674,0.29109741619207724,0.32398293976822934,2.0701029195533955,2.475844575933366,2.890892072700016,0.658198455301282,0.7298222621043322,0.8122709060009037,0.18725500547442583,0.2697517711929871,0.3414173818137632,-0.2504081559985478,0.2896241871433247,0.7906567268009619,-1.3971383693225345,-0.6458070009716054,-0.12200622006875296,unanchored,
1.0049315068493152,125.6545442091583,77.82828579653648,0.2873741889919622,2.4836408949574,0.7302479584164231,0.0004281311648428292,0.2693239104187341,0.2911844950487593,-0.6396105410816326,118.89831476191506,125.53737123345209,132.24600289441898,63.77325491570105,77.78024838920582,91.67906676574599,0.259441316408884,0.28791090128064034,0.32096141534939804,2.078781638941059,2.478278653694219,2.882327607109946,0.6592675991571249,0.7316118006405248,0.8155966237312258,0.18392520672576432,0.26795926859861385,0.3403458841783406,-0.24211199670502506,0.2846692326040344,0.7761512129711895,-1.3925502912062653,-0.6450627774655436,-0.12587048688508615,unanchored,
1.0139041095890413,126.35307631743906,77.87301956684149,0.2842055251689949,2.482389803280549,0.7319355677553275,0.0004310410086026034,0.2676333912360699,0.28485893598015627,-0.645212511706742,119.55543169441276,126.23447549539803,133.05745510490132,63.834916110976486,77.97898107845151,91.72707042062592,0.25628650828249444,0.28473982076720916,0.3174428406841187,2.082012650556217,2.473402390681776,2.8721557225745613,0.66003365288636,0.7333115788367291,0.8175340915270219,0.1819844580080696,0.2662565698139354,0.3395776495506506,-0.2441538272775738,0.275445648776758,0.7628156123709673,-1.3837459799979914,-0.6464504600250842,-0.13932775637563927,unanchored,
1.0228767123287672,127.0519550316323,77.90554451901895,0.28108744800120533,2.4807695675297436,0.7336242315089214,0.000433960331869637,0.2659418081592089,0.2781610316755006,-0.6513510059451597,120.26462073527208,126.97237815427212,133.85002671731294,63.789653001398285,77.98435491295712,91.84617026302865,0.2532603674064638,0.2814398890410327,0.3137100174472295,2.085571623426834,2.4701942560956254,2.861649266275346,0.6609969378975519,0.7345440850592458,0.8187675120426835,0.18074816286827283,0.26502141048842776,0.33861206295299956,-0.25386283531721565,0.27254112354007837,0.7495118347909205,-1.393892975355359,-0.6461899821971788,-0.1520496635777441,unanchored,
1.0318493150684933,127.75107080686313,77.9258606530688,0.27801937253857817,2.478783239843569,0.7353151605782644,0.00043688986240429824,0.2642479495593313,0.27109019865915857,-0.6580355696089757,120.85871274617642,127.68380700802075,134.61651072188653,63.97210855494939,78.15760635876492,91.76193209765368,0.250384542700894,0.27831237152317123,0.31063345989276914,2.0866422793729855,2.470646998567908,2.8551774405014396,0.66222561593932,0.7360900943299598,0.8215740160709075,0.17793784309087846,0.2634725553782604,0.3373809205857793,-0.2609506305926719,0.26398984986846546,0.7390263370521694,-1.4104881201900943,-0.6535646888589104,-0.16602102606130117,unanchored,
1.0408219178082192,128.45031409825646,77.93396796899108,0.27500071045960406,2.4764338038320077,0.7370095510891753,0.0004398303318579245,0.2625506185789668,0.26364582923705,-0.6652761911029945,121.43612105759027,128.40059678875167,135.40127027282958,63.963707639976725,78.1962948059833,91.79176819196317,0.2474905836134637,0.27521371486934076,0.3076864598329726,2.082196241486361,2.472815317592104,2.850425479652466,0.6632816461561497,0.7375804088303703,0.8246082683158286,0.1748996244546652,0.2619794201630147,0.3363225226282127,-0.26449317814029644,0.2569930195801945,0.7314411938419856,-1.4226217637819536,-0.6586650871753299,-0.17565959695804106,unanchored,
1.0497945205479453,129.14957536093735,77.9298664667858,0.27203087086481226,2.4737241732962865,0.7387085848217062,0.0004427824758364155,0.2608486327024574,0.2558272889278221,-0.6730833430389788,121.97162808723566,129.14547527003242,136.16159348907564,64.43406048745095,78.18665984877057,91.51400355501843,0.24473433696675925,0.27204815594798293,0.3049908486428655,2.081928941576936,2.469431332818907,2.852638808651879,0.6645839685152385,0.7387555230213558,0.828212465255484,0.17129110357609667,0.26080166636801594,0.3350176793591376,-0.26476627080887566,0.2481231528890135,0.7201037334827426,-1.4265203842858274,-0.6612918168130593,-0.1928711645882516,unanchored,
1.0587671232876714,129.84874505003086,77.91355614645293,0.269109261025651,2.470657191040865,0.7404134296555112,0.00044574703398015585,0.2591408233105087,0.24763391393841114,-0.6814680260525242,122.5697404814881,129.84495519888537,136.88964103594074,64.57901054650645,78.01028842017698,91.45031648848216,0.24213802049856856,0.269124975239451,0.3020213357016175,2.070349996967102,2.4637209768280606,2.846332553001886,0.666206140673296,0.7404566649380488,0.8309660252630918,0.16853371282070867,0.25909756199927103,0.3333927868996917,-0.2641521492128999,0.2515858039595967,0.7115379898424335,-1.4303901626201752,-0.6689072229866889,-0.1933710756571855,unanchored,
1.0677397260273973,130.54771362066197,77.88503700799248,0.2662352870905185,2.467235627772053,0.742125240029922,0.0004487247500598425,0.25742603522001817,0.23906500868204766,-0.6904418150276028,123.21405761606945,130.55033065619156,137.59725835205631,64.7865322370748,77.74426578887703,91.24761731435015,0.23965395264937675,0.266224613339875,0.2988709593207052,2.0667422841519474,2.4605257736685417,2.8492055171261783,0.6680303316576106,0.7420954871754266,0.8330964871250921,0.16639978251674636,0.25745580606452584,0.3315657449512467,-0.2691967608063481,0.23701453562841562,0.7004767699101229,-1.443276899470404,-0.686053038231364,-0.19905149653200085,unanchored,
1.0767123287671234,131.2463715279557,77.84430905140447,0.2634083547497082,2.463462181077912,0.7438451574175872,0.0004517163720877908,0.25570312621032504,0.2301198433367995,-0.7000169079571367,123.92677119916188,131.27530216602284,138.30883096866978,64.65073778756785,77.84075674431874,91.14043510886552,0.23719434823711505,0.2632922802851784,0.29544312975685133,2.0670479800840313,2.4559397063812076,2.845630380946268,0.6698187970182228,0.7435173719590644,0.8343089252835217,0.165184422226815,0.2560311107237945,0.32977444074916995,-0.28201237720784267,0.2252679962564232,0.6885356521115076,-1.4481072868300928,-0.7050586477883964,-0.2051381109040844,unanchored,
1.0856849315068495,131.94460922703706,77.79137227668886,0.2606278698609942,2.4593394744843127,0.7455743108106593,0.0004547226524443506,0.2539709665368964,0.22079765144255753,-0.7102061776938317,124.51222444917882,131.9446797176939,139.05615313185658,64.4273583438716,77.9764432881777,91.03551613539142,0.234651717179259,0.2606276261519031,0.29267133513638227,2.0623742986653446,2.452011805563739,2.840516779415118,0.6712647132088119,0.7455736136356499,0.8372405802369678,0.1622487902364254,0.2539716641371098,0.3283258852513863,-0.27942848579953145,0.2224837816256353,0.6779182890701404,-1.4674990603768534,-0.7121042333465114,-0.20614046271904105,unanchored,
1.0946575342465754,132.6423171730311,77.7262266838457,0.25789323903753536,2.454870056582172,0.7473138172185527,0.0004577443480190624,0.25222843843342824,0.2110976275344373,-0.7210232268738229,125.09848546587278,132.6654808539051,139.7575446588926,64.17937790751449,77.76361881940848,90.87865669415925,0.23230236613539457,0.25780319670760987,0.2899346050210656,2.0565873821909335,2.4509306589796864,2.8405175959099007,0.6731574997213338,0.7470528957708289,0.8401621431824746,0.15932324105156415,0.2524895197006486,0.32643017812734976,-0.2793375835625584,0.20889687763402906,0.6598344504108331,-1.486136338448064,-0.7223618134448277,-0.2110169932009249,unanchored,
1.1036301369863015,133.33938582106282,77.64887227287494,0.25520387019973745,2.450056400221054,0.7490647821763866,0.00046078222036622355,0.25047443560324717,0.20101892481042924,-0.7324824463272515,125.76574633540339,133.3517638385301,140.50702777102504,63.994862604759454,77.5970634616832,91.04177519476234,0.22983071559517593,0.25515649517915917,0.2868662214832345,2.0514415850925682,2.4511948675915187,2.845352625232217,0.6745904549958531,0.7489257288013642,0.8419989224337523,0.15748312752740368,0.2506135745160286,0.32499457517098007,-0.28512327886169825,0.1937045163820823,0.6452002137724239,-1.500425534228912,-0.7290765473604253,-0.21597165235968657,unanchored,
1.1126027397260274,134.03570562625725,77.55930904377661,0.2525591730926633,2.444900901764521,0.7508283002632941,0.0004638370358745531,0.2487078627008314,0.19056065283114051,-0.7445990773247563,126.4733584444989,134.03394889353103,141.2327331242821,63.99395526463173,77.48203295787474,90.97239589967667,0.22747487223648882,0.25256579597155615,0.2836651980043112,2.0440753470027735,2.438835019851987,2.8341500396424,0.6762556654842579,0.7508479892923683,0.8433028024813993,0.15617623277591514,0.24868816150852238,0.32332656600160703,-0.2911936803469717,0.18438383538619313,0.6335067597326323,-1.4882807224040657,-0.7450485836725189,-0.2155808424282495,unanchored,
1.1215753424657535,134.7311670437394,77.4575369965507,0.24995855977054018,2.439405880402739,0.7526054556298444,0.0004669095659506698,0.24692763480420496,0.17972187524940328,-0.7573892780477849,127.16631141821995,134.7071587057327,141.96823906102603,64.03792552367139,77.3488012022865,90.80440610406205,0.2251239875269088,0.2500476660135191,0.28058213413920413,2.0379720943970403,2.4358517151614807,2.829503232820383,0.6778305226331574,0.7528737474805342,0.8448106162048618,0.15466527098786048,0.24665917650769603,0.3217489574878764,-0.29724204962021034,0.16824352391986874,0.6331432850911007,-1.5001347333877386,-0.7604371150405804,-0.21682602183919694,unanchored,
1.1305479452054796,135.4256605286343,77.34355613119722,0.24740144504986392,2.433573577518052,0.754397322533897,0.00047000058721612657,0.24513267687888685,0.16850160756749635,-0.7708701947139858,127.8229088834949,135.42678611441625,142.6922351135003,63.877018718800805,77.1135404525005,90.65457064712355,0.222845305528078,0.24739733305604977,0.2777069612867832,2.0237328210649674,2.4299691753089467,2.8327698040478366,0.6795186737722847,0.7543847838960446,0.8468074549910114,0.15266497155503203,0.24514522332849442,0.3200579761359831,-0.3124127129698413,0.15381405691415284,0.6220559918446867,-1.5173780354845963,-0.7721122705072014,-0.22539589972043866,unanchored,
1.1395205479452055,136.11907653606693,77.21736644771616,0.244887246932556,2.4274061560993454,0.7562049658842639,0.0004731108817177654,0.24332192323401836,0.15689881491968277,-0.7850600378374961,128.48966891603195,136.18488939039912,143.47161714751573,63.79486645144205,77.17081735947801,90.52899540875488,0.2204307459756979,0.2446506152637865,0.27483227928868553,2.0156079347045264,2.426531012657084,2.827016214571918,0.680683975292121,0.7554742539127326,0.8486743878525979,0.15079464884242216,0.24405309236703465,0.31889016265955855,-0.3320097843308583,0.14277117910867104,0.6078491565988001,-1.5195043405911062,-0.7776710176239068,-0.23061454088429684,unanchored,
1.1484931506849316,136.81130552116235,77.07896794610751,0.2424153870005823,2.4209057002012067,0.7580294417916166,0.00047624123715118256,0.24149431697123225,0.1449124098777523,-0.7999781641583242,129.17282490883562,136.8984404853434,144.1403084985763,63.63948931364309,77.0595388297983,90.43539706422445,0.2183902675815581,0.24210689427668425,0.271932958846606,2.013145910286694,2.4181963940578255,2.822558056683913,0.6829032376033647,0.7570647894641114,0.8503304660225229,0.14913530349670737,0.24245957535332133,0.31666772011305044,-0.35111266032146726,0.13081406944792334,0.5918673238541445,-1.5578027888481358,-0.7952926785573451,-0.24339366252616992,unanchored,
1.1574657534246577,137.5022379390456,76.92836062637129,0.23998529078339675,2.414074214444017,0.7598717981261416,0.00047939244709712563,0.23964880942676128,0.1325412502772038,-0.8156451648362149,129.85670497383379,137.5847280844796,144.83346358875338,63.16320062945434,76.88753025318141,90.27939828571346,0.21630488324592032,0.23969760886614444,0.26907628221629276,1.9963465810104384,2.408652193920025,2.820452460981671,0.6848918949948996,0.7589609032332201,0.8519833767034243,0.14747911894801177,0.24056027899047977,0.3146760163259993,-0.36845027543525233,0.1181292392277231,0.5764719692217638,-1.5720308015253557,-0.8102392336154713,-0.24727800080044912,unanchored,
1.1664383561643836,138.19176424484164,76.76554448850749,0.23759638809952854,2.4069136235512514,0.7617330750814886,0.000482565311270652,0.2377843596072408,0.11978413706170304,-0.8320829605732467,130.51863285638748,138.2591617090584,145.54103714554182,62.875640258445564,76.84440751340102,90.07217966786261,0.21420678750384747,0.23736481020681705,0.2663539556317366,1.9915226070486338,2.3946270718508975,2.8294470746748552,0.6867461086162717,0.7609906372786793,0.8539297221912763,0.14552930502485398,0.23852726775161864,0.3128188310449962,-0.3834888538213907,0.10940458246776973,0.569820076023708,-1.6150599530061196,-0.8286960669422803,-0.24525112559528772,unanchored,
1.1754109589041097,138.87977489367557,76.59051953251613,0.23524811337358256,2.3994257719204057,0.7636143057446309,0.00048576063578293163,0.23589993361958622,0.10663981214338157,-0.8493149044072368,131.19064510199658,138.95616453042317,146.22206393191047,62.45518312967785,76.42099304239072,89.98664701048894,0.2122161042550813,0.23498953779103077,0.2636321836050557,1.9760709429019767,2.3915637946772605,2.8380320165974924,0.688852508930564,0.7627749705800625,0.8557488685820949,0.14370676090081855,0.23673980271336478,0.3107092889166195,-0.40718932601285496,0.09879298960215163,0.5598738721156785,-1.6541836082408938,-0.8494955632560146,-0.24756568263463397,unanchored,
1.1843835616438358,139.56616034067233,76.40328575839717,0.23293990592988512,2.3916124232241005,0.7655165166712858,0.0004889792334155676,0.2339945040952986,0.09310695627658093,-0.867365893005958,131.90940472281065,139.67919700114214,146.93544719901448,62.1685437840174,76.2291906220905,89.88740858148151,0.21016045441468226,0.23256304195950328,0.2607670377781808,1.9637886334727588,2.3814478827178744,2.839314200708941,0.6906558082581494,0.7642780187303084,0.8569655492293733,0.14248705780365606,0.23523379313582843,0.3089030303294952,-0.41971025327958406,0.08272861348392824,0.5422792678583933,-1.67669206020004,-0.8654798996971607,-0.24566890719958742,unanchored,
1.1933561643835617,140.25081104095693,76.20384316615066,0.23067121026395399,2.3834752600380296,0.7674407284666122,0.0004922219239073634,0.2320670496094805,0.07918418694256353,-0.8862624873920222,132.54127344274636,140.39337508278655,147.62683628624447,61.7057513762825,76.09547537775217,90.08081930752087,0.20819655178937463,0.23020297421581637,0.25828661001023523,1.9443450086285765,2.378759872003097,2.8368443260868963,0.6926677723962258,0.7658829119819894,0.8593168775271374,0.14013197292995577,0.23362586524804263,0.3068879636353518,-0.4249923813298318,0.06877590203241749,0.530912923625017,-1.717996396639681,-0.8870137434006133,-0.24590845063564246,unanchored,
1.2023287671232878,140.9336174496545,75.99219175577655,0.2284414762929358,2.3750158834925466,0.7693879563709386,0.0004954895342534697,0.23011655409480794,0.06487005624271677,-0.9060330441416362,133.22049629091381,141.10504258518787,148.270362619626,61.09946529424484,75.77851195717659,90.3587892718464,0.2063932362865734,0.2278867624779168,0.2556595749650714,1.924948921701384,2.37216777732313,2.8494459602435103,0.6951297673793816,0.7675196873707817,0.8610581629091046,0.1383873115039374,0.23198602626916198,0.3044225657162531,-0.44715422624717804,0.054890825753255046,0.5288237687536562,-1.7712517729812478,-0.9040233891031032,-0.2394293356537588,unanchored,
1.2113013698630137,141.61447002188996,75.76833152727488,0.22625015958610872,2.366235812944814,0.771359210850326,0.0004987828990168781,0.22814200625065711,0.05016304879776873,-0.9267078582295287,133.9156509267115,141.7902031699134,148.93035373139153,60.53817729035754,75.35067564711477,90.638460535663,0.20456800754133406,0.22568968351370616,0.25301221210655783,1.8978344388393285,2.3638766662737556,2.8547981173421806,0.697437814633901,0.7694483685256187,0.8625996137330121,0.1368426047172553,0.2300540841805933,0.30211120215338344,-0.4662325264935085,0.04125812083609024,0.5108633754723438,-1.821852098668114,-0.9239510220948306,-0.23291147761572514,unanchored,
1.2202739726027398,142.29325921278837,75.53226248064561,0.22409672157650395,2.3571364856685206,0.7733554981918173,0.0005021028606522564,0.2261423989475305,0.035061579650459716,-0.9483193188397565,134.6710479556912,142.4882140190578,149.63861617827652,60.22606484925689,75.04059480927747,90.61961402985293,0.20263608920490178,0.22348391629315012,0.2501817810744843,1.8750564463388073,2.3559396308117613,2.86044191448402,0.6992950749848409,0.7712407134155442,0.8633747721977378,0.1360646797180382,0.22825855675275114,0.3002509060569816,-0.49758818797199306,0.02266845199382743,0.5010553134234982,-1.8724544249006598,-0.9455811295356727,-0.2329698011700837,unanchored,
1.229246575342466,142.96987547747474,75.28398461588878,0.221980629754664,2.347719256558302,0.7753778211032538,0.000505450269842131,0.22411672862690404,0.01956399216917163,-0.9709020796305058,135.33165913896238,143.1288001431539,150.36653298052,59.44085096927192,74.88314202301993,90.620450671075,0.20067893445141802,0.22148794612449496,0.2477452567418251,1.8510781569920776,2.347100704423222,2.8565204968059277,0.700971049177744,0.7736568783341666,0.8653736029736011,0.1340622806572785,0.22583879323745143,0.2985720045486905,-0.5188004325690105,0.011278531066033628,0.5073770117304832,-1.9027981604672186,-0.9587928818848066,-0.23684943310653198,unanchored,
1.2382191780821918,143.6442092710741,75.02349793300436,0.2199013578455104,2.337985397846096,0.7774271793175997,0.0005088259858454606,0.2220639946965548,0.003668555949914739,-0.994493245134242,136.0409888423464,143.78304704515148,151.0686079835217,58.970208826258585,74.54400197476235,91.10589179519289,0.19881800065438276,0.21947688992135594,0.24516845940057164,1.8273891605607844,2.3354098552151297,2.8572089576233832,0.7028902366073188,0.7759265387384814,0.8667551020004729,0.13267760690012267,0.22356561744473336,0.2966497218259626,-0.5414626490802812,-0.0040972514581953026,0.5078352118915056,-1.9665599770161264,-0.9820624343906087,-0.22328484966745762,unanchored,
1.247191780821918,144.31615104871142,74.75080243199238,0.2178583859692603,2.327936098826774,0.7795045702017468,0.0005122308768586709,0.21998319892139453,-0.012626535285900851,-1.019132575196364,136.64229618892855,144.4993460404565,151.73906663237304,58.1174613249315,74.42235593316742,91.37218521392826,0.19706492873235693,0.21730634133269883,0.24301545094502927,1.7945826942539818,2.3405611293673285,2.8586007407749903,0.7051048867819505,0.7775293360823876,0.8695173876300425,0.12991123194329193,0.2219597310137787,0.29443177213162053,-0.5734943062074256,-0.03545055972912278,0.5049844641084805,-2.021447692338092,-1.0067127794596828,-0.22334635326122346,unanchored,
1.256164383561644,144.98559126551177,74.46589811285281,0.21585120078728667,2.3175724655904237,0.7816109893697913,0.0005156658203892212,0.21787334480981943,-0.029323165800507398,-1.0448627096109493,137.25573042795193,145.02759802568363,152.36843185655943,57.512319500610985,74.13599488070662,91.51503410521292,0.1954403187894386,0.21572617797920296,0.2408481890278155,1.7692874060850128,2.3293031795292216,2.8653645887724664,0.7077018815489386,0.7811582737936738,0.8721266809141652,0.12729793577301873,0.21832635906386272,0.2918312139726146,-0.5961888227186947,-0.04656764961300719,0.4989896831040136,-2.0733777984957227,-1.0280335262729026,-0.23594420226811796,unanchored,
1.26513698630137,145.6524203766002,74.16878497558568,0.2138792956337882,2.306895520758857,0.7837474313008619,0.0005191317036418422,0.21573343699549627,-0.0464232999582964,-1.0717294154070107,137.88524685627405,145.65933048840714,152.99700493643593,56.74806036414526,73.92254555730929,91.65104297275333,0.19383772316955317,0.2138590031521706,0.2386539123461669,1.7524834084550196,2.3158781342730466,2.8683128801839315,0.7103063303680754,0.7836730707588777,0.8745324797191844,0.12488825517836646,0.21580784679175963,0.28922318319628865,-0.6254473430279638,-0.057233010722256464,0.4995084420770617,-2.116697761674049,-1.0554277539340653,-0.22635881710345687,unanchored,
1.274109589041096,146.31652883710163,73.85946302019094,0.21194217063409182,2.2959062032238635,0.785914889961547,0.0005226294239175568,0.21356248061453542,-0.06392898435644764,-1.0997818595795934,138.5948352118499,146.3430653982718,153.6558059458664,55.38706676290869,73.73477158635623,91.95239628805744,0.19217912381377553,0.2118653151202927,0.23621640969369956,1.7225105221013628,2.3051299155918175,2.885005015225067,0.7126304052333559,0.785629897633264,0.8759275847563374,0.12348992783330566,0.2138476624612743,0.28689569915414154,-0.6598230619938757,-0.06791383448343749,0.5031187929007356,-2.196263463601661,-1.0854970445276253,-0.21358856899621495,unanchored,
1.283082191780822,146.97780710214116,73.53793224666866,0.21003933281038,2.2846053678849323,0.7881143594330605,0.0005261598890256635,0.21135948067791382,-0.08184234997035203,-1.1290729104554496,139.270133996799,147.03383658191512,154.28485693658925,54.770745342363334,73.61014869985308,92.13973146137465,0.19061521035765053,0.20987928632012642,0.23393121777894285,1.703640303328042,2.297887478478162,2.881510876193066,0.7152307255938575,0.7875138293539652,0.8777620333506226,0.12165195629627204,0.21196041168212357,0.28429177299444774,-0.7021586456993184,-0.09166215883473855,0.5015061255506278,-2.2557619004056275,-1.1193069243393843,-0.21106124973625434,unanchored,
1.292054794520548,147.63614562684378,73.20419265501877,0.20817029617560232,2.2729937853841373,0.790346834543294,0.0005297240177088696,0.2091234414389971,-0.10016561431658022,-1.1596594713427497,139.84775412034253,147.77570922803915,154.90872793986296,53.80063755124012,73.26868684475613,92.12488219325843,0.18908295539638512,0.2077772951794515,0.23200278098997645,1.6747963194753013,2.2862380049068403,2.8898815624556407,0.7178791499511659,0.7888547528246892,0.8808301036666306,0.11857952658550688,0.21061652321414437,0.2816396969513319,-0.7400855223853294,-0.11487080716549819,0.5015837338309256,-2.327721785478314,-1.150020069986293,-0.19572001474879944,unanchored,
1.3010273972602742,148.29143486633453,72.85824424524134,0.20633458181629488,2.2610721418360358,0.7926133115039284,0.0005333227400817762,0.20685336575598978,-0.11890108363607643,-1.1916028506498264,140.45617155882096,148.4849067991097,155.61356738755654,52.91153279189095,72.7993952569316,92.69725856536702,0.18737396988794752,0.20579723509091122,0.22999717780012438,1.643880241785571,2.272818353101144,2.899666423008645,0.7197780491044897,0.790549148707353,0.8835107674535132,0.11589474797683451,0.20891891745802849,0.27973763654470685,-0.7801450304586371,-0.13700986449845576,0.49697886478017134,-2.404678389040031,-1.1755583277264001,-0.18755104214970084,unanchored,
1.31,148.94356527573842,72.5000870173363,0.20453171796500286,2.248841038550419,0.7949147885528417,0.0005369569980829728,0.20454825444907532,-0.13805115510043817,-1.2249691732842558,141.09001181520256,149.0774519076153,156.19176359661364,51.72956757242488,72.26634879502545,92.67383185944301,0.18598928166758893,0.20416450424584529,0.22793531490051186,1.611079592128146,2.249227624229219,2.9033236911554567,0.7228494043901007,0.7934876083637632,0.8858731274083799,0.11352847414435818,0.20597639868411333,0.2766623180588501,-0.8233479175211132,-0.15598461016245152,0.4944242701192447,-2.4579688212196813,-1.2137300242840179,-0.18852299610264703,unanchored,
1.3189726027397262,149.59242731018043,72.1297209713037,0.20276124006296978,2.236300991745871,0.797252266602037,0.0005406277459409878,0.20220710565202205,-0.1576183190440039,-1.259829838876927,141.73996472843757,149.71433296817952,156.88878669614832,50.87730894961982,71.74529926671431,93.15376566101754,0.18434032473336584,0.20243117603055794,0.22584970702081278,1.5785513114210565,2.23204068538271,2.916631374743184,0.7248216753566391,0.7959544628507753,0.8880355573768909,0.11136225347694798,0.20350578946188758,0.2746868130792391,-0.8674550076995471,-0.1750033106411426,0.5022619357669591,-2.530178174652086,-1.2554696108369396,-0.17259618624752404,unanchored,
1.3279452054794523,150.23791142478566,71.7471461071435,0.20102269081372798,2.2234524322521105,0.7996267498913882,0.0005443359506543983,0.19982891415795745,-0.17760516122467163,-1.2962620332382284,142.27582229418422,150.4146889832618,157.62019805583705,49.901394874602595,71.36110584935301,93.55646848693175,0.18263349084753153,0.20055045751432166,0.22415166728174607,1.5456740411197127,2.2263534216732053,2.9223788062598515,0.7264783100682538,0.7977483033495265,0.8916290418046585,0.10776399283035366,0.2017086394289064,0.2730271488704391,-0.8964001349421697,-0.18972908788991666,0.5040186783412524,-2.6607886273357018,-1.2965937306814077,-0.13015128241616197,unanchored,
1.3369178082191782,150.8799080746791,71.35236242485576,0.19931562022819824,2.2102957051991696,0.8020392466485065,0.0005480825924864157,0.19741267075900712,-0.19801436511629517,-1.334349300469544,142.9459491234886,151.03473071144487,158.24579124957518,48.70167967279503,71.14116371525645,93.94707015372515,0.1811923347096565,0.19890720094472525,0.22205494862142466,1.5122937660699494,2.2106822774338344,2.92978348055666,0.7291117648613537,0.8003957814044962,0.8935415272671337,0.10584786102177456,0.19905725908358404,0.2703899883658513,-0.9413740867180019,-0.20284120559549212,0.5132929236061601,-2.7829323158260646,-1.3428868475482787,-0.12325035914051465,unanchored,
1.3458904109589043,151.51830771498575,70.9453699244404,0.19763958566187578,2.196831069691473,0.8044907697550604,0.0005518686654742858,0.1949573615794653,-0.2188487142356052,-1.3741821843548796,143.63067382144024,151.60963550578947,158.93010297898553,47.660460878310495,71.12103700802473,94.2811655794562,0.1796353594772474,0.19740155272994614,0.21994280759934146,1.4759354310112445,2.198413589612814,2.9451822186597933,0.7312046730775674,0.8035218581071544,0.8952759033324317,0.1041099507549262,0.19592693788630622,0.26829373142588925,-0.9881386649822445,-0.22506040326216625,0.506103483852484,-2.8910669816242334,-1.3786090978778502,-0.11901121410949789,unanchored,
1.3548630136986304,152.1530008008306,70.52616860589748,0.19599415184465915,2.183058698464985,0.8069823374199309,0.0005556951779538848,0.19246196740211524,-0.24011109450662332,-1.4158589490825715,144.27703075662916,152.21294969783406,159.56271393179694,46.621154097861535,70.88024037630235,94.63709951809116,0.1782138087315488,0.1958397983649617,0.21797655424690462,1.4421600579656106,2.18719201448042,2.9537571338093684,0.7337739140537153,0.8063468055397047,0.8974922343005758,0.10188974460562131,0.19309793691521743,0.2657208027364295,-1.030613793864196,-0.2507193898817348,0.4987806140727484,-3.020845155961208,-1.4201517950134614,-0.10433134547851017,unanchored,
1.3638356164383563,152.78387778733872,70.094758469227,0.19437889090384794,2.1689786775255406,0.8095149738595798,0.0005595631530998995,0.18992546298732027,-0.2618044966655985,-1.45948639104292,144.9650252023593,152.74564910152768,160.3318676793786,45.67374152293988,70.33566540257975,95.11720677305034,0.1765080279271141,0.19447620638124338,0.21591245211586227,1.4040247321680897,2.1764315236548257,2.974850113662322,0.7350895508715714,0.8099202562221531,0.8991941574406317,0.10018429022959786,0.18951990048035927,0.26440233125516027,-1.076527625119232,-0.2771998559942226,0.5049645369753041,-3.0973135052079868,-1.4610242085571818,-0.08715126891960909,unanchored,
1.3728082191780824,153.4108291296351,69.65113951442892,0.19279338238081647,2.154591005766626,0.8120897099860863,0.0005634736294820381,0.18734681638443165,-0.28393201870956103,-1.5051807554728491,145.68880835670313,153.2567220192757,160.89761583791173,44.42623646074888,69.70741141755207,95.37632894554133,0.17526893163839033,0.19318130368272235,0.2137724698109617,1.3681605834180963,2.1639507733024628,2.9727786694600176,0.7382727254748048,0.8137237230091054,0.9004584123581789,0.09891679882407114,0.18571166959104524,0.26121501928164825,-1.1231607617007342,-0.29530618204091097,0.5089138530769427,-3.2484414752472563,-1.4998181761493634,-0.06756925047679307,unanchored,
1.3817808219178083,154.0337452828448,69.19531174150329,0.191237213241843,2.1398955945647815,0.8147075841032759,0.0005674276616377086,0.18472498823508637,-0.30649686839159723,-1.5530687741453806,146.31293556451442,153.869925969998,161.7099350848103,43.00160501818445,69.57540369761657,95.4411111044714,0.17351249368948987,0.19164468636716991,0.21195258126083538,1.3287220606557701,2.149439409845733,2.9722208494528894,0.7391968443230219,0.8164434985725078,0.9029590658440212,0.09641204108896459,0.18298786473588197,0.2602883197468255,-1.1713999083744375,-0.3234751206344048,0.5128770768665664,-3.3882405795143318,-1.529272382224797,-0.04363858780035014,unanchored,
1.3907534246575344,154.65251670209278,68.72727515045005,0.18970997788355667,2.1248922673509347,0.8173696426114534,0.0005714263206616716,0.18205893106788493,-0.3295023657660724,-1.6032888432211543,146.93246953215674,154.56619173208765,162.31545511266472,41.7600435448185,69.31623039566648,95.80886984307116,0.1722203269543797,0.18992194281024677,0.21016897622412786,1.2828711654798717,2.1325545067352873,2.9880407760477787,0.7420150941113477,0.8182828981940418,0.9055176902174958,0.09384925881628302,0.1811450370247395,0.2574661602281837,-1.2134912505233795,-0.3406075957287669,0.5282937024660362,-3.5403190708311327,-1.573090336123932,-0.03622646827326805,unanchored,
1.3997260273972605,155.26703384250413,68.24702974126924,0.18821127813343771,2.109580759155918,0.820076940721237,0.0005754706948131752,0.17934758858394978,-0.3529519457870458,-1.6559923639040819,147.43653822006635,155.17607208037316,162.94527174323633,40.29661982136862,68.50835179265621,96.40216384662143,0.170891569983916,0.18843199576277603,0.208734344240664,1.2359651502853877,2.122683637800038,2.999686431240527,0.7446112544228077,0.821038654812051,0.9095003452820487,0.08986143314428774,0.17838519963173138,0.2548662312438767,-1.2810286527031256,-0.3683475462766814,0.5309508091235926,-3.7289032152514534,-1.6294105679991173,-0.005987520280406566,unanchored,
1.4086986301369864,155.8771871592038,67.75457551396087,0.1867407232457936,2.0939607161284908,0.8228305431770448,0.0005795618901411221,0.17658989493281402,-0.37684916096320825,-1.7113452728171592,148.05700769086573,155.80495475759838,163.5838640508559,38.73013642101502,68.22275630835188,96.95918197171083,0.16955993222149154,0.1869139124765777,0.20698850705842348,1.1941473846158506,2.109123647786472,3.007262741797021,0.7471272934250859,0.8235936621494981,0.9120477993978457,0.08730979840780073,0.17582623845640236,0.2523464663788689,-1.3256224818771434,-0.39806963799098694,0.5385521650568861,-3.956462078781731,-1.6871147748612754,0.00885546489328204,unanchored,
1.4176712328767125,156.48286710731688,67.2499124685249,0.18529792989360636,2.0780316950241673,0.8256315249908066,0.0005837010311278605,0.17378477397806552,-0.40119768407276374,-1.769529794218147,148.63295573263173,156.31831642227812,164.19924322456768,37.27349883062044,67.67608511322865,97.78868532742948,0.1682913742231894,0.18568824824425478,0.20538746541503475,1.1565777314991068,2.0872970736064103,3.0154388893981836,0.7498554572221625,0.8273706654942262,0.9151444184075734,0.08420859716355399,0.17204440394540146,0.24961441354908467,-1.375092664031353,-0.4175071599695972,0.5440639891735448,-4.157957930882043,-1.7314272673001025,0.02322884931302992,unanchored,
1.4266438356164386,157.08396414196832,66.73304060496137,0.18388252215663614,2.061793162663203,0.8284809721865004,0.0005878892613522036,0.1709311385521474,-0.4260013109417068,-1.8307464525385329,149.08131068603717,156.84185740100486,164.88513062077436,35.58557043595985,67.42843001796184,98.11208424779397,0.16689417404784568,0.1844506557970384,0.20415393366925097,1.1146416968085602,2.0708544083154443,3.0280643968863687,0.7519401297402326,0.8310406929539336,0.9198136258862237,0.07953367529357672,0.16836960140944224,0.2475262943029323,-1.430882089819304,-0.4352440660663297,0.5502116189844676,-4.365894858941362,-1.7614474039512547,0.04373019880936889,unanchored,
1.4356164383561645,157.6803687182832,66.20395992327029,0.18249413150614124,2.0452444953560414,0.8313799825561493,0.0005921277441723326,0.16802788969967836,-0.4512639632890958,-1.8952163915479634,149.70583418196426,157.42626618597637,165.4543497007016,34.11913438237337,66.68490455333838,98.80512133378755,0.16574780256471774,0.18308373653028132,0.2024541604030992,1.0659088112129416,2.055482010832682,3.033602567404722,0.7550895147570154,0.8340660185981801,0.9223109529891066,0.07703215616016622,0.16533994060164947,0.24437269330620193,-1.4885321271496421,-0.461664337508542,0.5600342945814271,-4.588579021557553,-1.8051946635383003,0.05493049071600239,unanchored,
1.4445890410958906,158.2719712913865,65.66267042345159,0.18113239678656431,2.0283849782945964,0.8343296664279475,0.0005964176634292726,0.16507391590862325,-0.47698969164296323,-1.963184056098847,150.13426309080998,158.01760537807021,166.14407437530448,32.62392517319884,65.98116697978773,99.2490351462406,0.1643745068502365,0.18171601522122063,0.20130034741978683,1.0124995460281652,2.043051562383756,3.0487764881392714,0.7571396939621841,0.8370179219942987,0.9272270156756335,0.07211015931357029,0.1623837386521199,0.24231906735803146,-1.5576519450021813,-0.4863411336054043,0.5610107226644027,-4.855648699292934,-1.8632855723320352,0.06291339745390494,unanchored,
1.4535616438356167,158.85866231640327,65.1091721055053,0.17979696419451469,2.01121380490769,0.8373311474471999,0.0006007602241716526,0.1620680923286284,-0.5031826783305964,-2.034920304383098,150.72871879964333,158.4963825242835,166.76174428424653,30.981408497316888,65.44992985517061,99.69944811973293,0.16315910489112392,0.1806198378789602,0.19971567008553762,0.9637195203489206,2.0259416077074865,3.0589990331207506,0.7598470926747208,0.841163346558501,0.9300944092414853,0.06923827564967121,0.15823314372830594,0.2396077396086319,-1.6123438003599304,-0.5166957919582249,0.5652690231821825,-5.101459020715165,-1.8915984045724552,0.0927305274586544,unanchored,
1.4625342465753426,159.44033224845847,64.54346496943147,0.1784874872553637,1.9937300761789853,0.8403855633708234,0.0006051566534025272,0.1590092799757741,-0.529847240547095,-2.1107260335745184,151.28748065908403,159.12365693460816,167.43128458504987,29.37586733712492,65.15135464671746,100.20934353098342,0.1618567959367809,0.17919861781970375,0.1982431479089314,0.9058048089151923,2.0093087398670244,3.0665365741084765,0.7620820749418692,0.8437338309112146,0.9334025712485696,0.06592529110305334,0.15565860136781134,0.2373691542817266,-1.6739459608503406,-0.540156881103237,0.5801005380987226,-5.438167561468562,-1.9541306188878471,0.11842930644648254,unanchored,
1.4715068493150687,160.0168715426772,63.96554901523006,0.17720362679775434,1.9759327999257406,0.843494066876146,0.0006096082008490382,0.15589632492300493,-0.5569878335060936,-2.1909364204729913,151.8407477074698,159.67771218933237,168.15504380639032,27.732888812596446,64.64109916588933,100.76094455363919,0.16046649257581513,0.1779572002893406,0.1968010855468433,0.8586054275175742,1.9969252536445592,3.0727469408629475,0.7638248542994295,0.8470810971226183,0.9367785017346544,0.06254447174024931,0.15230670226582016,0.2356231158600789,-1.7393431445029612,-0.5671086167328587,0.5836501964656845,-5.637730871294474,-2.002780138637511,0.14035627859193026,unanchored,
1.4804794520547946,160.5881706541844,63.37542424290106,0.17594505092631516,1.9578208900367122,0.846657826384827,0.0006141161397557758,0.1527280574754172,-0.5846090536767922,-2.2759259024183986,152.36794624054974,160.30180264035948,168.93119856333593,25.741548475089747,64.18907503630697,101.36565865325966,0.158995353340964,0.17657424692928733,0.19544157834710835,0.8032984816033487,1.9842568193457966,3.0873676074515615,0.7650948950040318,0.8496855541750763,0.9404762511784516,0.058841582275741065,0.14969813354825773,0.234350149843102,-1.8150010317439782,-0.5972865635078495,0.5965702827580107,-5.8807598682892,-2.058825768331493,0.17920257145506222,unanchored,
1.4894520547945207,161.15412003810516,62.773090652444495,0.17471143499285313,1.9393931656675019,0.8498780269027111,0.0006186817677027113,0.1495032913295862,-0.6127156421114422,-2.3661140537717555,152.76098928238576,160.8352907557411,169.5683010337014,23.81965605957986,63.68009335341479,101.8262479330161,0.15780287567484524,0.1754048164628442,0.19443714405603982,0.7468939935410548,1.9719924806847535,3.10752460886313,0.7676268964512679,0.8532509582487962,0.9458330895954524,0.05347837667464841,0.1461279046063041,0.23181429775519552,-1.8862869532063717,-0.6286220416556639,0.6019775357551617,-5.876005678334732,-2.1096221890466724,0.22209048316901786,unanchored,
1.4984246575342468,161.7146101495645,62.158548243860324,0.17350246156629023,1.9206483503916223,0.8531558708764874,0.0006233064074486273,0.14622082271606401,-0.6413124878676342,-2.4619725516407334,153.26378331994272,161.39359638072057,170.06896350098523,22.144741872740745,63.041804176248775,102.01231158388546,0.15687510730752208,0.1741933448992698,0.19316350417700665,0.6924565638037329,1.9557605594145475,3.1266100018298673,0.7713949276889968,0.8565531204964705,0.9498342337046518,0.049471827726685506,0.14282109110242866,0.2280414995600967,-1.9599102029192876,-0.6542120920566677,0.6193387804601395,-6.179183385237872,-2.150491500940436,0.2590635430228215,unanchored,
1.5073972602739727,162.26953144368738,61.53179701714862,0.17231782040159555,1.9015850713055678,0.856492579068069,0.000627991407801029,0.14287942952413,-0.6704046315298434,-2.564033473917305,153.61373440370872,162.03657974737342,170.71779172235298,20.32356590176511,62.22737245200547,102.44276022470362,0.15568493649521017,0.1728136415737272,0.19228440500023486,0.6378666677127449,1.9372076563213612,3.14344476918411,0.7738200986413847,0.8589570203747537,0.9557349644360713,0.04356427835894051,0.14041318125728766,0.2256125264799453,-2.0414427184206696,-0.6772422977794579,0.6378900410609932,-6.264955719260888,-2.172836327629762,0.30736385115930787,unanchored,
1.5163698630136988,162.81877437559882,60.8928369723093,0.17115720840795534,1.8822018580860833,0.8598893914476219,0.000632738144513541,0.13947787040786458,-0.6999972688348366,-2.6728992367221354,154.0696494508208,162.66069154102306,171.34880860709305,18.413568686993088,61.75731427537005,103.03853108740164,0.15454038256732014,0.1714900525023576,0.19114809438742197,0.5783465015151339,1.921661603925558,3.1563760039681013,0.7764068878896193,0.8615615915754735,0.9603230859398217,0.03897027312057079,0.13780443981384294,0.22302180345310815,-2.123534802243228,-0.7036250775879707,0.6510071677701078,-6.552991771251734,-2.1880547474442897,0.3248160115155105,unanchored,
1.525342465753425,163.3622294004239,60.24166810934242,0.17002032961641284,1.8624971419978857,0.8633475681062416,0.0006375480212118729,0.13601488387254654,-0.7300957544056864,-2.7892545619978533,154.49244683484338,163.16753242529643,172.15013859237953,16.55342748652737,61.15773417953136,103.2042309842265,0.15310501268664023,0.17042631970644503,0.19010329977404633,0.5237136131678625,1.9065723950084403,3.1429599510957265,0.7774531473154248,0.8654091483754677,0.9653270401203302,0.0339601040531328,0.13395178120785683,0.22197273429475545,-2.2008530329444,-0.7248390125797894,0.6527370495139797,-6.753296783326722,-2.1952145810302888,0.3844367655265402,unanchored,
1.5343150684931508,163.8997869732876,59.57829042824795,0.16890689514720045,1.8424692548499584,0.866868390189297,0.0006424224703494702,0.1324891873403536,-0.7607056055993302,-2.9138809761764217,154.76222999125162,163.74446593964035,172.88557930226847,14.711384199112238,60.76708003858373,103.99457058353002,0.1518051896783195,0.16922748300879747,0.1894411026234405,0.45828916179002344,1.885109119486395,3.1606128687350963,0.7790985695648603,0.8685137196073449,0.9722545874977512,0.027024889985823322,0.1308426385946646,0.22032405279238554,-2.275037854996493,-0.7659726610185886,0.6537618134082863,-7.071824929931072,-2.206561038449621,0.4334421377859598,unanchored,
1.543287671232877,164.43133754931495,58.902703929025925,0.1678166231769781,1.8221164278985829,0.8704531608515186,0.0006473629541940266,0.1288994761942874,-0.7918325064727488,-3.0476744872602297,154.95013211240752,164.09805343366168,173.5670620788385,12.63881298226943,60.20193592871935,104.58820824312758,0.1506154622549594,0.1684990053691231,0.18898193233149288,0.3891508594693449,1.8758718401814682,3.173158259481577,0.7812319346616876,0.8739926298553431,0.9802361484076308,0.01903484215523846,0.12535737485915127,0.21818705692122697,-2.3563953989844952,-0.7816161222049144,0.6636148142848824,-7.44557507918386,-2.16927229028288,0.5072910791676548,unanchored,
1.5522602739726028,164.95677158363097,58.21490861167631,0.1667492389061827,1.8014367906951798,0.8741032062349384,0.0006523709658460907,0.1252444227992155,-0.8234823118730199,-3.191667284041271,155.15792776579576,164.58977327630058,174.21968017642038,10.501057616810801,59.61623166714145,105.20201132503941,0.1494891757475433,0.16749369588020452,0.18847607068202674,0.3285841548440601,1.853870988366149,3.1908423613260615,0.7836255725992455,0.8780056661931668,0.9879957399650473,0.011266887456365487,0.1213390503112607,0.215789582764547,-2.444345039261961,-0.8192258614026218,0.6868632222731436,-7.824992504479756,-2.1407827818261156,0.554381864124828,unanchored,
1.561232876712329,165.47597953136065,57.51490447619912,0.16570447452668838,1.7804283698770016,0.8778198764708555,0.0006574480302910595,0.12152267549885347,-0.8556610516567289,-3.3470545672353467,155.3920762246379,165.09369619954742,175.04750835558738,8.309234835197254,59.005468835054515,105.64622000938785,0.14807859716331695,0.16647277284375644,0.18790849898856216,0.25844668090601475,1.827311434542934,3.1922395293123147,0.7844467461797168,0.8818899387652375,0.9954457526938818,0.0038087027281105104,0.11744956490890386,0.21496573811009273,-2.5320368316937825,-0.8438672207277913,0.6971861777207852,-7.752888748613584,-2.1174420512495584,0.6432020087646249,unanchored,
1.570205479452055,165.9888518476291,56.80269152259434,0.16468206918996683,1.759089087898671,0.8816045467070375,0.000662595705485913,0.11773285758747662,-0.8883749350443854,-3.515227986614568,155.85149171072538,165.64609260106738,175.83489282207407,5.83616938717469,58.82217635647565,105.93562146121202,0.14675538277977535,0.16536430345450712,0.1868023058967402,0.17825684606368064,1.7987953519475177,3.200334472767843,0.7856363072723892,0.8852568012147474,1.0000224251734045,-0.0007740213020592437,0.11407785812097404,0.2137732247618807,-2.6253831787251674,-0.8694197208734386,0.706233636440921,-8.052566714419786,-2.125428904992558,0.7175723534106777,unanchored,
1.579178082191781,166.49527898756122,56.078269750862006,0.16368176897593414,1.7374167617025023,0.8854586181614262,0.000667815583482109,0.11387356625509165,-0.9216303551157048,-3.697817662825373,156.16205490136286,166.16049166777594,176.75783171302527,3.5280046589946816,58.03720919592336,106.87101016306524,0.14522682577463833,0.16434202020229216,0.18606005942581358,0.10869112677013335,1.776594377820083,3.2040862830104313,0.7856241124158926,0.8890303362714395,1.0065170003046364,-0.007276118488204132,0.11029915434441429,0.2137833674885664,-2.7197941857121055,-0.9006752267911702,0.7026885720088815,-8.396189863546361,-2.103612620314528,0.7945847696282874,unanchored,
1.588150684931507,166.99515140628213,55.34163916100207,0.16270332686266087,1.7154091013254602,0.8893835192036597,0.000673109291586119,0.10994337150475422,-0.9554338934518632,-3.8967454801964356,156.3948255273683,166.67104311315163,177.40067447226102,1.325810803863669,57.185035686608394,107.46793917619836,0.1441762550867408,0.1633367287703836,0.18550662030615597,0.04256115569549373,1.7527806582478935,3.208261391632677,0.7881091776499954,0.8928458775255412,1.0140329271984245,-0.014800374503815099,0.10647839277726923,0.21129436019525774,-2.8118554338064503,-0.9266445987447659,0.7184978752222415,-8.774455596282332,-2.066726851803169,0.8577070178201811,unanchored,
1.5971232876712331,167.48835955891678,54.592799753014575,0.1617465026971215,1.6930637084406044,0.8933807064658099,0.0006784784935591777,0.10594081504063091,-0.9897923249310621,-4.114293342471305,156.54377937121032,167.12078919516227,178.4701045909738,-1.0610501378419233,56.344194801975,108.08482201547513,0.1424535251440642,0.16245885896068263,0.18515376352601226,-0.03349312741164235,1.7323013579214568,3.2212812117007656,0.7868190582770105,0.897315291334005,1.022666934403003,-0.02344359939704732,0.10200324204968503,0.2125833915346994,-2.911649216565938,-0.9544114983966758,0.73194188983813,-9.312816288159171,-2.106337527766767,0.9535478246833334,unanchored,
1.606095890410959,167.9747939005902,53.83175152689949,0.16081106316714902,1.6703780748307104,0.8974516659837423,0.0006839248908578526,0.10186440912539989,-1.0247126226839478,-4.353191533340096,156.69687721658912,167.65994827837082,179.31485769878353,-3.2195422698707254,55.35933164081677,108.35237376637225,0.14111448827074413,0.16141560153432785,0.1847921310479873,-0.10869875846196303,1.7096495130798268,3.2291774851164865,0.7875293533840257,0.9008254634954955,1.0312848046861303,-0.03207072037855391,0.09848804052911639,0.21187049069953265,-3.0237793955562497,-0.989123327191392,0.7341559893475198,-8.790004454916323,-2.004294546989895,1.0288981236076662,unanchored,
1.6150684931506851,168.4543448864275,53.05849448265685,0.15989678177476113,1.6473495807917828,0.9015979143706361,0.0006894502239171773,0.09771263540544675,-1.0602019632157944,-4.616734447278712,156.72720296506247,167.9980710494118,180.21703765125204,-5.43459650206697,54.586933604090234,108.89666693640424,0.13970516538449096,0.16076650360698258,0.18472062882842707,-0.17408368798807075,1.6876415765240256,3.2405052097280382,0.7877449710957449,0.9065019492193052,1.0415702670460518,-0.04236675386394968,0.09280485045058218,0.21165264181123403,-3.141273248105794,-1.0323125194375766,0.738919586546872,-8.995044467672098,-2.0183753889409264,1.0815076890125104,unanchored,
1.6240410958904112,168.92690297155355,52.273028620286595,0.15900343881101783,1.6239754934640083,0.9058210000241975,0.0006950562734781123,0.09348394370232437,-1.0962677317024967,-4.90893412025663,156.89960779957508,168.52556942821172,180.90792434912566,-7.654847775097844,53.86027735240961,109.33918505179787,0.1386401378402261,0.1597616568001135,0.18431493175732094,-0.25367021348086194,1.6626217019247351,3.2479653052687363,0.78981403950129,0.9101404649505836,1.0500171383226669,-0.05082283944819963,0.08916116435598653,0.20957991890437525,-3.2357770842292943,-1.0724412956578329,0.7664893575061379,-9.052191125750657,-1.904294985811978,1.12565712818385,unanchored,
1.6330136986301371,169.39235861109344,51.4753539397888,0.1581308213325668,1.6002529650876771,0.9101225043692253,0.0007007448619612271,0.08917675076881351,-1.1329175274678434,-5.234726793327849,157.14869689738632,168.91339641316637,181.7796943178374,-10.006789211616582,53.04052033408423,110.0996946468727,0.13731355902803372,0.15902889920575874,0.18373106361200423,-0.32545980902772925,1.6360752513932688,3.2571628943267403,0.790308677165567,0.9152913947612445,1.0574647898229848,-0.05827898023649058,0.08400388061212863,0.20908282810737322,-3.339576992989536,-1.1126791289320412,0.7738412032646452,-8.585978284160658,-1.687783208917177,1.176444499311247,unanchored,
1.6419863013698632,169.85060226017225,50.66547044116341,0.1572787231400323,1.5761790311814665,0.9145040431372305,0.0007065178548885748,0.08478943900788087,-1.1701591696497793,-5.600255186423305,157.4606631554418,169.29608779543307,182.54961606432133,-12.431974003044282,52.17426127438314,110.80922327609413,0.13615773594086547,0.15831071900394159,0.18300375889046513,-0.4095645517822551,1.6120853104026853,3.2707200052852525,0.7916951354664163,0.9205046284116014,1.0640833933121088,-0.0649054715982652,0.07878421786484668,0.20769322508482127,-3.457031180172986,-1.147993861730581,0.7857433163210954,-8.244718768635966,-1.614334315544363,1.2290102041823059,unanchored,
1.6509589041095891,170.30152437391493,49.84337812441046,0.15644694475839888,1.5517506086404214,0.9189672676848939,0.0007123771623558123,0.0803203551527503,-1.2080007030636835,-6.013260962995628,157.41642695112685,169.86859733206273,183.48335080702319,-14.562808097461549,51.29445415552375,111.74699185156219,0.13477546351524153,0.1572454028256588,0.1831066314071137,-0.48473220859555555,1.5872837165423253,3.2850450586874516,0.7916692757972028,0.9236573997265516,1.0755659116196754,-0.07639968298345479,0.0756265873527012,0.20771702757610727,-3.573446714651593,-1.186511071160474,0.7864052522751178,-7.869419019552763,-1.528689746455414,1.2819417659649985,unanchored,
1.6599315068493152,170.74501540744652,49.0090769895299,0.15563529341953958,1.526964493750827,0.9235138663532355,0.0007183247405567501,0.07576780890620774,-1.2464504042711064,-6.483641061927657,157.12070962984748,170.25275591496055,184.37398778427232,-16.657485020789533,50.663233323909196,112.57753699744863,0.1334765167291812,0.15653658606125848,0.18379652491827658,-0.5586457228563992,1.5641734135515772,3.295361480690383,0.7920273822444734,0.928861986525604,1.090617915899121,-0.09146621700214418,0.07041552887530833,0.2073565654312543,-3.709155716111817,-1.2174772991934946,0.7994522403659265,-8.271235119849544,-1.4868847265301481,1.3115405810154117,unanchored,
1.6689041095890413,171.180965815892,48.162567036521786,0.15484358304703846,1.5018173601191034,0.9281455658694383,0.0007243625933625811,0.07113007153719911,-1.2855167878626619,-7.024253690369533,157.45367188674666,170.63107953379506,185.2238987237932,-18.964497115734897,50.01653543268681,112.99538047845769,0.13225439768777209,0.15584320823039133,0.1830201028362299,-0.6408859212617104,1.5396963011164466,3.2926637379247934,0.7927440735038369,0.9341374039760166,1.097038014554419,-0.09789418769197596,0.06513355715617683,0.2066372367409433,-3.8475013519350942,-1.2525138792778938,0.8162616061667379,-8.376047579018106,-1.4638592908268344,1.3613535182260361,unanchored,
1.6778767123287672,171.60926605437643,47.30384826538609,0.1540716342434544,1.4763057565116888,0.9328641327933768,0.0007304927739581889,0.06640537443266505,-1.3252086129642744,-7.652115255661191,157.37240713058958,171.05163934510114,186.11648682953978,-21.369409774873954,49.30365264113503,113.61900156358662,0.13098889092379298,0.15507781766604067,0.18320907571620548,-0.7222257270741695,1.5196324616110106,3.310195345309142,0.7931040566760371,0.9389563147225879,1.1092838495359507,-0.11015249032496699,0.060308421932134385,0.20627489170236826,-3.9872186536687044,-1.2775176764921496,0.830883202498911,-8.704887754232963,-1.4490062083374093,1.4489606989065122,unanchored,
1.6868493150684933,172.02980657802485,46.432920676122826,0.1533192742801739,1.4504261046028168,0.9376713750109833,0.0007367173865380275,0.06159190760247867,-1.3655348899762854,-8.390228917677554,157.29563409684351,171.42563143949576,186.99087018753983,-23.634782366761744,48.52358148918262,113.96159454757239,0.12976673009677597,0.15440190314125618,0.18338796735769575,-0.8065032694208312,1.4900705597914756,3.32134170225844,0.7936285167784521,0.9442925261843351,1.1215657543390563,-0.1224469553796208,0.054965554268414415,0.2057479386169616,-4.095654465653445,-1.3119257008338103,0.8435794541435068,-8.456323804472976,-1.3682369223828879,1.5071475122600089,unanchored,
1.6958219178082194,172.44247784196222,45.54978426873195,0.15258633709000036,1.4241746966268987,0.9425691432766816,0.0007430385880641879,0.05668781813525419,-1.4065048875554027,-9.270471116031521,157.12427917755898,171.88841923702273,187.8426508691612,-26.348682675605406,47.268318320094544,114.88574334805516,0.12859253184282016,0.15357160448844542,0.18378817325411448,-0.8860475261380095,1.4641413567576174,3.333129176016962,0.7943525933083667,0.9486554198422109,1.1353117475147108,-0.13620672741502168,0.05059674368473357,0.20502120899190263,-4.205284835773699,-1.352193417066844,0.8575815349932083,-8.55011555532488,-1.245710126275523,1.5576798799624696,unanchored,
1.7047945205479453,172.8471703013136,44.65443904321354,0.15187266326262736,1.3975476929321569,0.9475593328072395,0.0007494585900894206,0.0516912086026711,-1.448128139849919,-10.33832643884108,156.93854399987637,172.19993517002064,188.76430776193612,-28.44861261534116,46.205521497339106,115.49863820523868,0.12733987034405603,0.15301647388156525,0.184223453616955,-0.9789228373258543,1.4449317153673997,3.3538860123555594,0.7944950723246222,0.9546957614682976,1.1494014067223084,-0.15031050943271787,0.04454913548476752,0.20487653308717468,-4.359112159915499,-1.3920389274286156,0.8735600650872147,-7.92243475630494,-1.018078937203183,1.6559093401875082,unanchored,
1.7137671232876714,173.24377441120404,43.74688499956752,0.1511781000431454,1.3705411194319388,0.9526438849294774,0.0007559796606479834,0.046600135409874635,-1.4904144539990853,-11.66101661787063,156.72595484537388,172.54252114733197,189.6434047995139,-30.97236659707569,45.293790378524406,116.31709314535885,0.1261620309265734,0.15240944373992374,0.18472356872222978,-1.0736278268003734,1.434213683777157,3.3725741195108854,0.7950059382819529,0.960403157222538,1.164029565759589,-0.16495329254777108,0.03883470567211949,0.20436317715672958,-4.495868909919004,-1.430769201409864,0.8888839164462152,-7.9425261709441,-0.9461944375221347,1.7049773772659715,unanchored,
1.7227397260273976,173.6321806267585,42.82712213779394,0.15050250133373205,1.343150864950073,0.9578247887844143,0.0007626041262173644,0.04141260708936829,-1.5333739179080397,-13.342247330617807,156.51359707373285,172.8633507812288,190.61133567913845,-33.52361837813352,44.715907291621654,116.73397173175002,0.124883973501429,0.15184424572308303,0.18522517559678528,-1.164803619011128,1.4144751873498276,3.389322460343294,0.7947839037991785,0.9663638896295423,1.1788060870838388,-0.1797446328351565,0.03286670755452696,0.20458330250871254,-4.642243659173617,-1.4700325755660197,0.9021987447639405,-6.471265558206316,-0.8460414715991635,1.8325568171086206,unanchored,
1.7317123287671234,174.012279403102,41.89515045789282,0.1498457276986773,1.3153726784563833,0.9631040830905289,0.0007693343737540546,0.036126582535717086,-1.5770169083102197,-15.550844997595869,156.23308445880855,173.18664286632844,191.5195206104491,-36.09492401688108,43.68925220060876,117.04870392936252,0.12370239228719765,0.15127786070978533,0.18589090683647994,-1.2579706110629116,1.3838246317947647,3.403519659385947,0.7950729121849902,0.9723088376852045,1.1947774163013076,-0.19573181297710204,0.026914475117773513,0.20429197793257436,-4.804887153906916,-1.497538392798829,0.9182618342595454,-5.969751295443078,-0.6688561268192457,1.8528991025192367,unanchored,
1.7406849315068496,174.38396119535963,40.95096995986406,0.14920764637290004,1.2872021661883848,0.9684838579689669,0.0007761728528067238,0.030739969178226422,-1.6213540991297426,-18.58138933852252,156.45721528922482,173.63019219328527,192.34757456126468,-38.59884401279497,42.534709079423436,117.60123905280602,0.12263960786866451,0.15050595105313355,0.1853587003196435,-1.3531916120905776,1.3584486012792603,3.4241436599602606,0.796034810921178,0.9769109537385043,1.2031347826842125,-0.20409901202980563,0.02230611967406497,0.20332722221438518,-4.942781255436473,-1.5441951414611221,0.9317541323571317,-5.660020439914772,-0.6113988338627088,1.889032917532304,unanchored,
1.7496575342465754,174.7471164586563,39.99458064370777,0.14858813127411222,1.258634788654972,0.973966256833649,0.0007831220777103143,0.025250621088640672,-1.6663964701568164,,156.57004115371853,173.9039319203819,193.30035005358,-41.13116979055406,41.77048950450342,118.41915897319313,0.12143363792021182,0.15003250486050904,0.18509174019296312,-1.4517477046508234,1.3296164049756671,3.4321309944796345,0.7959738423565959,0.9834338443411406,1.2132403027130245,-0.21421581419502542,0.0157754211235843,0.20338615119055656,-5.079544846275123,-1.5853606462861545,0.9530974316101292,-5.597418009329426,-0.5343255877931791,1.9452515129476373,unanchored,
1.7586301369863016,175.10163564811714,39.025982509423855,0.14798706301879175,1.2296658575177002,0.9795534783493767,0.0007901846298647415,0.019656337020758585,-1.7121553160498888,,156.48996933571897,174.22940768856932,194.3769022952175,-43.6872817270445,41.463455859641115,118.83575754946871,0.12009222818341209,0.14947247899036442,0.18528111094549948,-1.5579018606002737,1.3013736159781375,3.450027030509496,0.7949124568061099,0.9893857187632902,1.226409613089317,-0.2273989312302872,0.009816165150907318,0.20444630448733714,-5.231416592314579,-1.6308213021366669,0.9650821388635807,-5.532967060855207,-0.41863577350662406,1.953870753341958,unanchored,
1.7676027397260277,175.44740921886708,38.0451755570124,0.14740432894213026,1.2002905323451447,0.985247778461208,0.0007973631601020997,0.013954858378689865,-1.7586422556788877,,156.36154818925655,174.64297295998867,195.371525733324,-46.26871969663755,40.70318784846448,119.51340835691056,0.11887256154530233,0.14876539833434071,0.18558558209291265,-1.6650438097080003,1.2771991113537937,3.4624609394790005,0.7945419786720259,0.9943451408292655,1.240450560602307,-0.24145445992649228,0.004850133495572764,0.20481499678450624,-5.383455186141443,-1.6689852755324044,0.9775730548515101,-5.578871870318338,-0.3560618154779073,1.97176067988092,unanchored,
1.7765753424657535,175.78432762603123,37.05215978647335,0.14683982312212362,1.1705038172355047,0.9910514724985069,0.0008046603911464447,0.008143867110346665,-1.805869241824602,,156.00711556311688,174.9956583284418,196.48345159641258,-48.9509960930387,39.68860220980005,119.95326374853447,0.11753103685693256,0.1481663869971416,0.1864298164259327,-1.760594355832423,1.2364057253289211,3.4811174578703277,0.7932405846366749,1.0000047186530359,1.2582522925874446,-0.2592739002536557,-0.00081664841691693,0.20611536276180095,-5.530901429166882,-1.7193862402681477,0.9916927255692578,-5.552177364314847,-0.2833797969962078,1.990213620665107,unanchored,
1.7855479452054797,176.11228132473457,36.046935197806725,0.14629344640798145,1.1403005573025098,0.9969669373572676,0.0008120791201704586,0.0022209835225619396,-1.8538485712499746,,155.61993070959784,175.26342534333213,197.55653425943285,-51.8703099061744,38.43932903512546,120.46085089344801,0.11625768556695518,0.14771398934618107,0.18735863937716038,-1.8562425133595215,1.2045150953119563,3.491220952783511,0.7922779288464967,1.006647715117686,1.276819799339155,-0.2778598325242194,-0.007467679712481235,0.2070767214038981,-5.691388310844578,-1.7602023199509285,1.0048670550979486,-5.506382377006141,-0.25488788327744744,2.0206239221754254,unanchored,
1.7945205479452058,176.43116077010203,35.029501791012514,0.14576510645303456,1.109675435019372,1.002996613764487,0.0008196222214535183,-0.0038162359859405287,-1.9025928951599034,,155.150091460102,175.67277167102057,198.75986972411462,-54.65567094793146,37.471697352585615,121.07133510986228,0.11485420022565096,0.1470263758872839,0.1884951204186666,-1.9649442683681344,1.172460624281958,3.499962487946524,0.7903014425477276,1.0116752955311987,1.2970180044561403,-0.2980778931571477,-0.012502009741130872,0.2090527440815495,-5.863164158173232,-1.8030942264194274,1.018836937740308,-5.124756035016418,-0.18030663774571976,2.0552361657459968,unanchored,
1.8034931506849317,176.74085641725875,33.99985956609076,0.1452547177523271,1.0786229664153326,1.0091430086285347,0.000827292649145909,-0.009970301277680586,-1.952115230066855,,154.64521932351334,176.04485724365236,199.91811450173918,-56.97265984531972,36.769572062074566,121.94528610014706,0.11352718566255766,0.146405528136382,0.18972792522981283,-2.0820342333624784,1.133670220192327,3.5075452369442996,0.7887190686362975,1.0171381517212796,1.3181162873740508,-0.3191968754630929,-0.017971998766633954,0.21063434165129807,-6.04342493863614,-1.8569533422281423,1.0358351063155853,-4.86294381368788,-0.13277508154900147,2.0625493862104634,unanchored,
1.8124657534246578,177.0412587213297,32.95800852304138,0.14476220168508744,1.0471374971190746,1.0154086974797232,0.0008350934401442251,-0.016243790919867402,-2.002428969080672,,154.27666752029788,176.23934134451162,200.85041223060924,-59.8570962992271,35.92662242345446,122.42801749821086,0.1124757022406479,0.14608258714540087,0.19063546494520595,-2.202425829318076,1.1039675348952425,3.5159264087032023,0.7889407938043166,1.0246703062755373,1.3371785376306125,-0.33827826134565303,-0.025513016657283276,0.2104103647161851,-6.228868324963996,-1.903097448568147,1.0442998751447998,-4.845380500876479,-0.056546788585565944,2.1228207082282595,unanchored,
1.8214383561643837,177.33225813743994,31.903948661864476,0.14428748656227716,1.0152131982430224,1.0217963270054198,0.0008430277170831908,-0.02263935472250297,-2.0535478936415696,,153.50126401855022,176.6023580246197,201.6234507780154,-63.25485712105564,34.890820969762686,123.49960647028028,0.11161487556598282,0.1454826361968906,0.19256628918849597,-2.320476101960265,1.080360924690826,3.5306992644574997,0.7904196864865556,1.0302599820039617,1.3636908624986122,-0.3648159685145915,-0.031109992615348837,0.20892818188385706,-6.419707762289139,-1.947520960958025,1.0570618253872304,-4.80006347409149,0.04901563526852937,2.1880214014506736,unanchored,
1.8304109589041098,177.6137451207144,30.837679982559948,0.14383050767942834,0.982844062102219,1.0283086176843532,0.0008510986914494898,-0.02915971637580271,-2.1054861857166385,,153.09125250774017,176.92517644239592,202.73658367462284,-66.08040386838722,33.84359412396414,124.0251945189935,0.11039258724183235,0.1449522237443525,0.19359914019233956,-2.441426969243429,1.0463290376019048,3.5574665168118584,0.7892459716700568,1.0363282674427157,1.384126827110809,-0.3852724253398766,-0.03718600374596559,0.2101007942694985,-6.609896960321384,-1.9993211158137472,1.0659286331772666,-4.848101262053669,0.10392448838129009,2.206966297553928,unanchored,
1.8393835616438359,177.88561012627824,29.75920248512784,0.14339120737498529,0.9500238977612491,1.0349483665249424,0.0008593096668234373,-0.035807676191765815,-2.158258440480872,,152.52547854310208,177.22381974697402,203.76684951282388,-68.89595489306386,32.53736934585325,124.54986939470211,0.10927911696909888,0.14446411283735344,0.19503805824253392,-2.5636468425948253,1.0113954640389233,3.56993523465919,0.788739042462286,1.0426922287605798,1.4077175545389868,-0.40888637159488905,-0.043557968096643584,0.21060607357856084,-6.803470840745568,-2.0496226866069267,1.0804731721746166,-4.902023611438352,0.1526482609962525,2.2286771782609076,unanchored,
1.8483561643835618,178.14774360925637,28.668516169568207,0.14296953509438004,0.9167463264022677,1.0417184499127738,0.0008676640422546683,-0.042586113955028516,-2.2118796795050724,,152.10136122388627,177.47020000343386,204.8167773838329,-71.69670108593675,31.365869571807444,125.58190935834848,0.10816160191329936,0.1440633023394769,0.19612726045908457,-2.687604572239626,0.9824202136254173,3.583898728334215,0.7880975216910655,1.0496879625671691,1.4290414081307845,-0.43023167969104326,-0.05056226454462113,0.21124605921467862,-6.999691376426889,-2.102538819724698,1.093697527624931,-5.092596139859903,0.1554983053532164,2.2203335552775263,unanchored,
1.8573287671232879,178.4000360247738,27.56562103588094,0.14256544746007666,0.8830047765069259,1.0486218265726104,0.0008761653157783515,-0.049497991888388736,-2.266365364474019,,151.53982550686894,177.77666283258873,205.7988871332371,-74.52268731573166,30.019423809984957,126.12901814842098,0.10713172898441856,0.14356701342447686,0.19758347224153663,-2.820191212240167,0.9497748843079944,3.595963930212533,0.787993664193999,1.0559887163045452,1.4532998370485204,-0.45451412696542026,-0.056871036950209466,0.21134793570395813,-7.182721278371526,-2.1573489037970974,1.1007307178495345,-4.83015426363459,0.26264085292106865,2.232819478025313,unanchored,
1.866301369863014,178.6423778279556,26.45051708406616,0.14217890834783506,0.8487924788446208,1.055661540650597,0.0008848170880787765,-0.056546357738675695,-2.321731411459485,,150.8446090752966,178.013570504867,206.81059736395858,-77.25216330721307,28.618347575906768,126.71270758999043,0.10608612344787689,0.1431851356578088,0.19940901830726843,-2.955812221837443,0.9175829012655428,3.6075788522934835,0.7876768911929857,1.0631326591493608,1.4805883230645824,-0.48182929831868726,-0.06402373825709301,0.21166290670020768,-7.404415505139609,-2.2099631284603665,1.1154442186321067,-4.703011427120572,0.2931979813204727,2.264080491785365,unanchored,
1.8752739726027399,178.8746594739268,25.323204314123736,0.14180988896945385,0.8141024612590753,1.062840724922654,0.0008936230663075586,-0.06373434798896147,-2.3779942057741166,,150.07465206362087,178.37177463087346,207.81655875818439,-79.94884500196126,27.29686671807506,127.85555972316155,0.10506156408426193,0.14261072218299697,0.2014603126357184,-3.0949116110503527,0.8839714727842645,3.61914567596523,0.7874183510352893,1.0688428321057972,1.509910389754366,-0.5111799033519374,-0.06974150166806559,0.21191959755397818,-7.65841707239523,-2.2555706093013517,1.13427248952777,-4.322094738030294,0.37803374807285817,2.2818491865043673,unanchored,
1.884246575342466,179.0967714178124,24.1836827260538,0.14145836796226577,0.7789275432449492,1.0701626041353582,0.0009025870680640969,-0.07106519120342233,-2.435170617433382,,149.1491957387475,178.706718247066,208.9534801272351,-82.8186129621781,26.33680018396604,128.69782248799208,0.10392138833165021,0.14207656036401406,0.2039681511634155,-3.237722407373633,0.8568235709179288,3.6294877713763936,0.7861873791165667,1.0748393609793798,1.5430623932261214,-0.544363829247115,-0.07574589247629201,0.21314954168525937,-7.9109519401673625,-2.3105492769077403,1.1541339171685971,-4.335755344761197,0.43508472318397207,2.2994497932031948,unanchored,
1.893219178082192,179.3086041147374,23.031952319856224,0.14112433148567313,0.7432603303056531,1.0776304984859555,0.0009117130255463316,-0.07854221151150183,-2.4932780172543985,,148.41910903864678,178.88915452873476,210.21588755200077,-86.08854776350525,25.112426170621493,129.5601756802632,0.10267698175717932,0.14178696907572552,0.2059797855771535,-3.3843942026796854,0.8344459488942219,3.6435969070346985,0.7840451456470171,1.0826904230855359,1.572869091196173,-0.5741997933616533,-0.0836064169839529,0.2152915247860237,-8.136164384853858,-2.359026876612963,1.1851045752719742,-3.955409608743305,0.4937368677136458,2.3185129450827078,unanchored,
1.902191780821918,179.51004801982683,21.868013095531126,0.1408077733250249,0.7070932080832243,1.0852478272485429,0.0009210049898803399,-0.08616883223842318,-2.5523342936219255,,147.83840510222743,179.0697838186474,211.50537932871435,-89.24216015708025,23.806599413308472,130.21484113896813,0.1014288111679826,0.14150117714485194,0.20760112482730914,-3.535084918086185,0.8061466795876422,3.653411414070963,0.7817423309888589,1.090592098882866,1.6000442612861756,-0.6014021527388682,-0.09151763933526344,0.21759423659546254,-8.374812322359242,-2.408538679015662,1.2019298435328067,-4.105415670398288,0.5746067492799936,2.3138676335633015,unanchored,
1.911164383561644,179.70099358820573,20.691865053078402,0.1405086950031534,0.6704183362505266,1.0930181125538008,0.0009304671356377275,-0.0939485796894385,-2.6123578699534264,,147.09330502635154,179.41676236258684,212.58474952386936,-92.22625494074632,22.79403738908688,130.96468157851868,0.10040153834712742,0.14095428535187593,0.2097097056716462,-3.6899613844630172,0.7687229459305439,3.6653216294148376,0.7810242628700835,1.09648436296572,1.631333254303526,-0.6327219796713572,-0.09741778085949711,0.21831086488270512,-8.628411613974151,-2.451602022974765,1.218111764681071,-3.8420613977304443,0.6156014680574746,2.3193718605723874,unanchored,
1.92013698630137,179.88133127499904,19.50350819249815,0.14022710589990525,0.6332276421556734,1.100944983330125,0.0009401037655503438,-0.10188508709567537,-2.673367722896903,,146.33604414786467,179.60531874948455,213.46181364670068,-95.19735505321897,21.860106403055546,131.7440126472981,0.09957812908404037,0.14065868121564234,0.21188564588399847,-3.8491999724338153,0.7329081676630191,3.6631282834652135,0.7818034962707445,1.1043333487658988,1.6635474103142645,-0.6649679237897675,-0.10527634587775947,0.21752891686352352,-8.899716737896977,-2.481170649750852,1.2363770110869354,-3.773451146606738,0.6736292576342179,2.3310430658022754,unanchored,
1.929109589041096,180.05095153533196,18.302942513790267,0.13996302338001887,0.5955128142079349,1.1090321794144025,0.0009499193154323495,-0.10998209872983482,-2.7353834012970015,,145.25302529820814,179.82503012258354,214.7137098142238,-98.27118960100141,20.847247380385653,132.15491901519454,0.0984202872433422,0.14031494771234054,0.21505727821939127,-4.012987276857596,0.6991734588570551,3.67114838426682,0.7798578726305062,1.1118207402773952,1.7040603739675295,-0.7055199527732134,-0.11277304807882027,0.21947415571794537,-9.18622875005638,-2.5225916895249703,1.2542071111688604,-3.848690006061986,0.6993773250283823,2.329265081427986,unanchored,
1.9380821917808222,180.20974482432933,17.09016801695481,0.13971647292972186,0.5572652949939492,1.1172835558411747,0.000959918359320254,-0.11824347420049493,-2.798425045966856,,144.06913602819625,180.07757686247623,216.00512049463663,-101.49401286628499,19.843762166409693,132.88133081108302,0.09724697097896208,0.1399217490417302,0.21860619925523433,-4.18152086135826,0.6658506383887748,3.683239862941109,0.7776637876108642,1.1189251061862748,1.7481482785188058,-0.7496502066717724,-0.11988643488973347,0.22166807962802643,-9.47818375443115,-2.586745242807659,1.276710462431418,-3.708179740870779,0.7333863702835297,2.3607300326612726,unanchored,
1.947054794520548,180.35760159711623,15.865184701991826,0.1394874883024392,0.5184762741123814,1.125703087319421,0.0009701056148421702,-0.1266731929342631,-2.86251341030525,,143.12608145541586,180.86487783883445,217.31500892924183,-104.65641488588012,18.808138074956275,133.34296878592394,0.096078177079309,0.13870613753340313,0.2214963720170074,-4.354168554933931,0.6259509381848125,3.703195759381087,0.7753777910725266,1.119397367833841,1.787537741513954,-0.7890782013557354,-0.12036203932138312,0.22395400577762287,-9.7654882728384,-2.6567517546393136,1.2961727469123667,-3.7248613299359676,0.7898156798259501,2.3564634162797087,unanchored,
1.9560273972602742,180.4944123088177,14.627992568901213,0.13927611167402892,0.4791366807146223,1.134294872906717,0.0009804859488281494,-0.1352753588555452,-2.927669881800841,,142.1280286030107,181.00330461235993,218.50542460789757,-108.20371675583843,17.477525451634598,134.40649794880312,0.09503415443820205,0.13849415574131713,0.2246181181984766,-4.531837656878531,0.5838467062695426,3.7229951771175456,0.7739787737797593,1.127926454125829,1.8293386911231304,-0.8309199738434672,-0.12890143520526195,0.2253521979714947,-10.040709524960382,-2.720069637624664,1.3066379151319532,-3.6112499189453997,0.8137596778439233,2.364161782309276,unanchored,
1.965,180.62006741455875,13.378591617683075,0.13908239380798243,0.43923717573845783,1.143063140891111,0.000991064383174201,-0.14405420527428514,-2.9939165044675717,,141.18787445002567,181.2100099397788,219.82411054093075,-111.76306645765595,16.195897722908178,135.2529947218072,0.0938973901347717,0.13817830104270346,0.22761945024891594,-4.7149840489358334,0.5371533108769357,3.7338374440068804,0.7717054815515412,1.1356327603257355,1.870714161625977,-0.8723361176757904,-0.13661738238278764,0.22762543046048492,-10.323727096656869,-2.7983752778512527,1.322419399364601,-3.624468035634907,0.8254856105428625,2.368421564473592,unanchored,
